{"type":"FeatureCollection","features":[{"type":"Feature","properties":{"SCALERANK":8,"NATSCALE":10,"LABELRANK":1,"FEATURECLA":"Populated place","NAME":"Linxia","NAMEPAR":null,"NAMEALT":null,"NAMEASCII":"Linxia","ADM0CAP":0,"CAPIN":null,"WORLDCITY":0,"MEGACITY":0,"SOV0NAME":"China","SOV_A3":"CHN","ADM0NAME":"China","ADM0_A3":"CHN","ADM1NAME":"Gansu","ISO_A2":"CN","NOTE":null,"LATITUDE":35.600009,"LONGITUDE":103.200047,"POP_MAX":534555,"POP_MIN":202402,"POP_OTHER":531633,"RANK_MAX":11,"RANK_MIN":10,"MEGANAME":null,"LS_NAME":"Linxia","MAX_POP10":534555,"MAX_POP20":0,"MAX_POP50":0,"MAX_POP300":0,"MAX_POP310":0,"MAX_NATSCA":10,"MIN_AREAKM":244,"MAX_AREAKM":244,"MIN_AREAMI":94,"MAX_AREAMI":94,"MIN_PERKM":272,"MAX_PERKM":272,"MIN_PERMI":169,"MAX_PERMI":169,"MIN_BBXMIN":102.941667,"MAX_BBXMIN":102.941667,"MIN_BBXMAX":103.275,"MAX_BBXMAX":103.275,"MIN_BBYMIN":35.366667,"MAX_BBYMIN":35.366667,"MIN_BBYMAX":35.808333,"MAX_BBYMAX":35.808333,"MEAN_BBXC":103.161378,"MEAN_BBYC":35.594425,"TIMEZONE":"Asia/Chongqing","UN_FID":0,"POP1950":0,"POP1955":0,"POP1960":0,"POP1965":0,"POP1970":0,"POP1975":0,"POP1980":0,"POP1985":0,"POP1990":0,"POP1995":0,"POP2000":0,"POP2005":0,"POP2010":0,"POP2015":0,"POP2020":0,"POP2025":0,"POP2050":0,"MIN_ZOOM":7,"WIKIDATAID":"Q653608","WOF_ID":890512943,"CAPALT":0,"NAME_EN":"Linxia City","NAME_DE":"Linxia","NAME_ES":"Ciudad de Linxia","NAME_FR":"Linxia","NAME_PT":"Linxia","NAME_RU":"Линься","NAME_ZH":"临夏","LABEL":null,"NAME_AR":"لينشيا","NAME_BN":"লিনশিয়া নগরী","NAME_EL":"Λινξιά","NAME_HI":"लिंज़ीया सिटी","NAME_HU":"Linxia","NAME_ID":"Linxia","NAME_IT":"Linxia","NAME_JA":"臨夏市","NAME_KO":"린샤시","NAME_NL":"Linxia","NAME_PL":"Linxia","NAME_SV":"Linxia","NAME_TR":"Linxia Şehri","NAME_VI":"Lâm Hạ","NE_ID":1159129781,"NAME_FA":"لینیکسیا","NAME_HE":"לינקסיה","NAME_UK":"Лінься","NAME_UR":"لنشیا شہر","NAME_ZHT":"临夏市","GEONAMESID":1803331,"FCLASS_ISO":null,"FCLASS_US":null,"FCLASS_FR":null,"FCLASS_RU":null,"FCLASS_ES":null,"FCLASS_CN":null,"FCLASS_TW":null,"FCLASS_IN":null,"FCLASS_NP":null,"FCLASS_PK":null,"FCLASS_DE":null,"FCLASS_GB":null,"FCLASS_BR":null,"FCLASS_IL":null,"FCLASS_PS":null,"FCLASS_SA":null,"FCLASS_EG":null,"FCLASS_MA":null,"FCLASS_PT":null,"FCLASS_AR":null,"FCLASS_JP":null,"FCLASS_KO":null,"FCLASS_VN":null,"FCLASS_TR":null,"FCLASS_ID":null,"FCLASS_PL":null,"FCLASS_GR":null,"FCLASS_IT":null,"FCLASS_NL":null,"FCLASS_SE":null,"FCLASS_BD":null,"FCLASS_UA":null,"FCLASS_TLC":null},"bbox":[103.200047,35.600009,103.200047,35.600009],"geometry":{"type":"Point","coordinates":[103.200047,35.600009]}},{"type":"Feature","properties":{"SCALERANK":8,"NATSCALE":10,"LABELRANK":1,"FEATURECLA":"Populated place","NAME":"Zhuozhou","NAMEPAR":null,"NAMEALT":null,"NAMEASCII":"Zhuozhou","ADM0CAP":0,"CAPIN":null,"WORLDCITY":0,"MEGACITY":0,"SOV0NAME":"China","SOV_A3":"CHN","ADM0NAME":"China","ADM0_A3":"CHN","ADM1NAME":"Beijing","ISO_A2":"CN","NOTE":null,"LATITUDE":39.540053,"LONGITUDE":115.789976,"POP_MAX":628000,"POP_MIN":202000,"POP_OTHER":2693698,"RANK_MAX":11,"RANK_MIN":10,"MEGANAME":null,"LS_NAME":"Zuozhou","MAX_POP10":24768,"MAX_POP20":0,"MAX_POP50":0,"MAX_POP300":0,"MAX_POP310":0,"MAX_NATSCA":10,"MIN_AREAKM":20,"MAX_AREAKM":20,"MIN_AREAMI":8,"MAX_AREAMI":8,"MIN_PERKM":37,"MAX_PERKM":37,"MIN_PERMI":23,"MAX_PERMI":23,"MIN_BBXMIN":115.758333,"MAX_BBXMIN":115.758333,"MIN_BBXMAX":115.841667,"MAX_BBXMAX":115.841667,"MIN_BBYMIN":39.525,"MAX_BBYMIN":39.525,"MIN_BBYMAX":39.591667,"MAX_BBYMAX":39.591667,"MEAN_BBXC":115.8025,"MEAN_BBYC":39.551944,"TIMEZONE":null,"UN_FID":0,"POP1950":0,"POP1955":0,"POP1960":0,"POP1965":0,"POP1970":0,"POP1975":0,"POP1980":0,"POP1985":0,"POP1990":0,"POP1995":0,"POP2000":0,"POP2005":0,"POP2010":0,"POP2015":0,"POP2020":0,"POP2025":0,"POP2050":0,"MIN_ZOOM":7,"WIKIDATAID":"Q198244","WOF_ID":1141906517,"CAPALT":0,"NAME_EN":"Zhuozhou","NAME_DE":"Zhuozhou","NAME_ES":"Zhuozhou","NAME_FR":"Zhuozhou","NAME_PT":"Zhuozhou","NAME_RU":"Чжочжоу","NAME_ZH":"涿州","LABEL":null,"NAME_AR":"تشوتشو","NAME_BN":"চুওচৌ","NAME_EL":"Ζούοζου","NAME_HI":"ज़हॉज़होउ","NAME_HU":"Zhuozhou","NAME_ID":"Zhuozhou","NAME_IT":"Zhuozhou","NAME_JA":"涿州市","NAME_KO":"줘저우시","NAME_NL":"Zhuozhou","NAME_PL":"Zhuozhou","NAME_SV":"Zhuozhou","NAME_TR":"Xhuozhou","NAME_VI":"Trác Châu","NE_ID":1159129785,"NAME_FA":"ژوژو","NAME_HE":"ג'ואוז'ו","NAME_UK":"Чжочжоу","NAME_UR":"ژووژوو","NAME_ZHT":"涿州市","GEONAMESID":1783851,"FCLASS_ISO":null,"FCLASS_US":null,"FCLASS_FR":null,"FCLASS_RU":null,"FCLASS_ES":null,"FCLASS_CN":null,"FCLASS_TW":null,"FCLASS_IN":null,"FCLASS_NP":null,"FCLASS_PK":null,"FCLASS_DE":null,"FCLASS_GB":null,"FCLASS_BR":null,"FCLASS_IL":null,"FCLASS_PS":null,"FCLASS_SA":null,"FCLASS_EG":null,"FCLASS_MA":null,"FCLASS_PT":null,"FCLASS_AR":null,"FCLASS_JP":null,"FCLASS_KO":null,"FCLASS_VN":null,"FCLASS_TR":null,"FCLASS_ID":null,"FCLASS_PL":null,"FCLASS_GR":null,"FCLASS_IT":null,"FCLASS_NL":null,"FCLASS_SE":null,"FCLASS_BD":null,"FCLASS_UA":null,"FCLASS_TLC":null},"bbox":[115.789976,39.540053,115.789976,39.540053],"geometry":{"type":"Point","coordinates":[115.789976,39.540053]}},{"type":"Feature","properties":{"SCALERANK":8,"NATSCALE":10,"LABELRANK":1,"FEATURECLA":"Populated place","NAME":"Chaozhou","NAMEPAR":null,"NAMEALT":null,"NAMEASCII":"Chaozhou","ADM0CAP":0,"CAPIN":null,"WORLDCITY":0,"MEGACITY":0,"SOV0NAME":"China","SOV_A3":"CHN","ADM0NAME":"China","ADM0_A3":"CHN","ADM1NAME":"Guangdong","ISO_A2":"CN","NOTE":null,"LATITUDE":23.680039,"LONGITUDE":116.630028,"POP_MAX":424787,"POP_MIN":424787,"POP_OTHER":3797614,"RANK_MAX":10,"RANK_MIN":10,"MEGANAME":null,"LS_NAME":"Chaozhou","MAX_POP10":3922073,"MAX_POP20":0,"MAX_POP50":0,"MAX_POP300":0,"MAX_POP310":0,"MAX_NATSCA":10,"MIN_AREAKM":1691,"MAX_AREAKM":1691,"MIN_AREAMI":653,"MAX_AREAMI":653,"MIN_PERKM":960,"MAX_PERKM":960,"MIN_PERMI":597,"MAX_PERMI":597,"MIN_BBXMIN":115.916667,"MAX_BBXMIN":115.916667,"MIN_BBXMAX":117.066667,"MAX_BBXMAX":117.066667,"MIN_BBYMIN":23.444406,"MAX_BBYMIN":23.444406,"MIN_BBYMAX":23.816667,"MAX_BBYMAX":23.816667,"MEAN_BBXC":116.46421,"MEAN_BBYC":23.600349,"TIMEZONE":"Asia/Shanghai","UN_FID":0,"POP1950":0,"POP1955":0,"POP1960":0,"POP1965":0,"POP1970":0,"POP1975":0,"POP1980":0,"POP1985":0,"POP1990":0,"POP1995":0,"POP2000":0,"POP2005":0,"POP2010":0,"POP2015":0,"POP2020":0,"POP2025":0,"POP2050":0,"MIN_ZOOM":7,"WIKIDATAID":"Q59227","WOF_ID":102027705,"CAPALT":0,"NAME_EN":"Chaozhou","NAME_DE":"Chaozhou","NAME_ES":"Chaozhou","NAME_FR":"Chaozhou","NAME_PT":"Chaozhou","NAME_RU":"Чаочжоу","NAME_ZH":"潮州","LABEL":null,"NAME_AR":"شاوزو","NAME_BN":"ছাওচৌ","NAME_EL":"Τσαοτζόου","NAME_HI":"चायोज़होउ","NAME_HU":"Chaozhou","NAME_ID":"Chaozhou","NAME_IT":"Chaozhou","NAME_JA":"潮州市","NAME_KO":"차오저우시","NAME_NL":"Chaozhou","NAME_PL":"Chaozhou","NAME_SV":"Chaozhou","NAME_TR":"Chaozhou","NAME_VI":"Triều Châu","NE_ID":1159129799,"NAME_FA":"چاوژو","NAME_HE":"צ'אוז'ו","NAME_UK":"Чаочжоу","NAME_UR":"چاوژوو","NAME_ZHT":"潮州市","GEONAMESID":1815395,"FCLASS_ISO":null,"FCLASS_US":null,"FCLASS_FR":null,"FCLASS_RU":null,"FCLASS_ES":null,"FCLASS_CN":null,"FCLASS_TW":null,"FCLASS_IN":null,"FCLASS_NP":null,"FCLASS_PK":null,"FCLASS_DE":null,"FCLASS_GB":null,"FCLASS_BR":null,"FCLASS_IL":null,"FCLASS_PS":null,"FCLASS_SA":null,"FCLASS_EG":null,"FCLASS_MA":null,"FCLASS_PT":null,"FCLASS_AR":null,"FCLASS_JP":null,"FCLASS_KO":null,"FCLASS_VN":null,"FCLASS_TR":null,"FCLASS_ID":null,"FCLASS_PL":null,"FCLASS_GR":null,"FCLASS_IT":null,"FCLASS_NL":null,"FCLASS_SE":null,"FCLASS_BD":null,"FCLASS_UA":null,"FCLASS_TLC":null},"bbox":[116.630028,23.680039,116.630028,23.680039],"geometry":{"type":"Point","coordinates":[116.630028,23.680039]}},{"type":"Feature","properties":{"SCALERANK":8,"NATSCALE":10,"LABELRANK":1,"FEATURECLA":"Populated place","NAME":"Yangquan","NAMEPAR":null,"NAMEALT":null,"NAMEASCII":"Yangquan","ADM0CAP":0,"CAPIN":null,"WORLDCITY":0,"MEGACITY":0,"SOV0NAME":"China","SOV_A3":"CHN","ADM0NAME":"China","ADM0_A3":"CHN","ADM1NAME":"Shanxi","ISO_A2":"CN","NOTE":null,"LATITUDE":37.869974,"LONGITUDE":113.570008,"POP_MAX":981448,"POP_MIN":722155,"POP_OTHER":647292,"RANK_MAX":11,"RANK_MIN":11,"MEGANAME":null,"LS_NAME":"Yangquan","MAX_POP10":981448,"MAX_POP20":0,"MAX_POP50":0,"MAX_POP300":0,"MAX_POP310":0,"MAX_NATSCA":10,"MIN_AREAKM":365,"MAX_AREAKM":365,"MIN_AREAMI":141,"MAX_AREAMI":141,"MIN_PERKM":423,"MAX_PERKM":423,"MIN_PERMI":263,"MAX_PERMI":263,"MIN_BBXMIN":113.325,"MAX_BBXMIN":113.325,"MIN_BBXMAX":113.708333,"MAX_BBXMAX":113.708333,"MIN_BBYMIN":37.658333,"MAX_BBYMIN":37.658333,"MIN_BBYMAX":38.125,"MAX_BBYMAX":38.125,"MEAN_BBXC":113.555932,"MEAN_BBYC":37.913213,"TIMEZONE":"Asia/Shanghai","UN_FID":0,"POP1950":0,"POP1955":0,"POP1960":0,"POP1965":0,"POP1970":0,"POP1975":0,"POP1980":0,"POP1985":0,"POP1990":0,"POP1995":0,"POP2000":0,"POP2005":0,"POP2010":0,"POP2015":0,"POP2020":0,"POP2025":0,"POP2050":0,"MIN_ZOOM":7,"WIKIDATAID":"Q72907","WOF_ID":102026975,"CAPALT":0,"NAME_EN":"Yangquan","NAME_DE":"Yangquan","NAME_ES":"Yangquan","NAME_FR":"Yangquan","NAME_PT":"Yangquan","NAME_RU":"Янцюань","NAME_ZH":"阳泉","LABEL":null,"NAME_AR":"يانغتشوان","NAME_BN":"ইয়াংকুয়ান","NAME_EL":"Γιάνγκουαν","NAME_HI":"यंगकुआं","NAME_HU":"Yangquan","NAME_ID":"Yangquan","NAME_IT":"Yangquan","NAME_JA":"陽泉市","NAME_KO":"양취안시","NAME_NL":"Yangquan","NAME_PL":"Yangquan","NAME_SV":"Yangquan","NAME_TR":"Yangquan","NAME_VI":"Dương Tuyền","NE_ID":1159130135,"NAME_FA":"یانگکوان","NAME_HE":"יאנגקוואן","NAME_UK":"Янцюань","NAME_UR":"یانگچوان","NAME_ZHT":"陽泉市","GEONAMESID":1787351,"FCLASS_ISO":null,"FCLASS_US":null,"FCLASS_FR":null,"FCLASS_RU":null,"FCLASS_ES":null,"FCLASS_CN":null,"FCLASS_TW":null,"FCLASS_IN":null,"FCLASS_NP":null,"FCLASS_PK":null,"FCLASS_DE":null,"FCLASS_GB":null,"FCLASS_BR":null,"FCLASS_IL":null,"FCLASS_PS":null,"FCLASS_SA":null,"FCLASS_EG":null,"FCLASS_MA":null,"FCLASS_PT":null,"FCLASS_AR":null,"FCLASS_JP":null,"FCLASS_KO":null,"FCLASS_VN":null,"FCLASS_TR":null,"FCLASS_ID":null,"FCLASS_PL":null,"FCLASS_GR":null,"FCLASS_IT":null,"FCLASS_NL":null,"FCLASS_SE":null,"FCLASS_BD":null,"FCLASS_UA":null,"FCLASS_TLC":null},"bbox":[113.570008,37.869974,113.570008,37.869974],"geometry":{"type":"Point","coordinates":[113.570008,37.869974]}},{"type":"Feature","properties":{"SCALERANK":8,"NATSCALE":10,"LABELRANK":1,"FEATURECLA":"Populated place","NAME":"Shiyan","NAMEPAR":null,"NAMEALT":null,"NAMEASCII":"Shiyan","ADM0CAP":0,"CAPIN":null,"WORLDCITY":0,"MEGACITY":0,"SOV0NAME":"China","SOV_A3":"CHN","ADM0NAME":"China","ADM0_A3":"CHN","ADM1NAME":"Hubei","ISO_A2":"CN","NOTE":null,"LATITUDE":32.570039,"LONGITUDE":110.779998,"POP_MAX":770000,"POP_MIN":537647,"POP_OTHER":0,"RANK_MAX":11,"RANK_MIN":11,"MEGANAME":null,"LS_NAME":"Shiyan","MAX_POP10":537647,"MAX_POP20":0,"MAX_POP50":0,"MAX_POP300":0,"MAX_POP310":0,"MAX_NATSCA":10,"MIN_AREAKM":134,"MAX_AREAKM":134,"MIN_AREAMI":52,"MAX_AREAMI":52,"MIN_PERKM":143,"MAX_PERKM":143,"MIN_PERMI":89,"MAX_PERMI":89,"MIN_BBXMIN":110.65,"MAX_BBXMIN":110.65,"MIN_BBXMAX":110.991667,"MAX_BBXMAX":110.991667,"MIN_BBYMIN":32.516667,"MAX_BBYMIN":32.516667,"MIN_BBYMAX":32.690819,"MAX_BBYMAX":32.690819,"MEAN_BBXC":110.812301,"MEAN_BBYC":32.612913,"TIMEZONE":"Asia/Chongqing","UN_FID":0,"POP1950":0,"POP1955":0,"POP1960":0,"POP1965":0,"POP1970":0,"POP1975":0,"POP1980":0,"POP1985":0,"POP1990":0,"POP1995":0,"POP2000":0,"POP2005":0,"POP2010":0,"POP2015":0,"POP2020":0,"POP2025":0,"POP2050":0,"MIN_ZOOM":7,"WIKIDATAID":"Q71227","WOF_ID":1141906537,"CAPALT":0,"NAME_EN":"Shiyan","NAME_DE":"Shiyan","NAME_ES":"Shiyan","NAME_FR":"Shiyan","NAME_PT":"Shiyan","NAME_RU":"Шиянь","NAME_ZH":"十堰","LABEL":null,"NAME_AR":"شيان","NAME_BN":"শি-ইয়ান","NAME_EL":"Σίγιαν","NAME_HI":"शियान","NAME_HU":"Shiyan","NAME_ID":"Shiyan","NAME_IT":"Shiyan","NAME_JA":"十堰市","NAME_KO":"스옌시","NAME_NL":"Shiyan","NAME_PL":"Shiyan","NAME_SV":"Shiyan","NAME_TR":"Shiyan","NAME_VI":"Thập Yển","NE_ID":1159130139,"NAME_FA":"شییان","NAME_HE":"שיאן","NAME_UK":"Шиянь","NAME_UR":"شییان","NAME_ZHT":"十堰市","GEONAMESID":1794903,"FCLASS_ISO":null,"FCLASS_US":null,"FCLASS_FR":null,"FCLASS_RU":null,"FCLASS_ES":null,"FCLASS_CN":null,"FCLASS_TW":null,"FCLASS_IN":null,"FCLASS_NP":null,"FCLASS_PK":null,"FCLASS_DE":null,"FCLASS_GB":null,"FCLASS_BR":null,"FCLASS_IL":null,"FCLASS_PS":null,"FCLASS_SA":null,"FCLASS_EG":null,"FCLASS_MA":null,"FCLASS_PT":null,"FCLASS_AR":null,"FCLASS_JP":null,"FCLASS_KO":null,"FCLASS_VN":null,"FCLASS_TR":null,"FCLASS_ID":null,"FCLASS_PL":null,"FCLASS_GR":null,"FCLASS_IT":null,"FCLASS_NL":null,"FCLASS_SE":null,"FCLASS_BD":null,"FCLASS_UA":null,"FCLASS_TLC":null},"bbox":[110.779997,32.570039,110.779997,32.570039],"geometry":{"type":"Point","coordinates":[110.779997,32.570039]}},{"type":"Feature","properties":{"SCALERANK":8,"NATSCALE":10,"LABELRANK":1,"FEATURECLA":"Populated place","NAME":"Jingzhou","NAMEPAR":null,"NAMEALT":"Shashi","NAMEASCII":"Jingzhou","ADM0CAP":0,"CAPIN":null,"WORLDCITY":0,"MEGACITY":0,"SOV0NAME":"China","SOV_A3":"CHN","ADM0NAME":"China","ADM0_A3":"CHN","ADM1NAME":"Hubei","ISO_A2":"CN","NOTE":null,"LATITUDE":30.320021,"LONGITUDE":112.229987,"POP_MAX":520000,"POP_MIN":498780,"POP_OTHER":2135934,"RANK_MAX":11,"RANK_MIN":10,"MEGANAME":null,"LS_NAME":"Shashi","MAX_POP10":1717186,"MAX_POP20":0,"MAX_POP50":0,"MAX_POP300":0,"MAX_POP310":0,"MAX_NATSCA":10,"MIN_AREAKM":540,"MAX_AREAKM":540,"MIN_AREAMI":208,"MAX_AREAMI":208,"MIN_PERKM":463,"MAX_PERKM":463,"MIN_PERMI":288,"MAX_PERMI":288,"MIN_BBXMIN":112.075,"MAX_BBXMIN":112.075,"MIN_BBXMAX":112.383333,"MAX_BBXMAX":112.383333,"MIN_BBYMIN":29.95565,"MAX_BBYMIN":29.95565,"MIN_BBYMAX":30.408333,"MAX_BBYMAX":30.408333,"MEAN_BBXC":112.217821,"MEAN_BBYC":30.196913,"TIMEZONE":"Asia/Chongqing","UN_FID":0,"POP1950":0,"POP1955":0,"POP1960":0,"POP1965":0,"POP1970":0,"POP1975":0,"POP1980":0,"POP1985":0,"POP1990":0,"POP1995":0,"POP2000":0,"POP2005":0,"POP2010":0,"POP2015":0,"POP2020":0,"POP2025":0,"POP2050":0,"MIN_ZOOM":7,"WIKIDATAID":"Q71247","WOF_ID":890512935,"CAPALT":0,"NAME_EN":"Jingzhou","NAME_DE":"Jingzhou","NAME_ES":"Jingzhou","NAME_FR":"Jingzhou","NAME_PT":"Jingzhou","NAME_RU":"Цзинчжоу","NAME_ZH":"荆州","LABEL":null,"NAME_AR":"جينغتشو","NAME_BN":"চিংচৌ","NAME_EL":"Τζινγκζόου","NAME_HI":"जिंग्ज़्हौ","NAME_HU":"Jingzhou","NAME_ID":"Jingzhou","NAME_IT":"Jingzhou","NAME_JA":"荊州市","NAME_KO":"징저우시","NAME_NL":"Jingzhou","NAME_PL":"Jingzhou","NAME_SV":"Jingzhou","NAME_TR":"Jingzhou","NAME_VI":"Kinh Châu","NE_ID":1159130147,"NAME_FA":"جیانگژو","NAME_HE":"ג'ינגז'ואו","NAME_UK":"Цзінчжоу","NAME_UR":"جنگژوو","NAME_ZHT":"荊州市","GEONAMESID":1795816,"FCLASS_ISO":null,"FCLASS_US":null,"FCLASS_FR":null,"FCLASS_RU":null,"FCLASS_ES":null,"FCLASS_CN":null,"FCLASS_TW":null,"FCLASS_IN":null,"FCLASS_NP":null,"FCLASS_PK":null,"FCLASS_DE":null,"FCLASS_GB":null,"FCLASS_BR":null,"FCLASS_IL":null,"FCLASS_PS":null,"FCLASS_SA":null,"FCLASS_EG":null,"FCLASS_MA":null,"FCLASS_PT":null,"FCLASS_AR":null,"FCLASS_JP":null,"FCLASS_KO":null,"FCLASS_VN":null,"FCLASS_TR":null,"FCLASS_ID":null,"FCLASS_PL":null,"FCLASS_GR":null,"FCLASS_IT":null,"FCLASS_NL":null,"FCLASS_SE":null,"FCLASS_BD":null,"FCLASS_UA":null,"FCLASS_TLC":null},"bbox":[112.229986,30.320021,112.229986,30.320021],"geometry":{"type":"Point","coordinates":[112.229986,30.320021]}},{"type":"Feature","properties":{"SCALERANK":8,"NATSCALE":10,"LABELRANK":1,"FEATURECLA":"Populated place","NAME":"Hengshui","NAMEPAR":null,"NAMEALT":null,"NAMEASCII":"Hengshui","ADM0CAP":0,"CAPIN":null,"WORLDCITY":0,"MEGACITY":0,"SOV0NAME":"China","SOV_A3":"CHN","ADM0NAME":"China","ADM0_A3":"CHN","ADM1NAME":"Hebei","ISO_A2":"CN","NOTE":null,"LATITUDE":37.719983,"LONGITUDE":115.700007,"POP_MAX":456356,"POP_MIN":456356,"POP_OTHER":1990229,"RANK_MAX":10,"RANK_MIN":10,"MEGANAME":null,"LS_NAME":"Hengshui","MAX_POP10":1971701,"MAX_POP20":0,"MAX_POP50":0,"MAX_POP300":0,"MAX_POP310":0,"MAX_NATSCA":10,"MIN_AREAKM":2018,"MAX_AREAKM":2018,"MIN_AREAMI":779,"MAX_AREAMI":779,"MIN_PERKM":2536,"MAX_PERKM":2536,"MIN_PERMI":1576,"MAX_PERMI":1576,"MIN_BBXMIN":115.45,"MAX_BBXMIN":115.45,"MIN_BBXMAX":116.218331,"MAX_BBXMAX":116.218331,"MIN_BBYMIN":37.341667,"MAX_BBYMIN":37.341667,"MIN_BBYMAX":38.391516,"MAX_BBYMAX":38.391516,"MEAN_BBXC":115.830543,"MEAN_BBYC":37.954555,"TIMEZONE":"Asia/Shanghai","UN_FID":0,"POP1950":0,"POP1955":0,"POP1960":0,"POP1965":0,"POP1970":0,"POP1975":0,"POP1980":0,"POP1985":0,"POP1990":0,"POP1995":0,"POP2000":0,"POP2005":0,"POP2010":0,"POP2015":0,"POP2020":0,"POP2025":0,"POP2050":0,"MIN_ZOOM":7,"WIKIDATAID":"Q58724","WOF_ID":102027557,"CAPALT":0,"NAME_EN":"Hengshui","NAME_DE":"Hengshui","NAME_ES":"Hengshui","NAME_FR":"Hengshui","NAME_PT":"Hengshui","NAME_RU":"Хэншуй","NAME_ZH":"衡水","LABEL":null,"NAME_AR":"هنغشوي","NAME_BN":"হেংশুয়েই","NAME_EL":"Χενγκσούι","NAME_HI":"हेंगशुई","NAME_HU":"Hengsuj","NAME_ID":"Hengshui","NAME_IT":"Hengshui","NAME_JA":"衡水市","NAME_KO":"헝수이시","NAME_NL":"Hengshui","NAME_PL":"Hengshui","NAME_SV":"Hengshui","NAME_TR":"Hengshui","NAME_VI":"Hành Thủy","NE_ID":1159130179,"NAME_FA":"هنگشوی","NAME_HE":"חנגשואי","NAME_UK":"Хеншуй","NAME_UR":"ہینگشوئی","NAME_ZHT":"衡水市","GEONAMESID":1808392,"FCLASS_ISO":null,"FCLASS_US":null,"FCLASS_FR":null,"FCLASS_RU":null,"FCLASS_ES":null,"FCLASS_CN":null,"FCLASS_TW":null,"FCLASS_IN":null,"FCLASS_NP":null,"FCLASS_PK":null,"FCLASS_DE":null,"FCLASS_GB":null,"FCLASS_BR":null,"FCLASS_IL":null,"FCLASS_PS":null,"FCLASS_SA":null,"FCLASS_EG":null,"FCLASS_MA":null,"FCLASS_PT":null,"FCLASS_AR":null,"FCLASS_JP":null,"FCLASS_KO":null,"FCLASS_VN":null,"FCLASS_TR":null,"FCLASS_ID":null,"FCLASS_PL":null,"FCLASS_GR":null,"FCLASS_IT":null,"FCLASS_NL":null,"FCLASS_SE":null,"FCLASS_BD":null,"FCLASS_UA":null,"FCLASS_TLC":null},"bbox":[115.700007,37.719983,115.700007,37.719983],"geometry":{"type":"Point","coordinates":[115.700007,37.719983]}},{"type":"Feature","properties":{"SCALERANK":8,"NATSCALE":10,"LABELRANK":1,"FEATURECLA":"Populated place","NAME":"Xuanhua","NAMEPAR":null,"NAMEALT":null,"NAMEASCII":"Xuanhua","ADM0CAP":0,"CAPIN":null,"WORLDCITY":0,"MEGACITY":0,"SOV0NAME":"China","SOV_A3":"CHN","ADM0NAME":"China","ADM0_A3":"CHN","ADM1NAME":"Hebei","ISO_A2":"CN","NOTE":null,"LATITUDE":40.594407,"LONGITUDE":115.024338,"POP_MAX":409745,"POP_MIN":373422,"POP_OTHER":407090,"RANK_MAX":10,"RANK_MIN":10,"MEGANAME":null,"LS_NAME":"Xuanhua","MAX_POP10":409745,"MAX_POP20":0,"MAX_POP50":0,"MAX_POP300":0,"MAX_POP310":0,"MAX_NATSCA":10,"MIN_AREAKM":130,"MAX_AREAKM":130,"MIN_AREAMI":50,"MAX_AREAMI":50,"MIN_PERKM":130,"MAX_PERKM":130,"MIN_PERMI":81,"MAX_PERMI":81,"MIN_BBXMIN":114.908333,"MAX_BBXMIN":114.908333,"MIN_BBXMAX":115.166667,"MAX_BBXMAX":115.166667,"MIN_BBYMIN":40.525,"MAX_BBYMIN":40.525,"MIN_BBYMAX":40.694672,"MAX_BBYMAX":40.694672,"MEAN_BBXC":115.039232,"MEAN_BBYC":40.612638,"TIMEZONE":"Asia/Harbin","UN_FID":0,"POP1950":0,"POP1955":0,"POP1960":0,"POP1965":0,"POP1970":0,"POP1975":0,"POP1980":0,"POP1985":0,"POP1990":0,"POP1995":0,"POP2000":0,"POP2005":0,"POP2010":0,"POP2015":0,"POP2020":0,"POP2025":0,"POP2050":0,"MIN_ZOOM":7,"WIKIDATAID":null,"WOF_ID":890513697,"CAPALT":0,"NAME_EN":"Xuanhua","NAME_DE":"Xuanhua","NAME_ES":"Xuanhua","NAME_FR":"Xuanhua","NAME_PT":"Xuanhua","NAME_RU":"Сюаньхуа","NAME_ZH":"宣化","LABEL":null,"NAME_AR":"شوانهوا","NAME_BN":"শুয়ানহুয়া","NAME_EL":"Ζουάνχουα","NAME_HI":"हुआनहुआ","NAME_HU":"Xuanhua","NAME_ID":"Xuanhua","NAME_IT":"Xuanhua","NAME_JA":"宣化","NAME_KO":"현화","NAME_NL":"Xuanhua","NAME_PL":"Xuanhua","NAME_SV":"Xuanhua","NAME_TR":"Xuanhua","NAME_VI":"Tuyên Hóa","NE_ID":1159130183,"NAME_FA":"ژوانهوا","NAME_HE":"קסונהואה","NAME_UK":"Сюаньхуа","NAME_UR":"زوانزا","NAME_ZHT":"宣化","GEONAMESID":2033574,"FCLASS_ISO":null,"FCLASS_US":null,"FCLASS_FR":null,"FCLASS_RU":null,"FCLASS_ES":null,"FCLASS_CN":null,"FCLASS_TW":null,"FCLASS_IN":null,"FCLASS_NP":null,"FCLASS_PK":null,"FCLASS_DE":null,"FCLASS_GB":null,"FCLASS_BR":null,"FCLASS_IL":null,"FCLASS_PS":null,"FCLASS_SA":null,"FCLASS_EG":null,"FCLASS_MA":null,"FCLASS_PT":null,"FCLASS_AR":null,"FCLASS_JP":null,"FCLASS_KO":null,"FCLASS_VN":null,"FCLASS_TR":null,"FCLASS_ID":null,"FCLASS_PL":null,"FCLASS_GR":null,"FCLASS_IT":null,"FCLASS_NL":null,"FCLASS_SE":null,"FCLASS_BD":null,"FCLASS_UA":null,"FCLASS_TLC":null},"bbox":[115.024338,40.594407,115.024338,40.594407],"geometry":{"type":"Point","coordinates":[115.024338,40.594407]}},{"type":"Feature","properties":{"SCALERANK":8,"NATSCALE":10,"LABELRANK":1,"FEATURECLA":"Populated place","NAME":"Luohe","NAMEPAR":null,"NAMEALT":null,"NAMEASCII":"Luohe","ADM0CAP":0,"CAPIN":null,"WORLDCITY":0,"MEGACITY":0,"SOV0NAME":"China","SOV_A3":"CHN","ADM0NAME":"China","ADM0_A3":"CHN","ADM1NAME":"Henan","ISO_A2":"CN","NOTE":null,"LATITUDE":33.570004,"LONGITUDE":114.02998,"POP_MAX":417356,"POP_MIN":417356,"POP_OTHER":4418093,"RANK_MAX":10,"RANK_MIN":10,"MEGANAME":null,"LS_NAME":"Luohe","MAX_POP10":4036470,"MAX_POP20":0,"MAX_POP50":0,"MAX_POP300":0,"MAX_POP310":0,"MAX_NATSCA":10,"MIN_AREAKM":3925,"MAX_AREAKM":3925,"MIN_AREAMI":1516,"MAX_AREAMI":1516,"MIN_PERKM":2988,"MAX_PERKM":2988,"MIN_PERMI":1857,"MAX_PERMI":1857,"MIN_BBXMIN":113.590092,"MAX_BBXMIN":113.590092,"MIN_BBXMAX":114.4,"MAX_BBXMAX":114.4,"MIN_BBYMIN":32.857421,"MAX_BBYMIN":32.857421,"MIN_BBYMAX":33.966882,"MAX_BBYMAX":33.966882,"MEAN_BBXC":114.03665,"MEAN_BBYC":33.441614,"TIMEZONE":"Asia/Shanghai","UN_FID":0,"POP1950":0,"POP1955":0,"POP1960":0,"POP1965":0,"POP1970":0,"POP1975":0,"POP1980":0,"POP1985":0,"POP1990":0,"POP1995":0,"POP2000":0,"POP2005":0,"POP2010":0,"POP2015":0,"POP2020":0,"POP2025":0,"POP2050":0,"MIN_ZOOM":7,"WIKIDATAID":"Q404599","WOF_ID":102027345,"CAPALT":0,"NAME_EN":"Luohe","NAME_DE":"Luohe","NAME_ES":"Luohe","NAME_FR":"Luohe","NAME_PT":"Luohe","NAME_RU":"Лохэ","NAME_ZH":"漯河","LABEL":null,"NAME_AR":"لوهي","NAME_BN":"লুওহো","NAME_EL":"Λουόχε","NAME_HI":"लुओहे","NAME_HU":"Luohe","NAME_ID":"Luohe","NAME_IT":"Luohe","NAME_JA":"漯河市","NAME_KO":"뤄허시","NAME_NL":"Luohe","NAME_PL":"Luohe","NAME_SV":"Luohe","NAME_TR":"Luohe","NAME_VI":"Tháp Hà","NE_ID":1159130189,"NAME_FA":"لوهی","NAME_HE":"לואהה","NAME_UK":"Лохе","NAME_UR":"لؤہے","NAME_ZHT":"漯河市","GEONAMESID":1801934,"FCLASS_ISO":null,"FCLASS_US":null,"FCLASS_FR":null,"FCLASS_RU":null,"FCLASS_ES":null,"FCLASS_CN":null,"FCLASS_TW":null,"FCLASS_IN":null,"FCLASS_NP":null,"FCLASS_PK":null,"FCLASS_DE":null,"FCLASS_GB":null,"FCLASS_BR":null,"FCLASS_IL":null,"FCLASS_PS":null,"FCLASS_SA":null,"FCLASS_EG":null,"FCLASS_MA":null,"FCLASS_PT":null,"FCLASS_AR":null,"FCLASS_JP":null,"FCLASS_KO":null,"FCLASS_VN":null,"FCLASS_TR":null,"FCLASS_ID":null,"FCLASS_PL":null,"FCLASS_GR":null,"FCLASS_IT":null,"FCLASS_NL":null,"FCLASS_SE":null,"FCLASS_BD":null,"FCLASS_UA":null,"FCLASS_TLC":null},"bbox":[114.02998,33.570004,114.02998,33.570004],"geometry":{"type":"Point","coordinates":[114.02998,33.570004]}},{"type":"Feature","properties":{"SCALERANK":8,"NATSCALE":10,"LABELRANK":1,"FEATURECLA":"Populated place","NAME":"Zhucheng","NAMEPAR":null,"NAMEALT":null,"NAMEASCII":"Zhucheng","ADM0CAP":0,"CAPIN":null,"WORLDCITY":0,"MEGACITY":0,"SOV0NAME":"China","SOV_A3":"CHN","ADM0NAME":"China","ADM0_A3":"CHN","ADM1NAME":"Shandong","ISO_A2":"CN","NOTE":null,"LATITUDE":35.98996,"LONGITUDE":119.380093,"POP_MAX":1060000,"POP_MIN":703927,"POP_OTHER":703927,"RANK_MAX":12,"RANK_MIN":11,"MEGANAME":null,"LS_NAME":"Zhucheng","MAX_POP10":784415,"MAX_POP20":0,"MAX_POP50":0,"MAX_POP300":0,"MAX_POP310":0,"MAX_NATSCA":10,"MIN_AREAKM":454,"MAX_AREAKM":454,"MIN_AREAMI":175,"MAX_AREAMI":175,"MIN_PERKM":591,"MAX_PERKM":591,"MIN_PERMI":367,"MAX_PERMI":367,"MIN_BBXMIN":119.017131,"MAX_BBXMIN":119.017131,"MIN_BBXMAX":119.65,"MAX_BBXMAX":119.65,"MIN_BBYMIN":35.691667,"MAX_BBYMIN":35.691667,"MIN_BBYMAX":36.15,"MAX_BBYMAX":36.15,"MEAN_BBXC":119.340814,"MEAN_BBYC":35.938476,"TIMEZONE":"Asia/Shanghai","UN_FID":0,"POP1950":0,"POP1955":0,"POP1960":0,"POP1965":0,"POP1970":0,"POP1975":0,"POP1980":0,"POP1985":0,"POP1990":0,"POP1995":0,"POP2000":0,"POP2005":0,"POP2010":0,"POP2015":0,"POP2020":0,"POP2025":0,"POP2050":0,"MIN_ZOOM":7,"WIKIDATAID":"Q198184","WOF_ID":890513729,"CAPALT":0,"NAME_EN":"Zhucheng","NAME_DE":"Zhucheng","NAME_ES":"Zhucheng","NAME_FR":"Zhucheng","NAME_PT":"Zhucheng","NAME_RU":"Чжучэн","NAME_ZH":"诸城","LABEL":null,"NAME_AR":"تشوتشنغ","NAME_BN":"ঝুচেং","NAME_EL":"Τζούτσενγκ","NAME_HI":"ज़हुचेंग","NAME_HU":"Zhucheng","NAME_ID":"Zhucheng","NAME_IT":"Zhucheng","NAME_JA":"諸城市","NAME_KO":"주청시","NAME_NL":"Zhucheng","NAME_PL":"Zhucheng","NAME_SV":"Zhucheng","NAME_TR":"Zhucheng","NAME_VI":"Chư Thành","NE_ID":1159130203,"NAME_FA":"ژو چنگ","NAME_HE":"זושאנג","NAME_UK":"Чжучен","NAME_UR":"ژوچینگ","NAME_ZHT":"諸城市","GEONAMESID":1783988,"FCLASS_ISO":null,"FCLASS_US":null,"FCLASS_FR":null,"FCLASS_RU":null,"FCLASS_ES":null,"FCLASS_CN":null,"FCLASS_TW":null,"FCLASS_IN":null,"FCLASS_NP":null,"FCLASS_PK":null,"FCLASS_DE":null,"FCLASS_GB":null,"FCLASS_BR":null,"FCLASS_IL":null,"FCLASS_PS":null,"FCLASS_SA":null,"FCLASS_EG":null,"FCLASS_MA":null,"FCLASS_PT":null,"FCLASS_AR":null,"FCLASS_JP":null,"FCLASS_KO":null,"FCLASS_VN":null,"FCLASS_TR":null,"FCLASS_ID":null,"FCLASS_PL":null,"FCLASS_GR":null,"FCLASS_IT":null,"FCLASS_NL":null,"FCLASS_SE":null,"FCLASS_BD":null,"FCLASS_UA":null,"FCLASS_TLC":null},"bbox":[119.380093,35.989959,119.380093,35.989959],"geometry":{"type":"Point","coordinates":[119.380093,35.989959]}},{"type":"Feature","properties":{"SCALERANK":8,"NATSCALE":10,"LABELRANK":1,"FEATURECLA":"Populated place","NAME":"Xinyi","NAMEPAR":null,"NAMEALT":null,"NAMEASCII":"Xinyi","ADM0CAP":0,"CAPIN":null,"WORLDCITY":0,"MEGACITY":0,"SOV0NAME":"China","SOV_A3":"CHN","ADM0NAME":"China","ADM0_A3":"CHN","ADM1NAME":"Jiangsu","ISO_A2":"CN","NOTE":null,"LATITUDE":34.380006,"LONGITUDE":118.350026,"POP_MAX":962656,"POP_MIN":962656,"POP_OTHER":3776098,"RANK_MAX":11,"RANK_MIN":11,"MEGANAME":null,"LS_NAME":"Xinyi","MAX_POP10":4108007,"MAX_POP20":0,"MAX_POP50":0,"MAX_POP300":0,"MAX_POP310":0,"MAX_NATSCA":10,"MIN_AREAKM":3899,"MAX_AREAKM":3899,"MIN_AREAMI":1505,"MAX_AREAMI":1505,"MIN_PERKM":2920,"MAX_PERKM":2920,"MIN_PERMI":1814,"MAX_PERMI":1814,"MIN_BBXMIN":117.76533,"MAX_BBXMIN":117.76533,"MIN_BBXMAX":118.741596,"MAX_BBXMAX":118.741596,"MIN_BBYMIN":33.544962,"MAX_BBYMIN":33.544962,"MIN_BBYMAX":34.738178,"MAX_BBYMAX":34.738178,"MEAN_BBXC":118.164047,"MEAN_BBYC":34.262776,"TIMEZONE":null,"UN_FID":0,"POP1950":0,"POP1955":0,"POP1960":0,"POP1965":0,"POP1970":0,"POP1975":0,"POP1980":0,"POP1985":0,"POP1990":0,"POP1995":0,"POP2000":0,"POP2005":0,"POP2010":0,"POP2015":0,"POP2020":0,"POP2025":0,"POP2050":0,"MIN_ZOOM":7,"WIKIDATAID":"Q1344902","WOF_ID":1141906549,"CAPALT":0,"NAME_EN":"Xinyi","NAME_DE":"Xinyi","NAME_ES":"Xinyi","NAME_FR":"Xinyi","NAME_PT":"Xinyi","NAME_RU":"Синьи","NAME_ZH":"新沂","LABEL":null,"NAME_AR":"شينيى","NAME_BN":"জিনই","NAME_EL":"Ξινγούι","NAME_HI":"सिन्यी","NAME_HU":"Xinyi","NAME_ID":"Xinyi","NAME_IT":"Xinyi","NAME_JA":"新沂市","NAME_KO":"신이시","NAME_NL":"Xinyi","NAME_PL":"Xinyi","NAME_SV":"Xinyi","NAME_TR":"Xinyi","NAME_VI":"Tân Nghi","NE_ID":1159130213,"NAME_FA":"شینی","NAME_HE":"קסיניי","NAME_UK":"Сіньї","NAME_UR":"زینیی","NAME_ZHT":"新沂市","GEONAMESID":1789262,"FCLASS_ISO":null,"FCLASS_US":null,"FCLASS_FR":null,"FCLASS_RU":null,"FCLASS_ES":null,"FCLASS_CN":null,"FCLASS_TW":null,"FCLASS_IN":null,"FCLASS_NP":null,"FCLASS_PK":null,"FCLASS_DE":null,"FCLASS_GB":null,"FCLASS_BR":null,"FCLASS_IL":null,"FCLASS_PS":null,"FCLASS_SA":null,"FCLASS_EG":null,"FCLASS_MA":null,"FCLASS_PT":null,"FCLASS_AR":null,"FCLASS_JP":null,"FCLASS_KO":null,"FCLASS_VN":null,"FCLASS_TR":null,"FCLASS_ID":null,"FCLASS_PL":null,"FCLASS_GR":null,"FCLASS_IT":null,"FCLASS_NL":null,"FCLASS_SE":null,"FCLASS_BD":null,"FCLASS_UA":null,"FCLASS_TLC":null},"bbox":[118.350026,34.380006,118.350026,34.380006],"geometry":{"type":"Point","coordinates":[118.350026,34.380006]}},{"type":"Feature","properties":{"SCALERANK":8,"NATSCALE":10,"LABELRANK":1,"FEATURECLA":"Populated place","NAME":"Yangzhou","NAMEPAR":null,"NAMEALT":null,"NAMEASCII":"Yangzhou","ADM0CAP":0,"CAPIN":null,"WORLDCITY":0,"MEGACITY":0,"SOV0NAME":"China","SOV_A3":"CHN","ADM0NAME":"China","ADM0_A3":"CHN","ADM1NAME":"Jiangsu","ISO_A2":"CN","NOTE":null,"LATITUDE":32.399998,"LONGITUDE":119.430012,"POP_MAX":539715,"POP_MIN":539715,"POP_OTHER":2555546,"RANK_MAX":11,"RANK_MIN":11,"MEGANAME":null,"LS_NAME":"Yangzhou","MAX_POP10":1466487,"MAX_POP20":0,"MAX_POP50":0,"MAX_POP300":0,"MAX_POP310":0,"MAX_NATSCA":10,"MIN_AREAKM":959,"MAX_AREAKM":959,"MIN_AREAMI":370,"MAX_AREAMI":370,"MIN_PERKM":769,"MAX_PERKM":769,"MIN_PERMI":478,"MAX_PERMI":478,"MIN_BBXMIN":119.008333,"MAX_BBXMIN":119.008333,"MIN_BBXMAX":119.525,"MAX_BBXMAX":119.525,"MIN_BBYMIN":32.310007,"MAX_BBYMIN":32.310007,"MIN_BBYMAX":32.75,"MAX_BBYMAX":32.75,"MEAN_BBXC":119.287195,"MEAN_BBYC":32.470029,"TIMEZONE":"Asia/Shanghai","UN_FID":0,"POP1950":0,"POP1955":0,"POP1960":0,"POP1965":0,"POP1970":0,"POP1975":0,"POP1980":0,"POP1985":0,"POP1990":0,"POP1995":0,"POP2000":0,"POP2005":0,"POP2010":0,"POP2015":0,"POP2020":0,"POP2025":0,"POP2050":0,"MIN_ZOOM":7,"WIKIDATAID":"Q57906","WOF_ID":102026969,"CAPALT":0,"NAME_EN":"Yangzhou","NAME_DE":"Yangzhou","NAME_ES":"Yangzhou","NAME_FR":"Yangzhou","NAME_PT":"Yangzhou","NAME_RU":"Янчжоу","NAME_ZH":"扬州","LABEL":null,"NAME_AR":"يانغتشو","NAME_BN":"ইয়াংজিঝাউ","NAME_EL":"Γιανγκτσόου","NAME_HI":"यांग्ज़्हौ","NAME_HU":"Jangcsou","NAME_ID":"Yangzhou","NAME_IT":"Yangzhou","NAME_JA":"揚州市","NAME_KO":"양저우시","NAME_NL":"Yangzhou","NAME_PL":"Yangzhou","NAME_SV":"Yangzhou","NAME_TR":"Yangzhou","NAME_VI":"Dương Châu","NE_ID":1159130217,"NAME_FA":"یانگژو","NAME_HE":"יאנגג'ואו","NAME_UK":"Янчжоу","NAME_UR":"یانگژو","NAME_ZHT":"揚州市","GEONAMESID":1787227,"FCLASS_ISO":null,"FCLASS_US":null,"FCLASS_FR":null,"FCLASS_RU":null,"FCLASS_ES":null,"FCLASS_CN":null,"FCLASS_TW":null,"FCLASS_IN":null,"FCLASS_NP":null,"FCLASS_PK":null,"FCLASS_DE":null,"FCLASS_GB":null,"FCLASS_BR":null,"FCLASS_IL":null,"FCLASS_PS":null,"FCLASS_SA":null,"FCLASS_EG":null,"FCLASS_MA":null,"FCLASS_PT":null,"FCLASS_AR":null,"FCLASS_JP":null,"FCLASS_KO":null,"FCLASS_VN":null,"FCLASS_TR":null,"FCLASS_ID":null,"FCLASS_PL":null,"FCLASS_GR":null,"FCLASS_IT":null,"FCLASS_NL":null,"FCLASS_SE":null,"FCLASS_BD":null,"FCLASS_UA":null,"FCLASS_TLC":null},"bbox":[119.430012,32.399998,119.430012,32.399998],"geometry":{"type":"Point","coordinates":[119.430012,32.399998]}},{"type":"Feature","properties":{"SCALERANK":8,"NATSCALE":10,"LABELRANK":1,"FEATURECLA":"Populated place","NAME":"Yanji","NAMEPAR":null,"NAMEALT":null,"NAMEASCII":"Yanji","ADM0CAP":0,"CAPIN":null,"WORLDCITY":0,"MEGACITY":0,"SOV0NAME":"China","SOV_A3":"CHN","ADM0NAME":"China","ADM0_A3":"CHN","ADM1NAME":"Jilin","ISO_A2":"CN","NOTE":null,"LATITUDE":42.882304,"LONGITUDE":129.512756,"POP_MAX":488740,"POP_MIN":326957,"POP_OTHER":480295,"RANK_MAX":10,"RANK_MIN":10,"MEGANAME":null,"LS_NAME":"Yanji","MAX_POP10":488740,"MAX_POP20":0,"MAX_POP50":0,"MAX_POP300":0,"MAX_POP310":0,"MAX_NATSCA":10,"MIN_AREAKM":106,"MAX_AREAKM":106,"MIN_AREAMI":41,"MAX_AREAMI":41,"MIN_PERKM":122,"MAX_PERKM":122,"MIN_PERMI":76,"MAX_PERMI":76,"MIN_BBXMIN":129.3,"MAX_BBXMIN":129.3,"MIN_BBXMAX":129.566667,"MAX_BBXMAX":129.566667,"MIN_BBYMIN":42.833333,"MAX_BBYMIN":42.833333,"MIN_BBYMAX":42.983333,"MAX_BBYMAX":42.983333,"MEAN_BBXC":129.451935,"MEAN_BBYC":42.900198,"TIMEZONE":"Asia/Harbin","UN_FID":0,"POP1950":0,"POP1955":0,"POP1960":0,"POP1965":0,"POP1970":0,"POP1975":0,"POP1980":0,"POP1985":0,"POP1990":0,"POP1995":0,"POP2000":0,"POP2005":0,"POP2010":0,"POP2015":0,"POP2020":0,"POP2025":0,"POP2050":0,"MIN_ZOOM":7,"WIKIDATAID":"Q713362","WOF_ID":102027853,"CAPALT":0,"NAME_EN":"Yanji","NAME_DE":"Yanji","NAME_ES":"Yanji","NAME_FR":"Yanji","NAME_PT":"Yanji","NAME_RU":"Яньцзи","NAME_ZH":"延吉","LABEL":null,"NAME_AR":"يانجي","NAME_BN":"ইয়ানজি","NAME_EL":"Γιάντζι","NAME_HI":"यांजी","NAME_HU":"Yanji","NAME_ID":"Yanji","NAME_IT":"Yanji","NAME_JA":"延吉市","NAME_KO":"옌지시","NAME_NL":"Yanji","NAME_PL":"Yanji","NAME_SV":"Yanji","NAME_TR":"Yanji","NAME_VI":"Diên Cát","NE_ID":1159130257,"NAME_FA":"یانگژی","NAME_HE":"יאנג'י","NAME_UK":"Яньцзі","NAME_UR":"یانجی","NAME_ZHT":"延吉市","GEONAMESID":2033467,"FCLASS_ISO":null,"FCLASS_US":null,"FCLASS_FR":null,"FCLASS_RU":null,"FCLASS_ES":null,"FCLASS_CN":null,"FCLASS_TW":null,"FCLASS_IN":null,"FCLASS_NP":null,"FCLASS_PK":null,"FCLASS_DE":null,"FCLASS_GB":null,"FCLASS_BR":null,"FCLASS_IL":null,"FCLASS_PS":null,"FCLASS_SA":null,"FCLASS_EG":null,"FCLASS_MA":null,"FCLASS_PT":null,"FCLASS_AR":null,"FCLASS_JP":null,"FCLASS_KO":null,"FCLASS_VN":null,"FCLASS_TR":null,"FCLASS_ID":null,"FCLASS_PL":null,"FCLASS_GR":null,"FCLASS_IT":null,"FCLASS_NL":null,"FCLASS_SE":null,"FCLASS_BD":null,"FCLASS_UA":null,"FCLASS_TLC":null},"bbox":[129.512756,42.882304,129.512756,42.882304],"geometry":{"type":"Point","coordinates":[129.512756,42.882304]}},{"type":"Feature","properties":{"SCALERANK":8,"NATSCALE":10,"LABELRANK":1,"FEATURECLA":"Populated place","NAME":"Hisar","NAMEPAR":null,"NAMEALT":null,"NAMEASCII":"Hisar","ADM0CAP":0,"CAPIN":null,"WORLDCITY":0,"MEGACITY":0,"SOV0NAME":"India","SOV_A3":"IND","ADM0NAME":"India","ADM0_A3":"IND","ADM1NAME":"Haryana","ISO_A2":"IN","NOTE":null,"LATITUDE":29.169988,"LONGITUDE":75.725031,"POP_MAX":544829,"POP_MIN":301249,"POP_OTHER":1146628,"RANK_MAX":11,"RANK_MIN":10,"MEGANAME":null,"LS_NAME":"Hisar","MAX_POP10":544829,"MAX_POP20":0,"MAX_POP50":0,"MAX_POP300":0,"MAX_POP310":0,"MAX_NATSCA":10,"MIN_AREAKM":443,"MAX_AREAKM":443,"MIN_AREAMI":171,"MAX_AREAMI":171,"MIN_PERKM":344,"MAX_PERKM":344,"MIN_PERMI":214,"MAX_PERMI":214,"MIN_BBXMIN":75.608333,"MAX_BBXMIN":75.608333,"MIN_BBXMAX":76.033333,"MAX_BBXMAX":76.033333,"MIN_BBYMIN":28.958333,"MAX_BBYMIN":28.958333,"MIN_BBYMAX":29.325,"MAX_BBYMAX":29.325,"MEAN_BBXC":75.810882,"MEAN_BBYC":29.146255,"TIMEZONE":"Asia/Kolkata","UN_FID":0,"POP1950":0,"POP1955":0,"POP1960":0,"POP1965":0,"POP1970":0,"POP1975":0,"POP1980":0,"POP1985":0,"POP1990":0,"POP1995":0,"POP2000":0,"POP2005":0,"POP2010":0,"POP2015":0,"POP2020":0,"POP2025":0,"POP2050":0,"MIN_ZOOM":7,"WIKIDATAID":"Q1772825","WOF_ID":102030095,"CAPALT":0,"NAME_EN":"Hisar","NAME_DE":"Hisar","NAME_ES":"Hisar","NAME_FR":"Hisar","NAME_PT":"Hisar","NAME_RU":"Хисар","NAME_ZH":"希萨尔","LABEL":null,"NAME_AR":"حصار","NAME_BN":"হিসার","NAME_EL":"Χισάρ","NAME_HI":"हिसार","NAME_HU":"Hisar","NAME_ID":"Hisar","NAME_IT":"Hisar","NAME_JA":"ヒサール","NAME_KO":"히사르","NAME_NL":"Hisar","NAME_PL":"Hisar","NAME_SV":"Hisar","NAME_TR":"Hisar","NAME_VI":"Hisar","NE_ID":1159130443,"NAME_FA":"حصار","NAME_HE":"היסאר","NAME_UK":"Хісар","NAME_UR":"حصار","NAME_ZHT":"希薩爾","GEONAMESID":1270022,"FCLASS_ISO":null,"FCLASS_US":null,"FCLASS_FR":null,"FCLASS_RU":null,"FCLASS_ES":null,"FCLASS_CN":null,"FCLASS_TW":null,"FCLASS_IN":null,"FCLASS_NP":null,"FCLASS_PK":null,"FCLASS_DE":null,"FCLASS_GB":null,"FCLASS_BR":null,"FCLASS_IL":null,"FCLASS_PS":null,"FCLASS_SA":null,"FCLASS_EG":null,"FCLASS_MA":null,"FCLASS_PT":null,"FCLASS_AR":null,"FCLASS_JP":null,"FCLASS_KO":null,"FCLASS_VN":null,"FCLASS_TR":null,"FCLASS_ID":null,"FCLASS_PL":null,"FCLASS_GR":null,"FCLASS_IT":null,"FCLASS_NL":null,"FCLASS_SE":null,"FCLASS_BD":null,"FCLASS_UA":null,"FCLASS_TLC":null},"bbox":[75.725031,29.169988,75.725031,29.169988],"geometry":{"type":"Point","coordinates":[75.725031,29.169988]}},{"type":"Feature","properties":{"SCALERANK":8,"NATSCALE":10,"LABELRANK":1,"FEATURECLA":"Populated place","NAME":"Kalyan","NAMEPAR":null,"NAMEALT":null,"NAMEASCII":"Kalyan","ADM0CAP":0,"CAPIN":null,"WORLDCITY":0,"MEGACITY":0,"SOV0NAME":"India","SOV_A3":"IND","ADM0NAME":"India","ADM0_A3":"IND","ADM1NAME":"Maharashtra","ISO_A2":"IN","NOTE":null,"LATITUDE":19.250232,"LONGITUDE":73.160175,"POP_MAX":1576614,"POP_MIN":1576614,"POP_OTHER":4374833,"RANK_MAX":12,"RANK_MIN":12,"MEGANAME":null,"LS_NAME":"Kalyan","MAX_POP10":4747692,"MAX_POP20":0,"MAX_POP50":0,"MAX_POP300":0,"MAX_POP310":0,"MAX_NATSCA":10,"MIN_AREAKM":456,"MAX_AREAKM":456,"MIN_AREAMI":176,"MAX_AREAMI":176,"MIN_PERKM":311,"MAX_PERKM":311,"MIN_PERMI":193,"MAX_PERMI":193,"MIN_BBXMIN":72.933333,"MAX_BBXMIN":72.933333,"MIN_BBXMAX":73.266667,"MAX_BBXMAX":73.266667,"MIN_BBYMIN":18.928123,"MAX_BBYMIN":18.928123,"MIN_BBYMAX":19.308333,"MAX_BBYMAX":19.308333,"MEAN_BBXC":73.100964,"MEAN_BBYC":19.184334,"TIMEZONE":"Asia/Kolkata","UN_FID":0,"POP1950":0,"POP1955":0,"POP1960":0,"POP1965":0,"POP1970":0,"POP1975":0,"POP1980":0,"POP1985":0,"POP1990":0,"POP1995":0,"POP2000":0,"POP2005":0,"POP2010":0,"POP2015":0,"POP2020":0,"POP2025":0,"POP2050":0,"MIN_ZOOM":7,"WIKIDATAID":"Q366754","WOF_ID":102029887,"CAPALT":0,"NAME_EN":"Kalyan","NAME_DE":"Kalyan","NAME_ES":"Kalyan","NAME_FR":"Kalyan","NAME_PT":"Kalyan","NAME_RU":"Кальян","NAME_ZH":"卡延","LABEL":null,"NAME_AR":"كاليان","NAME_BN":"কল্যান-দোম্বিওয়ালি","NAME_EL":"Καλιάν","NAME_HI":"कल्याण","NAME_HU":"Kalyan","NAME_ID":"Kalyan","NAME_IT":"Kalyan","NAME_JA":"カリヤーン","NAME_KO":"칼리안","NAME_NL":"Kalyan","NAME_PL":"Kalyan","NAME_SV":"Kalyān","NAME_TR":"Kalyan","NAME_VI":"Kalyan","NE_ID":1159130467,"NAME_FA":"کالیان","NAME_HE":"קליאן","NAME_UK":"Калаян","NAME_UR":"کلیان","NAME_ZHT":"卡延","GEONAMESID":1268295,"FCLASS_ISO":null,"FCLASS_US":null,"FCLASS_FR":null,"FCLASS_RU":null,"FCLASS_ES":null,"FCLASS_CN":null,"FCLASS_TW":null,"FCLASS_IN":null,"FCLASS_NP":null,"FCLASS_PK":null,"FCLASS_DE":null,"FCLASS_GB":null,"FCLASS_BR":null,"FCLASS_IL":null,"FCLASS_PS":null,"FCLASS_SA":null,"FCLASS_EG":null,"FCLASS_MA":null,"FCLASS_PT":null,"FCLASS_AR":null,"FCLASS_JP":null,"FCLASS_KO":null,"FCLASS_VN":null,"FCLASS_TR":null,"FCLASS_ID":null,"FCLASS_PL":null,"FCLASS_GR":null,"FCLASS_IT":null,"FCLASS_NL":null,"FCLASS_SE":null,"FCLASS_BD":null,"FCLASS_UA":null,"FCLASS_TLC":null},"bbox":[73.160175,19.250232,73.160175,19.250232],"geometry":{"type":"Point","coordinates":[73.160175,19.250232]}},{"type":"Feature","properties":{"SCALERANK":8,"NATSCALE":10,"LABELRANK":1,"FEATURECLA":"Populated place","NAME":"Ajmer","NAMEPAR":null,"NAMEALT":null,"NAMEASCII":"Ajmer","ADM0CAP":0,"CAPIN":null,"WORLDCITY":0,"MEGACITY":0,"SOV0NAME":"India","SOV_A3":"IND","ADM0NAME":"India","ADM0_A3":"IND","ADM1NAME":"Rajasthan","ISO_A2":"IN","NOTE":null,"LATITUDE":26.449999,"LONGITUDE":74.639981,"POP_MAX":589985,"POP_MIN":517911,"POP_OTHER":590082,"RANK_MAX":11,"RANK_MIN":11,"MEGANAME":null,"LS_NAME":"Ajmer","MAX_POP10":589985,"MAX_POP20":0,"MAX_POP50":0,"MAX_POP300":0,"MAX_POP310":0,"MAX_NATSCA":10,"MIN_AREAKM":159,"MAX_AREAKM":159,"MIN_AREAMI":61,"MAX_AREAMI":61,"MIN_PERKM":163,"MAX_PERKM":163,"MIN_PERMI":102,"MAX_PERMI":102,"MIN_BBXMIN":74.583333,"MAX_BBXMIN":74.583333,"MIN_BBXMAX":74.775,"MAX_BBXMAX":74.775,"MIN_BBYMIN":26.366667,"MAX_BBYMIN":26.366667,"MIN_BBYMAX":26.566667,"MAX_BBYMAX":26.566667,"MEAN_BBXC":74.662903,"MEAN_BBYC":26.462379,"TIMEZONE":"Asia/Kolkata","UN_FID":0,"POP1950":0,"POP1955":0,"POP1960":0,"POP1965":0,"POP1970":0,"POP1975":0,"POP1980":0,"POP1985":0,"POP1990":0,"POP1995":0,"POP2000":0,"POP2005":0,"POP2010":0,"POP2015":0,"POP2020":0,"POP2025":0,"POP2050":0,"MIN_ZOOM":7,"WIKIDATAID":"Q200049","WOF_ID":102031009,"CAPALT":0,"NAME_EN":"Ajmer","NAME_DE":"Ajmer","NAME_ES":"Ajmer","NAME_FR":"Ajmer","NAME_PT":"Ajmer","NAME_RU":"Аджмер","NAME_ZH":"阿杰梅尔","LABEL":null,"NAME_AR":"أجمير","NAME_BN":"আজমির","NAME_EL":"Αζμέρ","NAME_HI":"अजमेर","NAME_HU":"Ádzsmír","NAME_ID":"Ajmer","NAME_IT":"Ajmer","NAME_JA":"アジュメール","NAME_KO":"아지메르","NAME_NL":"Ajmer","NAME_PL":"Adźmer","NAME_SV":"Ajmer","NAME_TR":"Ajmer","NAME_VI":"Ajmer","NE_ID":1159130807,"NAME_FA":"اجمیر","NAME_HE":"אג'מר","NAME_UK":"Аджмер","NAME_UR":"اجمیر","NAME_ZHT":"阿傑梅爾","GEONAMESID":1279159,"FCLASS_ISO":null,"FCLASS_US":null,"FCLASS_FR":null,"FCLASS_RU":null,"FCLASS_ES":null,"FCLASS_CN":null,"FCLASS_TW":null,"FCLASS_IN":null,"FCLASS_NP":null,"FCLASS_PK":null,"FCLASS_DE":null,"FCLASS_GB":null,"FCLASS_BR":null,"FCLASS_IL":null,"FCLASS_PS":null,"FCLASS_SA":null,"FCLASS_EG":null,"FCLASS_MA":null,"FCLASS_PT":null,"FCLASS_AR":null,"FCLASS_JP":null,"FCLASS_KO":null,"FCLASS_VN":null,"FCLASS_TR":null,"FCLASS_ID":null,"FCLASS_PL":null,"FCLASS_GR":null,"FCLASS_IT":null,"FCLASS_NL":null,"FCLASS_SE":null,"FCLASS_BD":null,"FCLASS_UA":null,"FCLASS_TLC":null},"bbox":[74.639981,26.449999,74.639981,26.449999],"geometry":{"type":"Point","coordinates":[74.639981,26.449999]}},{"type":"Feature","properties":{"SCALERANK":7,"NATSCALE":20,"LABELRANK":1,"FEATURECLA":"Populated place","NAME":"Beihai","NAMEPAR":null,"NAMEALT":null,"NAMEASCII":"Beihai","ADM0CAP":0,"CAPIN":null,"WORLDCITY":0,"MEGACITY":0,"SOV0NAME":"China","SOV_A3":"CHN","ADM0NAME":"China","ADM0_A3":"CHN","ADM1NAME":"Guangxi","ISO_A2":"CN","NOTE":null,"LATITUDE":21.480406,"LONGITUDE":109.100048,"POP_MAX":728978,"POP_MIN":405600,"POP_OTHER":736698,"RANK_MAX":11,"RANK_MIN":10,"MEGANAME":null,"LS_NAME":"Beihai","MAX_POP10":728978,"MAX_POP20":728978,"MAX_POP50":0,"MAX_POP300":0,"MAX_POP310":0,"MAX_NATSCA":20,"MIN_AREAKM":253,"MAX_AREAKM":253,"MIN_AREAMI":97,"MAX_AREAMI":97,"MIN_PERKM":300,"MAX_PERKM":300,"MIN_PERMI":187,"MAX_PERMI":187,"MIN_BBXMIN":109.058333,"MAX_BBXMIN":109.058333,"MIN_BBXMAX":109.475,"MAX_BBXMAX":109.475,"MIN_BBYMIN":21.416667,"MAX_BBYMIN":21.416667,"MIN_BBYMAX":21.725,"MAX_BBYMAX":21.725,"MEAN_BBXC":109.197542,"MEAN_BBYC":21.540365,"TIMEZONE":"Asia/Chongqing","UN_FID":0,"POP1950":0,"POP1955":0,"POP1960":0,"POP1965":0,"POP1970":0,"POP1975":0,"POP1980":0,"POP1985":0,"POP1990":0,"POP1995":0,"POP2000":0,"POP2005":0,"POP2010":0,"POP2015":0,"POP2020":0,"POP2025":0,"POP2050":0,"MIN_ZOOM":6.1,"WIKIDATAID":"Q210365","WOF_ID":102027747,"CAPALT":0,"NAME_EN":"Beihai","NAME_DE":"Beihai","NAME_ES":"Beihai","NAME_FR":"Beihai","NAME_PT":"Beihai","NAME_RU":"Бэйхай","NAME_ZH":"北海","LABEL":null,"NAME_AR":"بيهاي","NAME_BN":"পেইহাই","NAME_EL":"Μπεϊχάι","NAME_HI":"बेहयाई","NAME_HU":"Pejhaj","NAME_ID":"Beihai","NAME_IT":"Beihai","NAME_JA":"北海市","NAME_KO":"베이하이시","NAME_NL":"Beihai","NAME_PL":"Beihai","NAME_SV":"Beihai","NAME_TR":"Beihai","NAME_VI":"Bắc Hải","NE_ID":1159139651,"NAME_FA":"بیهای","NAME_HE":"בייחאי","NAME_UK":"Бейхай","NAME_UR":"بیئہائی","NAME_ZHT":"北海市","GEONAMESID":1816705,"FCLASS_ISO":null,"FCLASS_US":null,"FCLASS_FR":null,"FCLASS_RU":null,"FCLASS_ES":null,"FCLASS_CN":null,"FCLASS_TW":null,"FCLASS_IN":null,"FCLASS_NP":null,"FCLASS_PK":null,"FCLASS_DE":null,"FCLASS_GB":null,"FCLASS_BR":null,"FCLASS_IL":null,"FCLASS_PS":null,"FCLASS_SA":null,"FCLASS_EG":null,"FCLASS_MA":null,"FCLASS_PT":null,"FCLASS_AR":null,"FCLASS_JP":null,"FCLASS_KO":null,"FCLASS_VN":null,"FCLASS_TR":null,"FCLASS_ID":null,"FCLASS_PL":null,"FCLASS_GR":null,"FCLASS_IT":null,"FCLASS_NL":null,"FCLASS_SE":null,"FCLASS_BD":null,"FCLASS_UA":null,"FCLASS_TLC":null},"bbox":[109.100048,21.480406,109.100048,21.480406],"geometry":{"type":"Point","coordinates":[109.100048,21.480406]}},{"type":"Feature","properties":{"SCALERANK":7,"NATSCALE":20,"LABELRANK":1,"FEATURECLA":"Populated place","NAME":"Hechi","NAMEPAR":null,"NAMEALT":null,"NAMEASCII":"Hechi","ADM0CAP":0,"CAPIN":null,"WORLDCITY":0,"MEGACITY":0,"SOV0NAME":"China","SOV_A3":"CHN","ADM0NAME":"China","ADM0_A3":"CHN","ADM1NAME":"Guangxi","ISO_A2":"CN","NOTE":null,"LATITUDE":24.695252,"LONGITUDE":108.083,"POP_MAX":3830000,"POP_MIN":2720379,"POP_OTHER":2700871,"RANK_MAX":12,"RANK_MIN":12,"MEGANAME":null,"LS_NAME":"Hechi","MAX_POP10":2720379,"MAX_POP20":2720379,"MAX_POP50":0,"MAX_POP300":0,"MAX_POP310":0,"MAX_NATSCA":20,"MIN_AREAKM":2793,"MAX_AREAKM":2793,"MIN_AREAMI":1078,"MAX_AREAMI":1078,"MIN_PERKM":2653,"MAX_PERKM":2653,"MIN_PERMI":1649,"MAX_PERMI":1649,"MIN_BBXMIN":108.905606,"MAX_BBXMIN":108.905606,"MIN_BBXMAX":110.241667,"MAX_BBXMAX":110.241667,"MIN_BBYMIN":22.525,"MAX_BBYMIN":22.525,"MIN_BBYMAX":23.708333,"MAX_BBYMAX":23.708333,"MEAN_BBXC":109.599284,"MEAN_BBYC":23.120496,"TIMEZONE":null,"UN_FID":0,"POP1950":0,"POP1955":0,"POP1960":0,"POP1965":0,"POP1970":0,"POP1975":0,"POP1980":0,"POP1985":0,"POP1990":0,"POP1995":0,"POP2000":0,"POP2005":0,"POP2010":0,"POP2015":0,"POP2020":0,"POP2025":0,"POP2050":0,"MIN_ZOOM":6.7,"WIKIDATAID":"Q572089","WOF_ID":1141907547,"CAPALT":0,"NAME_EN":"Hechi","NAME_DE":"Hechi","NAME_ES":"Hechi","NAME_FR":"Hechi","NAME_PT":"Hechi","NAME_RU":"Хэчи","NAME_ZH":"河池","LABEL":null,"NAME_AR":"هيشي","NAME_BN":"হছি","NAME_EL":"Χέτσι","NAME_HI":"हेचि","NAME_HU":"Hechi","NAME_ID":"Hechi","NAME_IT":"Hechi","NAME_JA":"河池市","NAME_KO":"허츠시","NAME_NL":"Hechi","NAME_PL":"Hechi","NAME_SV":"Hechi","NAME_TR":"Hechi","NAME_VI":"Hà Trì","NE_ID":1159139657,"NAME_FA":"هیچی","NAME_HE":"חייצ'י","NAME_UK":"Гечі","NAME_UR":"ہیچی","NAME_ZHT":"河池市","GEONAMESID":-1,"FCLASS_ISO":null,"FCLASS_US":null,"FCLASS_FR":null,"FCLASS_RU":null,"FCLASS_ES":null,"FCLASS_CN":null,"FCLASS_TW":null,"FCLASS_IN":null,"FCLASS_NP":null,"FCLASS_PK":null,"FCLASS_DE":null,"FCLASS_GB":null,"FCLASS_BR":null,"FCLASS_IL":null,"FCLASS_PS":null,"FCLASS_SA":null,"FCLASS_EG":null,"FCLASS_MA":null,"FCLASS_PT":null,"FCLASS_AR":null,"FCLASS_JP":null,"FCLASS_KO":null,"FCLASS_VN":null,"FCLASS_TR":null,"FCLASS_ID":null,"FCLASS_PL":null,"FCLASS_GR":null,"FCLASS_IT":null,"FCLASS_NL":null,"FCLASS_SE":null,"FCLASS_BD":null,"FCLASS_UA":null,"FCLASS_TLC":null},"bbox":[108.083,24.695252,108.083,24.695252],"geometry":{"type":"Point","coordinates":[108.083,24.695252]}},{"type":"Feature","properties":{"SCALERANK":7,"NATSCALE":20,"LABELRANK":1,"FEATURECLA":"Populated place","NAME":"Changping","NAMEPAR":null,"NAMEALT":null,"NAMEASCII":"Changping","ADM0CAP":0,"CAPIN":null,"WORLDCITY":0,"MEGACITY":0,"SOV0NAME":"China","SOV_A3":"CHN","ADM0NAME":"China","ADM0_A3":"CHN","ADM1NAME":"Beijing","ISO_A2":"CN","NOTE":null,"LATITUDE":40.224766,"LONGITUDE":116.194396,"POP_MAX":614821,"POP_MIN":130000,"POP_OTHER":887567,"RANK_MAX":11,"RANK_MIN":9,"MEGANAME":null,"LS_NAME":"Changping","MAX_POP10":848928,"MAX_POP20":848928,"MAX_POP50":0,"MAX_POP300":0,"MAX_POP310":0,"MAX_NATSCA":20,"MIN_AREAKM":407,"MAX_AREAKM":407,"MIN_AREAMI":157,"MAX_AREAMI":157,"MIN_PERKM":569,"MAX_PERKM":569,"MIN_PERMI":354,"MAX_PERMI":354,"MIN_BBXMIN":116.033333,"MAX_BBXMIN":116.033333,"MIN_BBXMAX":116.425,"MAX_BBXMAX":116.425,"MIN_BBYMIN":39.92374,"MAX_BBYMIN":39.92374,"MIN_BBYMAX":40.291667,"MAX_BBYMAX":40.291667,"MEAN_BBXC":116.220658,"MEAN_BBYC":40.139151,"TIMEZONE":"Asia/Harbin","UN_FID":0,"POP1950":0,"POP1955":0,"POP1960":0,"POP1965":0,"POP1970":0,"POP1975":0,"POP1980":0,"POP1985":0,"POP1990":0,"POP1995":0,"POP2000":0,"POP2005":0,"POP2010":0,"POP2015":0,"POP2020":0,"POP2025":0,"POP2050":0,"MIN_ZOOM":6.7,"WIKIDATAID":null,"WOF_ID":890513711,"CAPALT":0,"NAME_EN":"Changping","NAME_DE":"Changping","NAME_ES":"Changping","NAME_FR":"Changping","NAME_PT":"Changping","NAME_RU":"Чанпин","NAME_ZH":"常平镇","LABEL":null,"NAME_AR":"تشانغبينغ","NAME_BN":"চ্যাংপিং","NAME_EL":"Τσανγκπίνγκ","NAME_HI":"चैंगपिंग","NAME_HU":"Changping","NAME_ID":"Changping","NAME_IT":"Changping","NAME_JA":"常平镇","NAME_KO":"창핑","NAME_NL":"Changping","NAME_PL":"Changping","NAME_SV":"Changping","NAME_TR":"Changping","NAME_VI":"Xương Bình","NE_ID":1159139669,"NAME_FA":"چانگ پینگ","NAME_HE":"צ'נגפינג","NAME_UK":"Чанпін","NAME_UR":"چینگپنگ","NAME_ZHT":"常平","GEONAMESID":2038154,"FCLASS_ISO":null,"FCLASS_US":null,"FCLASS_FR":null,"FCLASS_RU":null,"FCLASS_ES":null,"FCLASS_CN":null,"FCLASS_TW":null,"FCLASS_IN":null,"FCLASS_NP":null,"FCLASS_PK":null,"FCLASS_DE":null,"FCLASS_GB":null,"FCLASS_BR":null,"FCLASS_IL":null,"FCLASS_PS":null,"FCLASS_SA":null,"FCLASS_EG":null,"FCLASS_MA":null,"FCLASS_PT":null,"FCLASS_AR":null,"FCLASS_JP":null,"FCLASS_KO":null,"FCLASS_VN":null,"FCLASS_TR":null,"FCLASS_ID":null,"FCLASS_PL":null,"FCLASS_GR":null,"FCLASS_IT":null,"FCLASS_NL":null,"FCLASS_SE":null,"FCLASS_BD":null,"FCLASS_UA":null,"FCLASS_TLC":null},"bbox":[116.194396,40.224766,116.194396,40.224766],"geometry":{"type":"Point","coordinates":[116.194396,40.224766]}},{"type":"Feature","properties":{"SCALERANK":7,"NATSCALE":20,"LABELRANK":1,"FEATURECLA":"Populated place","NAME":"Zhangzhou","NAMEPAR":null,"NAMEALT":null,"NAMEASCII":"Zhangzhou","ADM0CAP":0,"CAPIN":null,"WORLDCITY":0,"MEGACITY":0,"SOV0NAME":"China","SOV_A3":"CHN","ADM0NAME":"China","ADM0_A3":"CHN","ADM1NAME":"Fujian","ISO_A2":"CN","NOTE":null,"LATITUDE":24.520375,"LONGITUDE":117.670016,"POP_MAX":3531147,"POP_MIN":1338452,"POP_OTHER":1323226,"RANK_MAX":12,"RANK_MIN":12,"MEGANAME":null,"LS_NAME":"Zhangzhou","MAX_POP10":1338452,"MAX_POP20":1338452,"MAX_POP50":0,"MAX_POP300":0,"MAX_POP310":0,"MAX_NATSCA":20,"MIN_AREAKM":514,"MAX_AREAKM":514,"MIN_AREAMI":198,"MAX_AREAMI":198,"MIN_PERKM":465,"MAX_PERKM":465,"MIN_PERMI":289,"MAX_PERMI":289,"MIN_BBXMIN":117.508333,"MAX_BBXMIN":117.508333,"MIN_BBXMAX":117.887524,"MAX_BBXMAX":117.887524,"MIN_BBYMIN":24.383333,"MAX_BBYMIN":24.383333,"MIN_BBYMAX":24.775,"MAX_BBYMAX":24.775,"MEAN_BBXC":117.715828,"MEAN_BBYC":24.545446,"TIMEZONE":"Asia/Shanghai","UN_FID":0,"POP1950":0,"POP1955":0,"POP1960":0,"POP1965":0,"POP1970":0,"POP1975":0,"POP1980":0,"POP1985":0,"POP1990":0,"POP1995":0,"POP2000":0,"POP2005":0,"POP2010":0,"POP2015":0,"POP2020":0,"POP2025":0,"POP2050":0,"MIN_ZOOM":6.7,"WIKIDATAID":"Q68814","WOF_ID":102026913,"CAPALT":0,"NAME_EN":"Zhangzhou","NAME_DE":"Zhangzhou","NAME_ES":"Zhangzhou","NAME_FR":"Zhangzhou","NAME_PT":"Zhangzhou","NAME_RU":"Чжанчжоу","NAME_ZH":"漳州","LABEL":null,"NAME_AR":"زهانغزهو","NAME_BN":"চাংচৌ","NAME_EL":"Τσανγκτσόου","NAME_HI":"ज़्हंग्ज़्हौ","NAME_HU":"Zhangzhou","NAME_ID":"Zhangzhou","NAME_IT":"Zhangzhou","NAME_JA":"漳州市","NAME_KO":"장저우시","NAME_NL":"Zhangzhou","NAME_PL":"Zhangzhou","NAME_SV":"Zhangzhou","NAME_TR":"Zhangzhou","NAME_VI":"Chương Châu","NE_ID":1159139683,"NAME_FA":"جانگجاو","NAME_HE":"ז'נג'ואו","NAME_UK":"Чжанчжоу","NAME_UR":"ژانگژو","NAME_ZHT":"漳州市","GEONAMESID":1785018,"FCLASS_ISO":null,"FCLASS_US":null,"FCLASS_FR":null,"FCLASS_RU":null,"FCLASS_ES":null,"FCLASS_CN":null,"FCLASS_TW":null,"FCLASS_IN":null,"FCLASS_NP":null,"FCLASS_PK":null,"FCLASS_DE":null,"FCLASS_GB":null,"FCLASS_BR":null,"FCLASS_IL":null,"FCLASS_PS":null,"FCLASS_SA":null,"FCLASS_EG":null,"FCLASS_MA":null,"FCLASS_PT":null,"FCLASS_AR":null,"FCLASS_JP":null,"FCLASS_KO":null,"FCLASS_VN":null,"FCLASS_TR":null,"FCLASS_ID":null,"FCLASS_PL":null,"FCLASS_GR":null,"FCLASS_IT":null,"FCLASS_NL":null,"FCLASS_SE":null,"FCLASS_BD":null,"FCLASS_UA":null,"FCLASS_TLC":null},"bbox":[117.670016,24.520375,117.670016,24.520375],"geometry":{"type":"Point","coordinates":[117.670016,24.520375]}},{"type":"Feature","properties":{"SCALERANK":7,"NATSCALE":20,"LABELRANK":1,"FEATURECLA":"Populated place","NAME":"Tongling","NAMEPAR":null,"NAMEALT":null,"NAMEASCII":"Tongling","ADM0CAP":0,"CAPIN":null,"WORLDCITY":0,"MEGACITY":0,"SOV0NAME":"China","SOV_A3":"CHN","ADM0NAME":"China","ADM0_A3":"CHN","ADM1NAME":"Anhui","ISO_A2":"CN","NOTE":null,"LATITUDE":30.950448,"LONGITUDE":117.780035,"POP_MAX":562832,"POP_MIN":312588,"POP_OTHER":550777,"RANK_MAX":11,"RANK_MIN":10,"MEGANAME":null,"LS_NAME":"Tongling","MAX_POP10":562832,"MAX_POP20":562832,"MAX_POP50":0,"MAX_POP300":0,"MAX_POP310":0,"MAX_NATSCA":20,"MIN_AREAKM":183,"MAX_AREAKM":183,"MIN_AREAMI":71,"MAX_AREAMI":71,"MIN_PERKM":209,"MAX_PERKM":209,"MIN_PERMI":130,"MAX_PERMI":130,"MIN_BBXMIN":117.733333,"MAX_BBXMIN":117.733333,"MIN_BBXMAX":118.15,"MAX_BBXMAX":118.15,"MIN_BBYMIN":30.841667,"MAX_BBYMIN":30.841667,"MIN_BBYMAX":31.016667,"MAX_BBYMAX":31.016667,"MEAN_BBXC":117.880505,"MEAN_BBYC":30.942855,"TIMEZONE":"Asia/Shanghai","UN_FID":0,"POP1950":0,"POP1955":0,"POP1960":0,"POP1965":0,"POP1970":0,"POP1975":0,"POP1980":0,"POP1985":0,"POP1990":0,"POP1995":0,"POP2000":0,"POP2005":0,"POP2010":0,"POP2015":0,"POP2020":0,"POP2025":0,"POP2050":0,"MIN_ZOOM":6.7,"WIKIDATAID":"Q360326","WOF_ID":102027099,"CAPALT":0,"NAME_EN":"Tongling","NAME_DE":"Tongling","NAME_ES":"Tongling","NAME_FR":"Tongling","NAME_PT":"Tongling","NAME_RU":"Тунлин","NAME_ZH":"铜陵","LABEL":null,"NAME_AR":"تونغلينغ","NAME_BN":"থুংলিং","NAME_EL":"Τόνγκλινγκ","NAME_HI":"टोन्गलिंग","NAME_HU":"Tungling","NAME_ID":"Tongling","NAME_IT":"Tongling","NAME_JA":"銅陵市","NAME_KO":"퉁링시","NAME_NL":"Tongling","NAME_PL":"Tongling","NAME_SV":"Tongling","NAME_TR":"Tongling","NAME_VI":"Đồng Lăng","NE_ID":1159139717,"NAME_FA":"تانگلینگ","NAME_HE":"טונגלינג","NAME_UK":"Тунлін","NAME_UR":"تونگلنگ","NAME_ZHT":"銅陵市","GEONAMESID":1792621,"FCLASS_ISO":null,"FCLASS_US":null,"FCLASS_FR":null,"FCLASS_RU":null,"FCLASS_ES":null,"FCLASS_CN":null,"FCLASS_TW":null,"FCLASS_IN":null,"FCLASS_NP":null,"FCLASS_PK":null,"FCLASS_DE":null,"FCLASS_GB":null,"FCLASS_BR":null,"FCLASS_IL":null,"FCLASS_PS":null,"FCLASS_SA":null,"FCLASS_EG":null,"FCLASS_MA":null,"FCLASS_PT":null,"FCLASS_AR":null,"FCLASS_JP":null,"FCLASS_KO":null,"FCLASS_VN":null,"FCLASS_TR":null,"FCLASS_ID":null,"FCLASS_PL":null,"FCLASS_GR":null,"FCLASS_IT":null,"FCLASS_NL":null,"FCLASS_SE":null,"FCLASS_BD":null,"FCLASS_UA":null,"FCLASS_TLC":null},"bbox":[117.780035,30.950448,117.780035,30.950448],"geometry":{"type":"Point","coordinates":[117.780035,30.950448]}},{"type":"Feature","properties":{"SCALERANK":7,"NATSCALE":20,"LABELRANK":1,"FEATURECLA":"Populated place","NAME":"Maanshan","NAMEPAR":null,"NAMEALT":null,"NAMEASCII":"Maanshan","ADM0CAP":0,"CAPIN":null,"WORLDCITY":0,"MEGACITY":0,"SOV0NAME":"China","SOV_A3":"CHN","ADM0NAME":"China","ADM0_A3":"CHN","ADM1NAME":"Anhui","ISO_A2":"CN","NOTE":null,"LATITUDE":31.7304,"LONGITUDE":118.480044,"POP_MAX":1366302,"POP_MIN":633940,"POP_OTHER":767371,"RANK_MAX":12,"RANK_MIN":11,"MEGANAME":null,"LS_NAME":"Maanshan","MAX_POP10":737428,"MAX_POP20":737428,"MAX_POP50":0,"MAX_POP300":0,"MAX_POP310":0,"MAX_NATSCA":20,"MIN_AREAKM":211,"MAX_AREAKM":211,"MIN_AREAMI":81,"MAX_AREAMI":81,"MIN_PERKM":223,"MAX_PERKM":223,"MIN_PERMI":138,"MAX_PERMI":138,"MIN_BBXMIN":118.441667,"MAX_BBXMIN":118.441667,"MIN_BBXMAX":118.666667,"MAX_BBXMAX":118.666667,"MIN_BBYMIN":31.527945,"MAX_BBYMIN":31.527945,"MIN_BBYMAX":31.8,"MAX_BBYMAX":31.8,"MEAN_BBXC":118.525101,"MEAN_BBYC":31.666506,"TIMEZONE":null,"UN_FID":0,"POP1950":0,"POP1955":0,"POP1960":0,"POP1965":0,"POP1970":0,"POP1975":0,"POP1980":0,"POP1985":0,"POP1990":0,"POP1995":0,"POP2000":0,"POP2005":0,"POP2010":0,"POP2015":0,"POP2020":0,"POP2025":0,"POP2050":0,"MIN_ZOOM":6.7,"WIKIDATAID":"Q360235","WOF_ID":1141907557,"CAPALT":0,"NAME_EN":"Ma'anshan","NAME_DE":"Ma’anshan","NAME_ES":"Maanshan","NAME_FR":"Ma'anshan","NAME_PT":"Maanshan","NAME_RU":"Мааньшань","NAME_ZH":"马鞍山","LABEL":null,"NAME_AR":"مانشان","NAME_BN":"মা-আনশান","NAME_EL":"Μάανσαν","NAME_HI":"मानशान","NAME_HU":"Maanshan","NAME_ID":"Ma'anshan","NAME_IT":"Ma'anshan","NAME_JA":"馬鞍山市","NAME_KO":"마안산시","NAME_NL":"Ma'anshan","NAME_PL":"Ma'anshan","NAME_SV":"Ma'anshan","NAME_TR":"Ma'anshan","NAME_VI":"Mã An Sơn","NE_ID":1159139721,"NAME_FA":"مانشان","NAME_HE":"מאאנשאן","NAME_UK":"Мааньшань","NAME_UR":"مآنشان","NAME_ZHT":"馬鞍山市","GEONAMESID":-1,"FCLASS_ISO":null,"FCLASS_US":null,"FCLASS_FR":null,"FCLASS_RU":null,"FCLASS_ES":null,"FCLASS_CN":null,"FCLASS_TW":null,"FCLASS_IN":null,"FCLASS_NP":null,"FCLASS_PK":null,"FCLASS_DE":null,"FCLASS_GB":null,"FCLASS_BR":null,"FCLASS_IL":null,"FCLASS_PS":null,"FCLASS_SA":null,"FCLASS_EG":null,"FCLASS_MA":null,"FCLASS_PT":null,"FCLASS_AR":null,"FCLASS_JP":null,"FCLASS_KO":null,"FCLASS_VN":null,"FCLASS_TR":null,"FCLASS_ID":null,"FCLASS_PL":null,"FCLASS_GR":null,"FCLASS_IT":null,"FCLASS_NL":null,"FCLASS_SE":null,"FCLASS_BD":null,"FCLASS_UA":null,"FCLASS_TLC":null},"bbox":[118.485148,31.672564,118.485148,31.672564],"geometry":{"type":"Point","coordinates":[118.485148,31.672564]}},{"type":"Feature","properties":{"SCALERANK":7,"NATSCALE":20,"LABELRANK":1,"FEATURECLA":"Populated place","NAME":"Yangjiang","NAMEPAR":null,"NAMEALT":null,"NAMEASCII":"Yangjiang","ADM0CAP":0,"CAPIN":null,"WORLDCITY":0,"MEGACITY":0,"SOV0NAME":"China","SOV_A3":"CHN","ADM0NAME":"China","ADM0_A3":"CHN","ADM1NAME":"Guangdong","ISO_A2":"CN","NOTE":null,"LATITUDE":21.850409,"LONGITUDE":111.970002,"POP_MAX":872363,"POP_MIN":630000,"POP_OTHER":875370,"RANK_MAX":11,"RANK_MIN":11,"MEGANAME":null,"LS_NAME":"Yangjiang","MAX_POP10":872363,"MAX_POP20":872363,"MAX_POP50":0,"MAX_POP300":0,"MAX_POP310":0,"MAX_NATSCA":20,"MIN_AREAKM":445,"MAX_AREAKM":445,"MIN_AREAMI":172,"MAX_AREAMI":172,"MIN_PERKM":583,"MAX_PERKM":583,"MIN_PERMI":362,"MAX_PERMI":362,"MIN_BBXMIN":111.398144,"MAX_BBXMIN":111.398144,"MIN_BBXMAX":112.183333,"MAX_BBXMAX":112.183333,"MIN_BBYMIN":21.525,"MAX_BBYMIN":21.525,"MIN_BBYMAX":22.025,"MAX_BBYMAX":22.025,"MEAN_BBXC":111.759217,"MEAN_BBYC":21.8007,"TIMEZONE":"Asia/Chongqing","UN_FID":0,"POP1950":0,"POP1955":0,"POP1960":0,"POP1965":0,"POP1970":0,"POP1975":0,"POP1980":0,"POP1985":0,"POP1990":0,"POP1995":0,"POP2000":0,"POP2005":0,"POP2010":0,"POP2015":0,"POP2020":0,"POP2025":0,"POP2050":0,"MIN_ZOOM":6.7,"WIKIDATAID":"Q59209","WOF_ID":102027489,"CAPALT":0,"NAME_EN":"Yangjiang","NAME_DE":"Yangjiang","NAME_ES":"Yangjiang","NAME_FR":"Yangjiang","NAME_PT":"Yangjiang","NAME_RU":"Янцзян","NAME_ZH":"阳江","LABEL":null,"NAME_AR":"يانغجيانغ","NAME_BN":"ইয়াংচিয়াং","NAME_EL":"Γιανγκτσιάνγκ","NAME_HI":"यांगजिआंग","NAME_HU":"Yangjiang","NAME_ID":"Yangjiang","NAME_IT":"Yangjiang","NAME_JA":"陽江市","NAME_KO":"양장시","NAME_NL":"Yangjiang","NAME_PL":"Yangjiang","NAME_SV":"Yangjiang","NAME_TR":"Yangjiang","NAME_VI":"Dương Giang","NE_ID":1159139731,"NAME_FA":"یانگژیانگ","NAME_HE":"יאנגג'יאנג","NAME_UK":"Янцзян","NAME_UR":"ینگجیانگ","NAME_ZHT":"陽江市","GEONAMESID":1806408,"FCLASS_ISO":null,"FCLASS_US":null,"FCLASS_FR":null,"FCLASS_RU":null,"FCLASS_ES":null,"FCLASS_CN":null,"FCLASS_TW":null,"FCLASS_IN":null,"FCLASS_NP":null,"FCLASS_PK":null,"FCLASS_DE":null,"FCLASS_GB":null,"FCLASS_BR":null,"FCLASS_IL":null,"FCLASS_PS":null,"FCLASS_SA":null,"FCLASS_EG":null,"FCLASS_MA":null,"FCLASS_PT":null,"FCLASS_AR":null,"FCLASS_JP":null,"FCLASS_KO":null,"FCLASS_VN":null,"FCLASS_TR":null,"FCLASS_ID":null,"FCLASS_PL":null,"FCLASS_GR":null,"FCLASS_IT":null,"FCLASS_NL":null,"FCLASS_SE":null,"FCLASS_BD":null,"FCLASS_UA":null,"FCLASS_TLC":null},"bbox":[111.970002,21.850409,111.970002,21.850409],"geometry":{"type":"Point","coordinates":[111.970002,21.850409]}},{"type":"Feature","properties":{"SCALERANK":7,"NATSCALE":20,"LABELRANK":1,"FEATURECLA":"Populated place","NAME":"Meizhou","NAMEPAR":null,"NAMEALT":null,"NAMEASCII":"Meizhou","ADM0CAP":0,"CAPIN":null,"WORLDCITY":0,"MEGACITY":0,"SOV0NAME":"China","SOV_A3":"CHN","ADM0NAME":"China","ADM0_A3":"CHN","ADM1NAME":"Guangdong","ISO_A2":"CN","NOTE":null,"LATITUDE":24.300492,"LONGITUDE":116.119982,"POP_MAX":414930,"POP_MIN":144212,"POP_OTHER":425756,"RANK_MAX":10,"RANK_MIN":9,"MEGANAME":null,"LS_NAME":"Meizhou","MAX_POP10":414930,"MAX_POP20":414930,"MAX_POP50":0,"MAX_POP300":0,"MAX_POP310":0,"MAX_NATSCA":20,"MIN_AREAKM":119,"MAX_AREAKM":119,"MIN_AREAMI":46,"MAX_AREAMI":46,"MIN_PERKM":115,"MAX_PERKM":115,"MIN_PERMI":72,"MAX_PERMI":72,"MIN_BBXMIN":115.991667,"MAX_BBXMIN":115.991667,"MIN_BBXMAX":116.15,"MAX_BBXMAX":116.15,"MIN_BBYMIN":24.233333,"MAX_BBYMIN":24.233333,"MIN_BBYMAX":24.383333,"MAX_BBYMAX":24.383333,"MEAN_BBXC":116.088045,"MEAN_BBYC":24.298502,"TIMEZONE":"Asia/Shanghai","UN_FID":0,"POP1950":0,"POP1955":0,"POP1960":0,"POP1965":0,"POP1970":0,"POP1975":0,"POP1980":0,"POP1985":0,"POP1990":0,"POP1995":0,"POP2000":0,"POP2005":0,"POP2010":0,"POP2015":0,"POP2020":0,"POP2025":0,"POP2050":0,"MIN_ZOOM":6.7,"WIKIDATAID":"Q59184","WOF_ID":102027317,"CAPALT":0,"NAME_EN":"Meizhou","NAME_DE":"Meizhou","NAME_ES":"Meizhou","NAME_FR":"Meizhou","NAME_PT":"Meizhou","NAME_RU":"Мэйчжоу","NAME_ZH":"梅州","LABEL":null,"NAME_AR":"ماوزو","NAME_BN":"মেইচৌ","NAME_EL":"Μεϊτζόου","NAME_HI":"मैंज़होउ","NAME_HU":"Meizhou","NAME_ID":"Meizhou","NAME_IT":"Meizhou","NAME_JA":"梅州市","NAME_KO":"메이저우시","NAME_NL":"Meizhou","NAME_PL":"Meizhou","NAME_SV":"Meizhou","NAME_TR":"Meizhou","NAME_VI":"Mai Châu","NE_ID":1159139735,"NAME_FA":"ماوژوا","NAME_HE":"מאיז'ואו","NAME_UK":"Мейчжоу","NAME_UR":"مئیژو","NAME_ZHT":"梅州市","GEONAMESID":1800779,"FCLASS_ISO":null,"FCLASS_US":null,"FCLASS_FR":null,"FCLASS_RU":null,"FCLASS_ES":null,"FCLASS_CN":null,"FCLASS_TW":null,"FCLASS_IN":null,"FCLASS_NP":null,"FCLASS_PK":null,"FCLASS_DE":null,"FCLASS_GB":null,"FCLASS_BR":null,"FCLASS_IL":null,"FCLASS_PS":null,"FCLASS_SA":null,"FCLASS_EG":null,"FCLASS_MA":null,"FCLASS_PT":null,"FCLASS_AR":null,"FCLASS_JP":null,"FCLASS_KO":null,"FCLASS_VN":null,"FCLASS_TR":null,"FCLASS_ID":null,"FCLASS_PL":null,"FCLASS_GR":null,"FCLASS_IT":null,"FCLASS_NL":null,"FCLASS_SE":null,"FCLASS_BD":null,"FCLASS_UA":null,"FCLASS_TLC":null},"bbox":[116.119982,24.300492,116.119982,24.300492],"geometry":{"type":"Point","coordinates":[116.119982,24.300492]}},{"type":"Feature","properties":{"SCALERANK":7,"NATSCALE":20,"LABELRANK":1,"FEATURECLA":"Populated place","NAME":"Qingyuan","NAMEPAR":null,"NAMEALT":null,"NAMEASCII":"Qingyuan","ADM0CAP":0,"CAPIN":null,"WORLDCITY":0,"MEGACITY":0,"SOV0NAME":"China","SOV_A3":"CHN","ADM0NAME":"China","ADM0_A3":"CHN","ADM1NAME":"Guangdong","ISO_A2":"CN","NOTE":null,"LATITUDE":23.7004,"LONGITUDE":113.030093,"POP_MAX":706717,"POP_MIN":706717,"POP_OTHER":821153,"RANK_MAX":11,"RANK_MIN":11,"MEGANAME":null,"LS_NAME":"Qingyuan","MAX_POP10":466897,"MAX_POP20":466897,"MAX_POP50":0,"MAX_POP300":0,"MAX_POP310":0,"MAX_NATSCA":20,"MIN_AREAKM":292,"MAX_AREAKM":292,"MIN_AREAMI":113,"MAX_AREAMI":113,"MIN_PERKM":316,"MAX_PERKM":316,"MIN_PERMI":197,"MAX_PERMI":197,"MIN_BBXMIN":112.758333,"MAX_BBXMIN":112.758333,"MIN_BBXMAX":113.158333,"MAX_BBXMAX":113.158333,"MIN_BBYMIN":23.566667,"MAX_BBYMIN":23.566667,"MIN_BBYMAX":23.758333,"MAX_BBYMAX":23.758333,"MEAN_BBXC":112.971237,"MEAN_BBYC":23.661649,"TIMEZONE":"Asia/Chongqing","UN_FID":0,"POP1950":0,"POP1955":0,"POP1960":0,"POP1965":0,"POP1970":0,"POP1975":0,"POP1980":0,"POP1985":0,"POP1990":0,"POP1995":0,"POP2000":0,"POP2005":0,"POP2010":0,"POP2015":0,"POP2020":0,"POP2025":0,"POP2050":0,"MIN_ZOOM":6.7,"WIKIDATAID":"Q59213","WOF_ID":102027243,"CAPALT":0,"NAME_EN":"Qingyuan","NAME_DE":"Qingyuan","NAME_ES":"Qingyuan","NAME_FR":"Qingyuan","NAME_PT":"Qingyuan","NAME_RU":"Цинъюань","NAME_ZH":"清远","LABEL":null,"NAME_AR":"كينغوان","NAME_BN":"ছিংইউয়েন","NAME_EL":"Τσινγκγιουέν","NAME_HI":"किनग्यूआन","NAME_HU":"Qingyuan","NAME_ID":"Qingyuan","NAME_IT":"Qingyuan","NAME_JA":"清遠市","NAME_KO":"칭위안시","NAME_NL":"Qingyuan","NAME_PL":"Qingyuan","NAME_SV":"Qingyuan","NAME_TR":"Qingyuan","NAME_VI":"Thanh Viễn","NE_ID":1159139743,"NAME_FA":"کینگوان","NAME_HE":"קינגיואן","NAME_UK":"Цінь'юань","NAME_UR":"چینگیوان","NAME_ZHT":"清遠市","GEONAMESID":1797945,"FCLASS_ISO":null,"FCLASS_US":null,"FCLASS_FR":null,"FCLASS_RU":null,"FCLASS_ES":null,"FCLASS_CN":null,"FCLASS_TW":null,"FCLASS_IN":null,"FCLASS_NP":null,"FCLASS_PK":null,"FCLASS_DE":null,"FCLASS_GB":null,"FCLASS_BR":null,"FCLASS_IL":null,"FCLASS_PS":null,"FCLASS_SA":null,"FCLASS_EG":null,"FCLASS_MA":null,"FCLASS_PT":null,"FCLASS_AR":null,"FCLASS_JP":null,"FCLASS_KO":null,"FCLASS_VN":null,"FCLASS_TR":null,"FCLASS_ID":null,"FCLASS_PL":null,"FCLASS_GR":null,"FCLASS_IT":null,"FCLASS_NL":null,"FCLASS_SE":null,"FCLASS_BD":null,"FCLASS_UA":null,"FCLASS_TLC":null},"bbox":[113.030093,23.7004,113.030093,23.7004],"geometry":{"type":"Point","coordinates":[113.030093,23.7004]}},{"type":"Feature","properties":{"SCALERANK":7,"NATSCALE":20,"LABELRANK":1,"FEATURECLA":"Populated place","NAME":"Zhaoqing","NAMEPAR":null,"NAMEALT":null,"NAMEASCII":"Zhaoqing","ADM0CAP":0,"CAPIN":null,"WORLDCITY":0,"MEGACITY":0,"SOV0NAME":"China","SOV_A3":"CHN","ADM0NAME":"China","ADM0_A3":"CHN","ADM1NAME":"Guangdong","ISO_A2":"CN","NOTE":null,"LATITUDE":23.050413,"LONGITUDE":112.450025,"POP_MAX":480000,"POP_MIN":361969,"POP_OTHER":464572,"RANK_MAX":10,"RANK_MIN":10,"MEGANAME":null,"LS_NAME":"Zhaoqing","MAX_POP10":826260,"MAX_POP20":849411,"MAX_POP50":0,"MAX_POP300":0,"MAX_POP310":0,"MAX_NATSCA":20,"MIN_AREAKM":369,"MAX_AREAKM":390,"MIN_AREAMI":142,"MAX_AREAMI":151,"MIN_PERKM":459,"MAX_PERKM":484,"MIN_PERMI":285,"MAX_PERMI":301,"MIN_BBXMIN":112.291667,"MAX_BBXMIN":112.291667,"MIN_BBXMAX":112.788032,"MAX_BBXMAX":112.85,"MIN_BBYMIN":22.883333,"MAX_BBYMIN":22.883333,"MIN_BBYMAX":23.158333,"MAX_BBYMAX":23.158333,"MEAN_BBXC":112.560058,"MEAN_BBYC":23.019698,"TIMEZONE":"Asia/Chongqing","UN_FID":0,"POP1950":0,"POP1955":0,"POP1960":0,"POP1965":0,"POP1970":0,"POP1975":0,"POP1980":0,"POP1985":0,"POP1990":0,"POP1995":0,"POP2000":0,"POP2005":0,"POP2010":0,"POP2015":0,"POP2020":0,"POP2025":0,"POP2050":0,"MIN_ZOOM":6.7,"WIKIDATAID":"Q59164","WOF_ID":102026905,"CAPALT":0,"NAME_EN":"Zhaoqing","NAME_DE":"Zhaoqing","NAME_ES":"Zhaoqing","NAME_FR":"Zhaoqing","NAME_PT":"Zhaoqing","NAME_RU":"Чжаоцин","NAME_ZH":"肇庆","LABEL":null,"NAME_AR":"زاوشينغ","NAME_BN":"চাওছিং","NAME_EL":"Τζάοτσινγκ","NAME_HI":"ज़हॉकिंग","NAME_HU":"Zhaoqing","NAME_ID":"Zhaoqing","NAME_IT":"Zhaoqing","NAME_JA":"肇慶市","NAME_KO":"자오칭시","NAME_NL":"Zhaoqing","NAME_PL":"Zhaoqing","NAME_SV":"Zhaoqing","NAME_TR":"Zhaoqing","NAME_VI":"Triệu Khánh","NE_ID":1159139749,"NAME_FA":"ژاوکینگ","NAME_HE":"ג'אוצ'ינג","NAME_UK":"Чжаоцін","NAME_UR":"ژاوچنگ","NAME_ZHT":"肇慶市","GEONAMESID":1784853,"FCLASS_ISO":null,"FCLASS_US":null,"FCLASS_FR":null,"FCLASS_RU":null,"FCLASS_ES":null,"FCLASS_CN":null,"FCLASS_TW":null,"FCLASS_IN":null,"FCLASS_NP":null,"FCLASS_PK":null,"FCLASS_DE":null,"FCLASS_GB":null,"FCLASS_BR":null,"FCLASS_IL":null,"FCLASS_PS":null,"FCLASS_SA":null,"FCLASS_EG":null,"FCLASS_MA":null,"FCLASS_PT":null,"FCLASS_AR":null,"FCLASS_JP":null,"FCLASS_KO":null,"FCLASS_VN":null,"FCLASS_TR":null,"FCLASS_ID":null,"FCLASS_PL":null,"FCLASS_GR":null,"FCLASS_IT":null,"FCLASS_NL":null,"FCLASS_SE":null,"FCLASS_BD":null,"FCLASS_UA":null,"FCLASS_TLC":null},"bbox":[112.450025,23.050413,112.450025,23.050413],"geometry":{"type":"Point","coordinates":[112.450025,23.050413]}},{"type":"Feature","properties":{"SCALERANK":7,"NATSCALE":20,"LABELRANK":1,"FEATURECLA":"Populated place","NAME":"Jiangmen","NAMEPAR":null,"NAMEALT":null,"NAMEASCII":"Jiangmen","ADM0CAP":0,"CAPIN":null,"WORLDCITY":0,"MEGACITY":0,"SOV0NAME":"China","SOV_A3":"CHN","ADM0NAME":"China","ADM0_A3":"CHN","ADM1NAME":"Guangdong","ISO_A2":"CN","NOTE":null,"LATITUDE":22.58039,"LONGITUDE":113.080012,"POP_MAX":532419,"POP_MIN":532419,"POP_OTHER":5027577,"RANK_MAX":11,"RANK_MIN":11,"MEGANAME":null,"LS_NAME":"Jiangmen","MAX_POP10":5070598,"MAX_POP20":5860296,"MAX_POP50":0,"MAX_POP300":0,"MAX_POP310":0,"MAX_NATSCA":20,"MIN_AREAKM":2247,"MAX_AREAKM":2604,"MIN_AREAMI":868,"MAX_AREAMI":1005,"MIN_PERKM":1925,"MAX_PERKM":2262,"MIN_PERMI":1196,"MAX_PERMI":1406,"MIN_BBXMIN":112.533333,"MAX_BBXMIN":112.533333,"MIN_BBXMAX":113.528823,"MAX_BBXMAX":113.528823,"MIN_BBYMIN":21.925,"MAX_BBYMIN":21.925,"MIN_BBYMAX":22.822805,"MAX_BBYMAX":22.994222,"MEAN_BBXC":113.058969,"MEAN_BBYC":22.529434,"TIMEZONE":"Asia/Chongqing","UN_FID":0,"POP1950":0,"POP1955":0,"POP1960":0,"POP1965":0,"POP1970":0,"POP1975":0,"POP1980":0,"POP1985":0,"POP1990":0,"POP1995":0,"POP2000":0,"POP2005":0,"POP2010":0,"POP2015":0,"POP2020":0,"POP2025":0,"POP2050":0,"MIN_ZOOM":6.7,"WIKIDATAID":"Q59132","WOF_ID":102027487,"CAPALT":0,"NAME_EN":"Jiangmen","NAME_DE":"Jiangmen","NAME_ES":"Jiangmen","NAME_FR":"Jiangmen","NAME_PT":"Jiangmen","NAME_RU":"Цзянмэнь","NAME_ZH":"江门","LABEL":null,"NAME_AR":"جيانغمن","NAME_BN":"চিয়াংমেন","NAME_EL":"Τσιάνγκμεν","NAME_HI":"जिआंगमेन","NAME_HU":"Jiangmen","NAME_ID":"Jiangmen","NAME_IT":"Jiangmen","NAME_JA":"江門市","NAME_KO":"장먼시","NAME_NL":"Jiangmen","NAME_PL":"Jiangmen","NAME_SV":"Jiangmen","NAME_TR":"Jiangmen","NAME_VI":"Giang Môn","NE_ID":1159139757,"NAME_FA":"ژیانگمن","NAME_HE":"ג'יאנגמן","NAME_UK":"Цзянминь","NAME_UR":"جیانگمین","NAME_ZHT":"江門市","GEONAMESID":1806299,"FCLASS_ISO":null,"FCLASS_US":null,"FCLASS_FR":null,"FCLASS_RU":null,"FCLASS_ES":null,"FCLASS_CN":null,"FCLASS_TW":null,"FCLASS_IN":null,"FCLASS_NP":null,"FCLASS_PK":null,"FCLASS_DE":null,"FCLASS_GB":null,"FCLASS_BR":null,"FCLASS_IL":null,"FCLASS_PS":null,"FCLASS_SA":null,"FCLASS_EG":null,"FCLASS_MA":null,"FCLASS_PT":null,"FCLASS_AR":null,"FCLASS_JP":null,"FCLASS_KO":null,"FCLASS_VN":null,"FCLASS_TR":null,"FCLASS_ID":null,"FCLASS_PL":null,"FCLASS_GR":null,"FCLASS_IT":null,"FCLASS_NL":null,"FCLASS_SE":null,"FCLASS_BD":null,"FCLASS_UA":null,"FCLASS_TLC":null},"bbox":[113.080012,22.58039,113.080012,22.58039],"geometry":{"type":"Point","coordinates":[113.080012,22.58039]}},{"type":"Feature","properties":{"SCALERANK":7,"NATSCALE":20,"LABELRANK":1,"FEATURECLA":"Populated place","NAME":"Maoming","NAMEPAR":null,"NAMEALT":null,"NAMEASCII":"Maoming","ADM0CAP":0,"CAPIN":null,"WORLDCITY":0,"MEGACITY":0,"SOV0NAME":"China","SOV_A3":"CHN","ADM0NAME":"China","ADM0_A3":"CHN","ADM1NAME":"Guangdong","ISO_A2":"CN","NOTE":null,"LATITUDE":21.920405,"LONGITUDE":110.870018,"POP_MAX":1217715,"POP_MIN":1217715,"POP_OTHER":3706830,"RANK_MAX":12,"RANK_MIN":12,"MEGANAME":null,"LS_NAME":"Maoming","MAX_POP10":3753912,"MAX_POP20":3753912,"MAX_POP50":0,"MAX_POP300":0,"MAX_POP310":0,"MAX_NATSCA":20,"MIN_AREAKM":2238,"MAX_AREAKM":2238,"MIN_AREAMI":864,"MAX_AREAMI":864,"MIN_PERKM":2249,"MAX_PERKM":2249,"MIN_PERMI":1397,"MAX_PERMI":1397,"MIN_BBXMIN":110.505013,"MAX_BBXMIN":110.505013,"MIN_BBXMAX":111.407162,"MAX_BBXMAX":111.407162,"MIN_BBYMIN":21.391667,"MAX_BBYMIN":21.391667,"MIN_BBYMAX":22.591667,"MAX_BBYMAX":22.591667,"MEAN_BBXC":110.949865,"MEAN_BBYC":21.758692,"TIMEZONE":null,"UN_FID":0,"POP1950":0,"POP1955":0,"POP1960":0,"POP1965":0,"POP1970":0,"POP1975":0,"POP1980":0,"POP1985":0,"POP1990":0,"POP1995":0,"POP2000":0,"POP2005":0,"POP2010":0,"POP2015":0,"POP2020":0,"POP2025":0,"POP2050":0,"MIN_ZOOM":6.1,"WIKIDATAID":"Q38927","WOF_ID":1141907561,"CAPALT":0,"NAME_EN":"Maoming","NAME_DE":"Maoming","NAME_ES":"Maoming","NAME_FR":"Maoming","NAME_PT":"Chaozhou","NAME_RU":"Маомин","NAME_ZH":"茂名","LABEL":null,"NAME_AR":"ماومينغ","NAME_BN":"মাওমিং","NAME_EL":"Μαομίνγκ","NAME_HI":"माओमिंग","NAME_HU":"Maoming","NAME_ID":"Maoming","NAME_IT":"Maoming","NAME_JA":"茂名市","NAME_KO":"마오밍시","NAME_NL":"Maoming","NAME_PL":"Maoming","NAME_SV":"Maoming","NAME_TR":"Maoming","NAME_VI":"Mậu Danh","NE_ID":1159139761,"NAME_FA":"ماومینگ","NAME_HE":"מאומינג","NAME_UK":"Маомін","NAME_UR":"ماومنگ","NAME_ZHT":"茂名市","GEONAMESID":-1,"FCLASS_ISO":null,"FCLASS_US":null,"FCLASS_FR":null,"FCLASS_RU":null,"FCLASS_ES":null,"FCLASS_CN":null,"FCLASS_TW":null,"FCLASS_IN":null,"FCLASS_NP":null,"FCLASS_PK":null,"FCLASS_DE":null,"FCLASS_GB":null,"FCLASS_BR":null,"FCLASS_IL":null,"FCLASS_PS":null,"FCLASS_SA":null,"FCLASS_EG":null,"FCLASS_MA":null,"FCLASS_PT":null,"FCLASS_AR":null,"FCLASS_JP":null,"FCLASS_KO":null,"FCLASS_VN":null,"FCLASS_TR":null,"FCLASS_ID":null,"FCLASS_PL":null,"FCLASS_GR":null,"FCLASS_IT":null,"FCLASS_NL":null,"FCLASS_SE":null,"FCLASS_BD":null,"FCLASS_UA":null,"FCLASS_TLC":null},"bbox":[110.870018,21.920405,110.870018,21.920405],"geometry":{"type":"Point","coordinates":[110.870018,21.920405]}},{"type":"Feature","properties":{"SCALERANK":7,"NATSCALE":20,"LABELRANK":1,"FEATURECLA":"Populated place","NAME":"Turpan","NAMEPAR":null,"NAMEALT":null,"NAMEASCII":"Turpan","ADM0CAP":0,"CAPIN":null,"WORLDCITY":0,"MEGACITY":0,"SOV0NAME":"China","SOV_A3":"CHN","ADM0NAME":"China","ADM0_A3":"CHN","ADM1NAME":"Xinjiang Uygur","ISO_A2":"CN","NOTE":null,"LATITUDE":42.935375,"LONGITUDE":89.165038,"POP_MAX":651853,"POP_MIN":102827,"POP_OTHER":97137,"RANK_MAX":11,"RANK_MIN":9,"MEGANAME":null,"LS_NAME":"Turpan","MAX_POP10":102827,"MAX_POP20":102827,"MAX_POP50":0,"MAX_POP300":0,"MAX_POP310":0,"MAX_NATSCA":20,"MIN_AREAKM":34,"MAX_AREAKM":34,"MIN_AREAMI":13,"MAX_AREAMI":13,"MIN_PERKM":63,"MAX_PERKM":63,"MIN_PERMI":39,"MAX_PERMI":39,"MIN_BBXMIN":89.116667,"MAX_BBXMIN":89.116667,"MIN_BBXMAX":89.233333,"MAX_BBXMAX":89.233333,"MIN_BBYMIN":42.908333,"MAX_BBYMIN":42.908333,"MIN_BBYMAX":42.983333,"MAX_BBYMAX":42.983333,"MEAN_BBXC":89.175154,"MEAN_BBYC":42.949691,"TIMEZONE":"Asia/Urumqi","UN_FID":0,"POP1950":0,"POP1955":0,"POP1960":0,"POP1965":0,"POP1970":0,"POP1975":0,"POP1980":0,"POP1985":0,"POP1990":0,"POP1995":0,"POP2000":0,"POP2005":0,"POP2010":0,"POP2015":0,"POP2020":0,"POP2025":0,"POP2050":0,"MIN_ZOOM":6.1,"WIKIDATAID":"Q868527","WOF_ID":890514681,"CAPALT":0,"NAME_EN":"Turpan","NAME_DE":"Turpan","NAME_ES":"Turfán","NAME_FR":"Tourfan","NAME_PT":"Turpan","NAME_RU":"Турфан","NAME_ZH":"吐鲁番","LABEL":null,"NAME_AR":"توربان","NAME_BN":"তুরফান","NAME_EL":"Τούρπαν","NAME_HI":"तुरफ़ान","NAME_HU":"Turpan","NAME_ID":"Prefektur Turfan","NAME_IT":"Turfan","NAME_JA":"トルファン市","NAME_KO":"투루판시","NAME_NL":"Turpan","NAME_PL":"Turfan","NAME_SV":"Turpan","NAME_TR":"Turfan İli","NAME_VI":"Turfan","NE_ID":1159140707,"NAME_FA":"ولایت تورفان","NAME_HE":"טורפאן","NAME_UK":"Турфан","NAME_UR":"تورپان","NAME_ZHT":"吐魯番市","GEONAMESID":1529114,"FCLASS_ISO":null,"FCLASS_US":null,"FCLASS_FR":null,"FCLASS_RU":null,"FCLASS_ES":null,"FCLASS_CN":null,"FCLASS_TW":null,"FCLASS_IN":null,"FCLASS_NP":null,"FCLASS_PK":null,"FCLASS_DE":null,"FCLASS_GB":null,"FCLASS_BR":null,"FCLASS_IL":null,"FCLASS_PS":null,"FCLASS_SA":null,"FCLASS_EG":null,"FCLASS_MA":null,"FCLASS_PT":null,"FCLASS_AR":null,"FCLASS_JP":null,"FCLASS_KO":null,"FCLASS_VN":null,"FCLASS_TR":null,"FCLASS_ID":null,"FCLASS_PL":null,"FCLASS_GR":null,"FCLASS_IT":null,"FCLASS_NL":null,"FCLASS_SE":null,"FCLASS_BD":null,"FCLASS_UA":null,"FCLASS_TLC":null},"bbox":[89.165038,42.935375,89.165038,42.935375],"geometry":{"type":"Point","coordinates":[89.165038,42.935375]}},{"type":"Feature","properties":{"SCALERANK":7,"NATSCALE":20,"LABELRANK":1,"FEATURECLA":"Populated place","NAME":"Shuozhou","NAMEPAR":null,"NAMEALT":null,"NAMEASCII":"Shuozhou","ADM0CAP":0,"CAPIN":null,"WORLDCITY":0,"MEGACITY":0,"SOV0NAME":"China","SOV_A3":"CHN","ADM0NAME":"China","ADM0_A3":"CHN","ADM1NAME":"Shanxi","ISO_A2":"CN","NOTE":null,"LATITUDE":39.300378,"LONGITUDE":112.420001,"POP_MAX":570000,"POP_MIN":246137,"POP_OTHER":230518,"RANK_MAX":11,"RANK_MIN":10,"MEGANAME":null,"LS_NAME":"Shouzhou","MAX_POP10":246137,"MAX_POP20":246137,"MAX_POP50":0,"MAX_POP300":0,"MAX_POP310":0,"MAX_NATSCA":20,"MIN_AREAKM":136,"MAX_AREAKM":136,"MIN_AREAMI":53,"MAX_AREAMI":53,"MIN_PERKM":175,"MAX_PERKM":175,"MIN_PERMI":109,"MAX_PERMI":109,"MIN_BBXMIN":112.366667,"MAX_BBXMIN":112.366667,"MIN_BBXMAX":112.6,"MAX_BBXMAX":112.6,"MIN_BBYMIN":39.25,"MAX_BBYMIN":39.25,"MIN_BBYMAX":39.425,"MAX_BBYMAX":39.425,"MEAN_BBXC":112.468557,"MEAN_BBYC":39.349898,"TIMEZONE":null,"UN_FID":0,"POP1950":0,"POP1955":0,"POP1960":0,"POP1965":0,"POP1970":0,"POP1975":0,"POP1980":0,"POP1985":0,"POP1990":0,"POP1995":0,"POP2000":0,"POP2005":0,"POP2010":0,"POP2015":0,"POP2020":0,"POP2025":0,"POP2050":0,"MIN_ZOOM":6.1,"WIKIDATAID":"Q73020","WOF_ID":1141907671,"CAPALT":0,"NAME_EN":"Shuozhou","NAME_DE":"Shuozhou","NAME_ES":"Shuozhou","NAME_FR":"Shuozhou","NAME_PT":"Shuozhou","NAME_RU":"Шочжоу","NAME_ZH":"朔州","LABEL":null,"NAME_AR":"شوزو","NAME_BN":"সউঝু","NAME_EL":"Σούοζου","NAME_HI":"शुओज़्हौ","NAME_HU":"Shuozhou","NAME_ID":"Shuozhou","NAME_IT":"Shuozhou","NAME_JA":"朔州市","NAME_KO":"숴저우시","NAME_NL":"Shuozhou","NAME_PL":"Shuozhou","NAME_SV":"Shuozhou","NAME_TR":"Shuozhou","NAME_VI":"Sóc Châu","NE_ID":1159140741,"NAME_FA":"شوجو","NAME_HE":"ז'וז'ואו","NAME_UK":"Шочжоу","NAME_UR":"شیوژوو","NAME_ZHT":"朔州市","GEONAMESID":-1,"FCLASS_ISO":null,"FCLASS_US":null,"FCLASS_FR":null,"FCLASS_RU":null,"FCLASS_ES":null,"FCLASS_CN":null,"FCLASS_TW":null,"FCLASS_IN":null,"FCLASS_NP":null,"FCLASS_PK":null,"FCLASS_DE":null,"FCLASS_GB":null,"FCLASS_BR":null,"FCLASS_IL":null,"FCLASS_PS":null,"FCLASS_SA":null,"FCLASS_EG":null,"FCLASS_MA":null,"FCLASS_PT":null,"FCLASS_AR":null,"FCLASS_JP":null,"FCLASS_KO":null,"FCLASS_VN":null,"FCLASS_TR":null,"FCLASS_ID":null,"FCLASS_PL":null,"FCLASS_GR":null,"FCLASS_IT":null,"FCLASS_NL":null,"FCLASS_SE":null,"FCLASS_BD":null,"FCLASS_UA":null,"FCLASS_TLC":null},"bbox":[112.420001,39.300378,112.420001,39.300378],"geometry":{"type":"Point","coordinates":[112.420001,39.300378]}},{"type":"Feature","properties":{"SCALERANK":7,"NATSCALE":20,"LABELRANK":1,"FEATURECLA":"Populated place","NAME":"Jincheng","NAMEPAR":null,"NAMEALT":null,"NAMEASCII":"Jincheng","ADM0CAP":0,"CAPIN":null,"WORLDCITY":0,"MEGACITY":0,"SOV0NAME":"China","SOV_A3":"CHN","ADM0NAME":"China","ADM0_A3":"CHN","ADM1NAME":"Shanxi","ISO_A2":"CN","NOTE":null,"LATITUDE":35.500377,"LONGITUDE":112.830002,"POP_MAX":760000,"POP_MIN":280000,"POP_OTHER":1117825,"RANK_MAX":11,"RANK_MIN":10,"MEGANAME":null,"LS_NAME":"Jincheng","MAX_POP10":845303,"MAX_POP20":845132,"MAX_POP50":0,"MAX_POP300":0,"MAX_POP310":0,"MAX_NATSCA":20,"MIN_AREAKM":529,"MAX_AREAKM":532,"MIN_AREAMI":204,"MAX_AREAMI":205,"MIN_PERKM":490,"MAX_PERKM":493,"MIN_PERMI":304,"MAX_PERMI":306,"MIN_BBXMIN":112.75,"MAX_BBXMIN":112.75,"MIN_BBXMAX":113.033333,"MAX_BBXMAX":113.033333,"MIN_BBYMIN":35.408333,"MAX_BBYMIN":35.408333,"MIN_BBYMAX":35.889313,"MAX_BBYMAX":35.889313,"MEAN_BBXC":112.882791,"MEAN_BBYC":35.645717,"TIMEZONE":"Asia/Chongqing","UN_FID":0,"POP1950":0,"POP1955":0,"POP1960":0,"POP1965":0,"POP1970":0,"POP1975":0,"POP1980":0,"POP1985":0,"POP1990":0,"POP1995":0,"POP2000":0,"POP2005":0,"POP2010":0,"POP2015":0,"POP2020":0,"POP2025":0,"POP2050":0,"MIN_ZOOM":6.1,"WIKIDATAID":"Q72990","WOF_ID":102027457,"CAPALT":0,"NAME_EN":"Jincheng","NAME_DE":"Jincheng","NAME_ES":"Jincheng","NAME_FR":"Jincheng","NAME_PT":"Jincheng","NAME_RU":"Цзиньчэн","NAME_ZH":"晋城","LABEL":null,"NAME_AR":"جينتشنغ","NAME_BN":"জিনচেং","NAME_EL":"Τζίντσενγκ","NAME_HI":"जिनचेंग","NAME_HU":"Jincheng","NAME_ID":"Jincheng","NAME_IT":"Jincheng","NAME_JA":"晋城市","NAME_KO":"진청시","NAME_NL":"Jincheng","NAME_PL":"Jincheng","NAME_SV":"Jincheng","NAME_TR":"Jincheng","NAME_VI":"Tấn Thành","NE_ID":1159140747,"NAME_FA":"جینچن","NAME_HE":"ג'ינצ'נג","NAME_UK":"Цзіньчен","NAME_UR":"جنچینگ","NAME_ZHT":"晉城市","GEONAMESID":1805741,"FCLASS_ISO":null,"FCLASS_US":null,"FCLASS_FR":null,"FCLASS_RU":null,"FCLASS_ES":null,"FCLASS_CN":null,"FCLASS_TW":null,"FCLASS_IN":null,"FCLASS_NP":null,"FCLASS_PK":null,"FCLASS_DE":null,"FCLASS_GB":null,"FCLASS_BR":null,"FCLASS_IL":null,"FCLASS_PS":null,"FCLASS_SA":null,"FCLASS_EG":null,"FCLASS_MA":null,"FCLASS_PT":null,"FCLASS_AR":null,"FCLASS_JP":null,"FCLASS_KO":null,"FCLASS_VN":null,"FCLASS_TR":null,"FCLASS_ID":null,"FCLASS_PL":null,"FCLASS_GR":null,"FCLASS_IT":null,"FCLASS_NL":null,"FCLASS_SE":null,"FCLASS_BD":null,"FCLASS_UA":null,"FCLASS_TLC":null},"bbox":[112.830002,35.500377,112.830002,35.500377],"geometry":{"type":"Point","coordinates":[112.830002,35.500377]}},{"type":"Feature","properties":{"SCALERANK":7,"NATSCALE":20,"LABELRANK":1,"FEATURECLA":"Populated place","NAME":"Changzhi","NAMEPAR":null,"NAMEALT":null,"NAMEASCII":"Changzhi","ADM0CAP":0,"CAPIN":null,"WORLDCITY":0,"MEGACITY":0,"SOV0NAME":"China","SOV_A3":"CHN","ADM0NAME":"China","ADM0_A3":"CHN","ADM1NAME":"Shanxi","ISO_A2":"CN","NOTE":null,"LATITUDE":36.183875,"LONGITUDE":113.105282,"POP_MAX":706000,"POP_MIN":706000,"POP_OTHER":1382124,"RANK_MAX":11,"RANK_MIN":11,"MEGANAME":null,"LS_NAME":"Changzhi","MAX_POP10":1573808,"MAX_POP20":1573808,"MAX_POP50":0,"MAX_POP300":0,"MAX_POP310":0,"MAX_NATSCA":20,"MIN_AREAKM":940,"MAX_AREAKM":940,"MIN_AREAMI":363,"MAX_AREAMI":363,"MIN_PERKM":1049,"MAX_PERKM":1049,"MIN_PERMI":652,"MAX_PERMI":652,"MIN_BBXMIN":112.758333,"MAX_BBXMIN":112.758333,"MIN_BBXMAX":113.325,"MAX_BBXMAX":113.325,"MIN_BBYMIN":35.966667,"MAX_BBYMIN":35.966667,"MIN_BBYMAX":36.608333,"MAX_BBYMAX":36.608333,"MEAN_BBXC":113.028639,"MEAN_BBYC":36.260799,"TIMEZONE":null,"UN_FID":0,"POP1950":0,"POP1955":0,"POP1960":0,"POP1965":0,"POP1970":0,"POP1975":0,"POP1980":0,"POP1985":0,"POP1990":0,"POP1995":0,"POP2000":0,"POP2005":0,"POP2010":0,"POP2015":0,"POP2020":0,"POP2025":0,"POP2050":0,"MIN_ZOOM":6.1,"WIKIDATAID":"Q72945","WOF_ID":1141907673,"CAPALT":0,"NAME_EN":"Changzhi","NAME_DE":"Changzhi","NAME_ES":"Changzhi","NAME_FR":"Changzhi","NAME_PT":"Changzhi","NAME_RU":"Чанчжи","NAME_ZH":"长治","LABEL":null,"NAME_AR":"تشانغ تشى","NAME_BN":"চ্যাংঝি","NAME_EL":"Τσανγκζί","NAME_HI":"चांग्ज़ी","NAME_HU":"Changzhi","NAME_ID":"Changzhi","NAME_IT":"Changzhi","NAME_JA":"長治市","NAME_KO":"창즈시","NAME_NL":"Changzhi","NAME_PL":"Changzhi","NAME_SV":"Changzhi","NAME_TR":"Changzhi","NAME_VI":"Trường Trị","NE_ID":1159140757,"NAME_FA":"چانگجی","NAME_HE":"צ'אנגז'י","NAME_UK":"Чанчжи","NAME_UR":"چانگژی","NAME_ZHT":"長治市","GEONAMESID":-1,"FCLASS_ISO":null,"FCLASS_US":null,"FCLASS_FR":null,"FCLASS_RU":null,"FCLASS_ES":null,"FCLASS_CN":null,"FCLASS_TW":null,"FCLASS_IN":null,"FCLASS_NP":null,"FCLASS_PK":null,"FCLASS_DE":null,"FCLASS_GB":null,"FCLASS_BR":null,"FCLASS_IL":null,"FCLASS_PS":null,"FCLASS_SA":null,"FCLASS_EG":null,"FCLASS_MA":null,"FCLASS_PT":null,"FCLASS_AR":null,"FCLASS_JP":null,"FCLASS_KO":null,"FCLASS_VN":null,"FCLASS_TR":null,"FCLASS_ID":null,"FCLASS_PL":null,"FCLASS_GR":null,"FCLASS_IT":null,"FCLASS_NL":null,"FCLASS_SE":null,"FCLASS_BD":null,"FCLASS_UA":null,"FCLASS_TLC":null},"bbox":[113.105282,36.183875,113.105282,36.183875],"geometry":{"type":"Point","coordinates":[113.105282,36.183875]}},{"type":"Feature","properties":{"SCALERANK":7,"NATSCALE":20,"LABELRANK":1,"FEATURECLA":"Populated place","NAME":"Jingmen","NAMEPAR":null,"NAMEALT":null,"NAMEASCII":"Jingmen","ADM0CAP":0,"CAPIN":null,"WORLDCITY":0,"MEGACITY":0,"SOV0NAME":"China","SOV_A3":"CHN","ADM0NAME":"China","ADM0_A3":"CHN","ADM1NAME":"Hubei","ISO_A2":"CN","NOTE":null,"LATITUDE":31.030392,"LONGITUDE":112.10002,"POP_MAX":400000,"POP_MIN":400000,"POP_OTHER":615611,"RANK_MAX":10,"RANK_MIN":10,"MEGANAME":null,"LS_NAME":"Jingmen","MAX_POP10":852284,"MAX_POP20":1466034,"MAX_POP50":0,"MAX_POP300":0,"MAX_POP310":0,"MAX_NATSCA":20,"MIN_AREAKM":849,"MAX_AREAKM":1596,"MIN_AREAMI":328,"MAX_AREAMI":616,"MIN_PERKM":1044,"MAX_PERKM":1980,"MIN_PERMI":649,"MAX_PERMI":1230,"MIN_BBXMIN":111.733333,"MAX_BBXMIN":111.733333,"MIN_BBXMAX":112.541667,"MAX_BBXMAX":112.847998,"MIN_BBYMIN":30.458333,"MAX_BBYMIN":30.628047,"MIN_BBYMAX":31.45,"MAX_BBYMAX":31.45,"MEAN_BBXC":112.22541,"MEAN_BBYC":30.898282,"TIMEZONE":null,"UN_FID":0,"POP1950":0,"POP1955":0,"POP1960":0,"POP1965":0,"POP1970":0,"POP1975":0,"POP1980":0,"POP1985":0,"POP1990":0,"POP1995":0,"POP2000":0,"POP2005":0,"POP2010":0,"POP2015":0,"POP2020":0,"POP2025":0,"POP2050":0,"MIN_ZOOM":6.7,"WIKIDATAID":"Q71323","WOF_ID":1141907675,"CAPALT":0,"NAME_EN":"Jingmen City","NAME_DE":"Jingmen","NAME_ES":"Jingmen","NAME_FR":"Jingmen","NAME_PT":"Jingmen","NAME_RU":"Цзинмэнь","NAME_ZH":"荆门","LABEL":null,"NAME_AR":"مدينة جينغمن","NAME_BN":"চিংমেন","NAME_EL":"Τζίνγκμεν","NAME_HI":"जिंगमेन सिटी","NAME_HU":"Jingmen","NAME_ID":"Jingmen City","NAME_IT":"Jingmen","NAME_JA":"荊門市","NAME_KO":"징먼시","NAME_NL":"Jingmen","NAME_PL":"Jingmen","NAME_SV":"Jingmen","NAME_TR":"Jingmen","NAME_VI":"Kinh Môn","NE_ID":1159140765,"NAME_FA":"جینگمن","NAME_HE":"ג'ינגמן","NAME_UK":"Цзінмень","NAME_UR":"جنگمین","NAME_ZHT":"荊門市","GEONAMESID":1805611,"FCLASS_ISO":null,"FCLASS_US":null,"FCLASS_FR":null,"FCLASS_RU":null,"FCLASS_ES":null,"FCLASS_CN":null,"FCLASS_TW":null,"FCLASS_IN":null,"FCLASS_NP":null,"FCLASS_PK":null,"FCLASS_DE":null,"FCLASS_GB":null,"FCLASS_BR":null,"FCLASS_IL":null,"FCLASS_PS":null,"FCLASS_SA":null,"FCLASS_EG":null,"FCLASS_MA":null,"FCLASS_PT":null,"FCLASS_AR":null,"FCLASS_JP":null,"FCLASS_KO":null,"FCLASS_VN":null,"FCLASS_TR":null,"FCLASS_ID":null,"FCLASS_PL":null,"FCLASS_GR":null,"FCLASS_IT":null,"FCLASS_NL":null,"FCLASS_SE":null,"FCLASS_BD":null,"FCLASS_UA":null,"FCLASS_TLC":null},"bbox":[112.201034,31.03141,112.201034,31.03141],"geometry":{"type":"Point","coordinates":[112.201034,31.03141]}},{"type":"Feature","properties":{"SCALERANK":7,"NATSCALE":20,"LABELRANK":1,"FEATURECLA":"Populated place","NAME":"Xiangtan","NAMEPAR":null,"NAMEALT":null,"NAMEASCII":"Xiangtan","ADM0CAP":0,"CAPIN":null,"WORLDCITY":0,"MEGACITY":0,"SOV0NAME":"China","SOV_A3":"CHN","ADM0NAME":"China","ADM0_A3":"CHN","ADM1NAME":"Hunan","ISO_A2":"CN","NOTE":null,"LATITUDE":27.850431,"LONGITUDE":112.900023,"POP_MAX":2586948,"POP_MIN":1779960,"POP_OTHER":1421552,"RANK_MAX":12,"RANK_MIN":12,"MEGANAME":null,"LS_NAME":"Xiangtan","MAX_POP10":1437320,"MAX_POP20":1437320,"MAX_POP50":0,"MAX_POP300":0,"MAX_POP310":0,"MAX_NATSCA":20,"MIN_AREAKM":749,"MAX_AREAKM":749,"MIN_AREAMI":289,"MAX_AREAMI":289,"MIN_PERKM":821,"MAX_PERKM":821,"MIN_PERMI":510,"MAX_PERMI":510,"MIN_BBXMIN":112.475,"MAX_BBXMIN":112.475,"MIN_BBXMAX":113.031831,"MAX_BBXMAX":113.033333,"MIN_BBYMIN":27.708333,"MAX_BBYMIN":27.708333,"MIN_BBYMAX":28.1,"MAX_BBYMAX":28.1,"MEAN_BBXC":112.750535,"MEAN_BBYC":27.896169,"TIMEZONE":"Asia/Chongqing","UN_FID":0,"POP1950":0,"POP1955":0,"POP1960":0,"POP1965":0,"POP1970":0,"POP1975":0,"POP1980":0,"POP1985":0,"POP1990":0,"POP1995":0,"POP2000":0,"POP2005":0,"POP2010":0,"POP2015":0,"POP2020":0,"POP2025":0,"POP2050":0,"MIN_ZOOM":6.7,"WIKIDATAID":"Q215755","WOF_ID":890516213,"CAPALT":0,"NAME_EN":"Xiangtan","NAME_DE":"Xiangtan","NAME_ES":"Xiangtan","NAME_FR":"Xiangtan","NAME_PT":"Xiangtan","NAME_RU":"Сянтань","NAME_ZH":"湘潭","LABEL":null,"NAME_AR":"شيانغتان","NAME_BN":"জিয়াংতাং","NAME_EL":"Ξιάνγκταν","NAME_HI":"क्सीणगतां","NAME_HU":"Xiangtan","NAME_ID":"Xiangtan","NAME_IT":"Xiangtan","NAME_JA":"湘潭市","NAME_KO":"샹탄시","NAME_NL":"Xiangtan","NAME_PL":"Xiangtan","NAME_SV":"Xiangtan","NAME_TR":"Xiangtan","NAME_VI":"Tương Đàm","NE_ID":1159140809,"NAME_FA":"شیانگتان","NAME_HE":"סיאנגטאן","NAME_UK":"Сянтань","NAME_UR":"شیانگتان","NAME_ZHT":"湘潭市","GEONAMESID":1790492,"FCLASS_ISO":null,"FCLASS_US":null,"FCLASS_FR":null,"FCLASS_RU":null,"FCLASS_ES":null,"FCLASS_CN":null,"FCLASS_TW":null,"FCLASS_IN":null,"FCLASS_NP":null,"FCLASS_PK":null,"FCLASS_DE":null,"FCLASS_GB":null,"FCLASS_BR":null,"FCLASS_IL":null,"FCLASS_PS":null,"FCLASS_SA":null,"FCLASS_EG":null,"FCLASS_MA":null,"FCLASS_PT":null,"FCLASS_AR":null,"FCLASS_JP":null,"FCLASS_KO":null,"FCLASS_VN":null,"FCLASS_TR":null,"FCLASS_ID":null,"FCLASS_PL":null,"FCLASS_GR":null,"FCLASS_IT":null,"FCLASS_NL":null,"FCLASS_SE":null,"FCLASS_BD":null,"FCLASS_UA":null,"FCLASS_TLC":null},"bbox":[112.900023,27.850431,112.900023,27.850431],"geometry":{"type":"Point","coordinates":[112.900023,27.850431]}},{"type":"Feature","properties":{"SCALERANK":7,"NATSCALE":20,"LABELRANK":1,"FEATURECLA":"Populated place","NAME":"Zigong","NAMEPAR":null,"NAMEALT":null,"NAMEASCII":"Zigong","ADM0CAP":0,"CAPIN":null,"WORLDCITY":0,"MEGACITY":1,"SOV0NAME":"China","SOV_A3":"CHN","ADM0NAME":"China","ADM0_A3":"CHN","ADM1NAME":"Sichuan","ISO_A2":"CN","NOTE":null,"LATITUDE":29.401946,"LONGITUDE":104.778056,"POP_MAX":1105000,"POP_MIN":689961,"POP_OTHER":3479038,"RANK_MAX":12,"RANK_MIN":11,"MEGANAME":"Zigong","LS_NAME":"Zigong","MAX_POP10":3565561,"MAX_POP20":0,"MAX_POP50":0,"MAX_POP300":0,"MAX_POP310":0,"MAX_NATSCA":10,"MIN_AREAKM":4721,"MAX_AREAKM":4721,"MIN_AREAMI":1823,"MAX_AREAMI":1823,"MIN_PERKM":2029,"MAX_PERKM":2029,"MIN_PERMI":1261,"MAX_PERMI":1261,"MIN_BBXMIN":104.226143,"MAX_BBXMIN":104.226143,"MIN_BBXMAX":105.118611,"MAX_BBXMAX":105.118611,"MIN_BBYMIN":28.992614,"MAX_BBYMIN":28.992614,"MIN_BBYMAX":30.086615,"MAX_BBYMAX":30.086615,"MEAN_BBXC":104.628793,"MEAN_BBYC":29.493919,"TIMEZONE":"Asia/Chongqing","UN_FID":158,"POP1950":564,"POP1955":604,"POP1960":647,"POP1965":693,"POP1970":742,"POP1975":795,"POP1980":852,"POP1985":912,"POP1990":977,"POP1995":1012,"POP2000":1049,"POP2005":1087,"POP2010":1105,"POP2015":1149,"POP2020":1259,"POP2025":1375,"POP2050":1473,"MIN_ZOOM":6.7,"WIKIDATAID":"Q29015","WOF_ID":102026875,"CAPALT":0,"NAME_EN":"Zigong","NAME_DE":"Zigong","NAME_ES":"Zigong","NAME_FR":"Zigong","NAME_PT":"Zigong","NAME_RU":"Цзыгун","NAME_ZH":"自贡","LABEL":null,"NAME_AR":"زيجونج","NAME_BN":"জিগুং","NAME_EL":"Τζίγκονγκ","NAME_HI":"ज़िगोंग","NAME_HU":"Zigong","NAME_ID":"Zigong","NAME_IT":"Zigong","NAME_JA":"自貢市","NAME_KO":"쯔궁시","NAME_NL":"Zigong","NAME_PL":"Zigong","NAME_SV":"Zigong","NAME_TR":"Zigong","NAME_VI":"Tự Cống","NE_ID":1159140813,"NAME_FA":"زیگانگ","NAME_HE":"ז'יגונג","NAME_UK":"Цзигун","NAME_UR":"زیگونگ","NAME_ZHT":"自貢市","GEONAMESID":1783745,"FCLASS_ISO":null,"FCLASS_US":null,"FCLASS_FR":null,"FCLASS_RU":null,"FCLASS_ES":null,"FCLASS_CN":null,"FCLASS_TW":null,"FCLASS_IN":null,"FCLASS_NP":null,"FCLASS_PK":null,"FCLASS_DE":null,"FCLASS_GB":null,"FCLASS_BR":null,"FCLASS_IL":null,"FCLASS_PS":null,"FCLASS_SA":null,"FCLASS_EG":null,"FCLASS_MA":null,"FCLASS_PT":null,"FCLASS_AR":null,"FCLASS_JP":null,"FCLASS_KO":null,"FCLASS_VN":null,"FCLASS_TR":null,"FCLASS_ID":null,"FCLASS_PL":null,"FCLASS_GR":null,"FCLASS_IT":null,"FCLASS_NL":null,"FCLASS_SE":null,"FCLASS_BD":null,"FCLASS_UA":null,"FCLASS_TLC":null},"bbox":[104.778056,29.401946,104.778056,29.401946],"geometry":{"type":"Point","coordinates":[104.778056,29.401946]}},{"type":"Feature","properties":{"SCALERANK":7,"NATSCALE":20,"LABELRANK":1,"FEATURECLA":"Populated place","NAME":"Zhanyi","NAMEPAR":null,"NAMEALT":null,"NAMEASCII":"Zhanyi","ADM0CAP":0,"CAPIN":null,"WORLDCITY":0,"MEGACITY":0,"SOV0NAME":"China","SOV_A3":"CHN","ADM0NAME":"China","ADM0_A3":"CHN","ADM1NAME":"Yunnan","ISO_A2":"CN","NOTE":null,"LATITUDE":25.600465,"LONGITUDE":103.81665,"POP_MAX":652604,"POP_MIN":652604,"POP_OTHER":635385,"RANK_MAX":11,"RANK_MIN":11,"MEGANAME":null,"LS_NAME":"Zhanyi","MAX_POP10":652604,"MAX_POP20":652604,"MAX_POP50":0,"MAX_POP300":0,"MAX_POP310":0,"MAX_NATSCA":20,"MIN_AREAKM":352,"MAX_AREAKM":352,"MIN_AREAMI":136,"MAX_AREAMI":136,"MIN_PERKM":342,"MAX_PERKM":342,"MIN_PERMI":212,"MAX_PERMI":212,"MIN_BBXMIN":103.675,"MAX_BBXMIN":103.675,"MIN_BBXMAX":103.941667,"MAX_BBXMAX":103.941667,"MIN_BBYMIN":25.375,"MAX_BBYMIN":25.375,"MIN_BBYMAX":25.816667,"MAX_BBYMAX":25.816667,"MEAN_BBXC":103.808672,"MEAN_BBYC":25.615321,"TIMEZONE":null,"UN_FID":0,"POP1950":0,"POP1955":0,"POP1960":0,"POP1965":0,"POP1970":0,"POP1975":0,"POP1980":0,"POP1985":0,"POP1990":0,"POP1995":0,"POP2000":0,"POP2005":0,"POP2010":0,"POP2015":0,"POP2020":0,"POP2025":0,"POP2050":0,"MIN_ZOOM":6.1,"WIKIDATAID":null,"WOF_ID":1141907689,"CAPALT":0,"NAME_EN":"Zhanyi","NAME_DE":"Zhanyi","NAME_ES":"Zhanyi","NAME_FR":"Zhanyi","NAME_PT":"Zhanyi","NAME_RU":"Чжаньи","NAME_ZH":"沾益","LABEL":null,"NAME_AR":"تشاني","NAME_BN":"ঝানই","NAME_EL":"Ζανγί","NAME_HI":"जान्यी","NAME_HU":"Zhanyi","NAME_ID":"Zhanyi","NAME_IT":"Zhanyi","NAME_JA":"沾益","NAME_KO":"잔이","NAME_NL":"Zhanyi","NAME_PL":"Zhanyi","NAME_SV":"Zhanyi","NAME_TR":"Zhanyi","NAME_VI":"Triêm Ích","NE_ID":1159140837,"NAME_FA":"ژانی","NAME_HE":"ז'נאיי","NAME_UK":"Чжаньї","NAME_UR":"زیانی","NAME_ZHT":"霑益","GEONAMESID":-1,"FCLASS_ISO":null,"FCLASS_US":null,"FCLASS_FR":null,"FCLASS_RU":null,"FCLASS_ES":null,"FCLASS_CN":null,"FCLASS_TW":null,"FCLASS_IN":null,"FCLASS_NP":null,"FCLASS_PK":null,"FCLASS_DE":null,"FCLASS_GB":null,"FCLASS_BR":null,"FCLASS_IL":null,"FCLASS_PS":null,"FCLASS_SA":null,"FCLASS_EG":null,"FCLASS_MA":null,"FCLASS_PT":null,"FCLASS_AR":null,"FCLASS_JP":null,"FCLASS_KO":null,"FCLASS_VN":null,"FCLASS_TR":null,"FCLASS_ID":null,"FCLASS_PL":null,"FCLASS_GR":null,"FCLASS_IT":null,"FCLASS_NL":null,"FCLASS_SE":null,"FCLASS_BD":null,"FCLASS_UA":null,"FCLASS_TLC":null},"bbox":[103.81665,25.600465,103.81665,25.600465],"geometry":{"type":"Point","coordinates":[103.81665,25.600465]}},{"type":"Feature","properties":{"SCALERANK":7,"NATSCALE":20,"LABELRANK":1,"FEATURECLA":"Populated place","NAME":"Chengde","NAMEPAR":null,"NAMEALT":null,"NAMEASCII":"Chengde","ADM0CAP":0,"CAPIN":null,"WORLDCITY":0,"MEGACITY":0,"SOV0NAME":"China","SOV_A3":"CHN","ADM0NAME":"China","ADM0_A3":"CHN","ADM1NAME":"Hebei","ISO_A2":"CN","NOTE":null,"LATITUDE":40.96038,"LONGITUDE":117.93,"POP_MAX":449325,"POP_MIN":305933,"POP_OTHER":299069,"RANK_MAX":10,"RANK_MIN":10,"MEGANAME":null,"LS_NAME":"Chengde","MAX_POP10":305933,"MAX_POP20":305933,"MAX_POP50":0,"MAX_POP300":0,"MAX_POP310":0,"MAX_NATSCA":20,"MIN_AREAKM":88,"MAX_AREAKM":88,"MIN_AREAMI":34,"MAX_AREAMI":34,"MIN_PERKM":127,"MAX_PERKM":127,"MIN_PERMI":79,"MAX_PERMI":79,"MIN_BBXMIN":117.858333,"MAX_BBXMIN":117.858333,"MIN_BBXMAX":117.991667,"MAX_BBXMAX":117.991667,"MIN_BBYMIN":40.85,"MAX_BBYMIN":40.85,"MIN_BBYMAX":41.041667,"MAX_BBYMAX":41.041667,"MEAN_BBXC":117.926265,"MEAN_BBYC":40.951265,"TIMEZONE":"Asia/Harbin","UN_FID":0,"POP1950":0,"POP1955":0,"POP1960":0,"POP1965":0,"POP1970":0,"POP1975":0,"POP1980":0,"POP1985":0,"POP1990":0,"POP1995":0,"POP2000":0,"POP2005":0,"POP2010":0,"POP2015":0,"POP2020":0,"POP2025":0,"POP2050":0,"MIN_ZOOM":6.1,"WIKIDATAID":"Q58675","WOF_ID":102027945,"CAPALT":0,"NAME_EN":"Chengde","NAME_DE":"Chengde","NAME_ES":"Chengde","NAME_FR":"Chengde","NAME_PT":"Chengde","NAME_RU":"Чэндэ","NAME_ZH":"承德","LABEL":null,"NAME_AR":"شنغد","NAME_BN":"ছেংত্য","NAME_EL":"Τσένγκντε","NAME_HI":"चेंगदे","NAME_HU":"Csengtö","NAME_ID":"Chengde","NAME_IT":"Chengde","NAME_JA":"承徳市","NAME_KO":"청더시","NAME_NL":"Chengde","NAME_PL":"Chengde","NAME_SV":"Chengde","NAME_TR":"Chengde","NAME_VI":"Thừa Đức","NE_ID":1159140847,"NAME_FA":"چنگده","NAME_HE":"צ'נגדה","NAME_UK":"Ченде","NAME_UR":"چینگدے","NAME_ZHT":"承德市","GEONAMESID":2038087,"FCLASS_ISO":null,"FCLASS_US":null,"FCLASS_FR":null,"FCLASS_RU":null,"FCLASS_ES":null,"FCLASS_CN":null,"FCLASS_TW":null,"FCLASS_IN":null,"FCLASS_NP":null,"FCLASS_PK":null,"FCLASS_DE":null,"FCLASS_GB":null,"FCLASS_BR":null,"FCLASS_IL":null,"FCLASS_PS":null,"FCLASS_SA":null,"FCLASS_EG":null,"FCLASS_MA":null,"FCLASS_PT":null,"FCLASS_AR":null,"FCLASS_JP":null,"FCLASS_KO":null,"FCLASS_VN":null,"FCLASS_TR":null,"FCLASS_ID":null,"FCLASS_PL":null,"FCLASS_GR":null,"FCLASS_IT":null,"FCLASS_NL":null,"FCLASS_SE":null,"FCLASS_BD":null,"FCLASS_UA":null,"FCLASS_TLC":null},"bbox":[117.93,40.96038,117.93,40.96038],"geometry":{"type":"Point","coordinates":[117.93,40.96038]}},{"type":"Feature","properties":{"SCALERANK":7,"NATSCALE":20,"LABELRANK":1,"FEATURECLA":"Populated place","NAME":"Cangzhou","NAMEPAR":null,"NAMEALT":null,"NAMEASCII":"Cangzhou","ADM0CAP":0,"CAPIN":null,"WORLDCITY":0,"MEGACITY":0,"SOV0NAME":"China","SOV_A3":"CHN","ADM0NAME":"China","ADM0_A3":"CHN","ADM1NAME":"Hebei","ISO_A2":"CN","NOTE":null,"LATITUDE":38.320386,"LONGITUDE":116.870013,"POP_MAX":527681,"POP_MIN":527681,"POP_OTHER":2618303,"RANK_MAX":11,"RANK_MIN":11,"MEGANAME":null,"LS_NAME":"Cangzhou","MAX_POP10":1958108,"MAX_POP20":1453315,"MAX_POP50":0,"MAX_POP300":0,"MAX_POP310":0,"MAX_NATSCA":20,"MIN_AREAKM":1167,"MAX_AREAKM":1695,"MIN_AREAMI":451,"MAX_AREAMI":654,"MIN_PERKM":1240,"MAX_PERKM":1833,"MIN_PERMI":770,"MAX_PERMI":1139,"MIN_BBXMIN":116.101134,"MAX_BBXMIN":116.391667,"MIN_BBXMAX":117.120312,"MAX_BBXMAX":117.120312,"MIN_BBYMIN":38.141667,"MAX_BBYMIN":38.141667,"MIN_BBYMAX":38.871678,"MAX_BBYMAX":38.871678,"MEAN_BBXC":116.709217,"MEAN_BBYC":38.488354,"TIMEZONE":"Asia/Shanghai","UN_FID":0,"POP1950":0,"POP1955":0,"POP1960":0,"POP1965":0,"POP1970":0,"POP1975":0,"POP1980":0,"POP1985":0,"POP1990":0,"POP1995":0,"POP2000":0,"POP2005":0,"POP2010":0,"POP2015":0,"POP2020":0,"POP2025":0,"POP2050":0,"MIN_ZOOM":6.1,"WIKIDATAID":"Q58695","WOF_ID":102027725,"CAPALT":0,"NAME_EN":"Cangzhou","NAME_DE":"Cangzhou","NAME_ES":"Cangzhou","NAME_FR":"Cangzhou","NAME_PT":"Cangzhou","NAME_RU":"Цанчжоу","NAME_ZH":"沧州","LABEL":null,"NAME_AR":"سانغتشو","NAME_BN":"ছাংচৌ","NAME_EL":"Κανγκζού","NAME_HI":"कान्ग्ज़्हौ","NAME_HU":"Cangzhou","NAME_ID":"Cangzhou","NAME_IT":"Cangzhou","NAME_JA":"滄州市","NAME_KO":"창저우시","NAME_NL":"Cangzhou","NAME_PL":"Cangzhou","NAME_SV":"Cangzhou","NAME_TR":"Cangzhou","NAME_VI":"Thương Châu","NE_ID":1159140851,"NAME_FA":"کانگجو","NAME_HE":"צאנג-ג'ואו","NAME_UK":"Цанчжоу","NAME_UR":"کانگذوو","NAME_ZHT":"滄州市","GEONAMESID":1816080,"FCLASS_ISO":null,"FCLASS_US":null,"FCLASS_FR":null,"FCLASS_RU":null,"FCLASS_ES":null,"FCLASS_CN":null,"FCLASS_TW":null,"FCLASS_IN":null,"FCLASS_NP":null,"FCLASS_PK":null,"FCLASS_DE":null,"FCLASS_GB":null,"FCLASS_BR":null,"FCLASS_IL":null,"FCLASS_PS":null,"FCLASS_SA":null,"FCLASS_EG":null,"FCLASS_MA":null,"FCLASS_PT":null,"FCLASS_AR":null,"FCLASS_JP":null,"FCLASS_KO":null,"FCLASS_VN":null,"FCLASS_TR":null,"FCLASS_ID":null,"FCLASS_PL":null,"FCLASS_GR":null,"FCLASS_IT":null,"FCLASS_NL":null,"FCLASS_SE":null,"FCLASS_BD":null,"FCLASS_UA":null,"FCLASS_TLC":null},"bbox":[116.870013,38.320386,116.870013,38.320386],"geometry":{"type":"Point","coordinates":[116.870013,38.320386]}},{"type":"Feature","properties":{"SCALERANK":7,"NATSCALE":20,"LABELRANK":1,"FEATURECLA":"Populated place","NAME":"Baoding","NAMEPAR":null,"NAMEALT":null,"NAMEASCII":"Baoding","ADM0CAP":0,"CAPIN":null,"WORLDCITY":0,"MEGACITY":1,"SOV0NAME":"China","SOV_A3":"CHN","ADM0NAME":"China","ADM0_A3":"CHN","ADM1NAME":"Hebei","ISO_A2":"CN","NOTE":null,"LATITUDE":38.872376,"LONGITUDE":115.478075,"POP_MAX":1107000,"POP_MIN":995652,"POP_OTHER":4801264,"RANK_MAX":12,"RANK_MIN":11,"MEGANAME":"Baoding","LS_NAME":"Baoding","MAX_POP10":5089080,"MAX_POP20":7075285,"MAX_POP50":0,"MAX_POP300":0,"MAX_POP310":0,"MAX_NATSCA":20,"MIN_AREAKM":3678,"MAX_AREAKM":5225,"MIN_AREAMI":1420,"MAX_AREAMI":2017,"MIN_PERKM":3269,"MAX_PERKM":4819,"MIN_PERMI":2031,"MAX_PERMI":2995,"MIN_BBXMIN":115.087147,"MAX_BBXMIN":115.087147,"MIN_BBXMAX":116.249528,"MAX_BBXMAX":116.249528,"MIN_BBYMIN":38.100456,"MAX_BBYMIN":38.316667,"MIN_BBYMAX":39.271351,"MAX_BBYMAX":39.483333,"MEAN_BBXC":115.712063,"MEAN_BBYC":38.807704,"TIMEZONE":"Asia/Shanghai","UN_FID":22,"POP1950":179,"POP1955":210,"POP1960":247,"POP1965":290,"POP1970":341,"POP1975":401,"POP1980":471,"POP1985":535,"POP1990":595,"POP1995":728,"POP2000":890,"POP2005":1042,"POP2010":1107,"POP2015":1206,"POP2020":1355,"POP2025":1482,"POP2050":1586,"MIN_ZOOM":6.7,"WIKIDATAID":"Q58584","WOF_ID":102027757,"CAPALT":0,"NAME_EN":"Baoding","NAME_DE":"Baoding","NAME_ES":"Baoding","NAME_FR":"Baoding","NAME_PT":"Baoding","NAME_RU":"Баодин","NAME_ZH":"保定","LABEL":null,"NAME_AR":"باودينغ","NAME_BN":"পাওতিং","NAME_EL":"Μπαοντίνγκ","NAME_HI":"बाओदिंग","NAME_HU":"Paoting","NAME_ID":"Baoding","NAME_IT":"Baoding","NAME_JA":"保定市","NAME_KO":"바오딩시","NAME_NL":"Baoding","NAME_PL":"Baoding","NAME_SV":"Baoding","NAME_TR":"Baoding","NAME_VI":"Bảo Định","NE_ID":1159140855,"NAME_FA":"بائودینگ","NAME_HE":"באודינג","NAME_UK":"Баодін","NAME_UR":"باوڈنگ","NAME_ZHT":"保定市","GEONAMESID":1816971,"FCLASS_ISO":null,"FCLASS_US":null,"FCLASS_FR":null,"FCLASS_RU":null,"FCLASS_ES":null,"FCLASS_CN":null,"FCLASS_TW":null,"FCLASS_IN":null,"FCLASS_NP":null,"FCLASS_PK":null,"FCLASS_DE":null,"FCLASS_GB":null,"FCLASS_BR":null,"FCLASS_IL":null,"FCLASS_PS":null,"FCLASS_SA":null,"FCLASS_EG":null,"FCLASS_MA":null,"FCLASS_PT":null,"FCLASS_AR":null,"FCLASS_JP":null,"FCLASS_KO":null,"FCLASS_VN":null,"FCLASS_TR":null,"FCLASS_ID":null,"FCLASS_PL":null,"FCLASS_GR":null,"FCLASS_IT":null,"FCLASS_NL":null,"FCLASS_SE":null,"FCLASS_BD":null,"FCLASS_UA":null,"FCLASS_TLC":null},"bbox":[115.468897,38.85834,115.468897,38.85834],"geometry":{"type":"Point","coordinates":[115.468897,38.85834]}},{"type":"Feature","properties":{"SCALERANK":7,"NATSCALE":20,"LABELRANK":1,"FEATURECLA":"Populated place","NAME":"Xiangtai","NAMEPAR":null,"NAMEALT":null,"NAMEASCII":"Xiangtai","ADM0CAP":0,"CAPIN":null,"WORLDCITY":0,"MEGACITY":0,"SOV0NAME":"China","SOV_A3":"CHN","ADM0NAME":"China","ADM0_A3":"CHN","ADM1NAME":"Hebei","ISO_A2":"CN","NOTE":null,"LATITUDE":37.049972,"LONGITUDE":114.500029,"POP_MAX":611739,"POP_MIN":611739,"POP_OTHER":3017983,"RANK_MAX":11,"RANK_MIN":11,"MEGANAME":null,"LS_NAME":"Xiangtai","MAX_POP10":3231893,"MAX_POP20":3231893,"MAX_POP50":0,"MAX_POP300":0,"MAX_POP310":0,"MAX_NATSCA":20,"MIN_AREAKM":2311,"MAX_AREAKM":2311,"MIN_AREAMI":892,"MAX_AREAMI":892,"MIN_PERKM":2078,"MAX_PERKM":2078,"MIN_PERMI":1291,"MAX_PERMI":1291,"MIN_BBXMIN":114.266667,"MAX_BBXMIN":114.266667,"MIN_BBXMAX":115.04903,"MAX_BBXMAX":115.04903,"MIN_BBYMIN":36.793944,"MAX_BBYMIN":36.793944,"MIN_BBYMAX":37.554889,"MAX_BBYMAX":37.554889,"MEAN_BBXC":114.666673,"MEAN_BBYC":37.11803,"TIMEZONE":"Asia/Shanghai","UN_FID":0,"POP1950":0,"POP1955":0,"POP1960":0,"POP1965":0,"POP1970":0,"POP1975":0,"POP1980":0,"POP1985":0,"POP1990":0,"POP1995":0,"POP2000":0,"POP2005":0,"POP2010":0,"POP2015":0,"POP2020":0,"POP2025":0,"POP2050":0,"MIN_ZOOM":6.7,"WIKIDATAID":"Q58576","WOF_ID":890512349,"CAPALT":0,"NAME_EN":"Xingtai","NAME_DE":"Xingtai","NAME_ES":"Xingtai","NAME_FR":"Xingtai","NAME_PT":"Xingtai","NAME_RU":"Синтай","NAME_ZH":"邢台","LABEL":null,"NAME_AR":"شينغتاي","NAME_BN":"শিংথাই","NAME_EL":"Ξινγκτάι","NAME_HI":"सिंगताई","NAME_HU":"Xiangtai","NAME_ID":"Xingtai","NAME_IT":"Xingtai","NAME_JA":"邢台市","NAME_KO":"싱타이시","NAME_NL":"Xingtai","NAME_PL":"Xingtai","NAME_SV":"Xingtai","NAME_TR":"Xingtai","NAME_VI":"Hình Đài","NE_ID":1159140881,"NAME_FA":"شینگتای","NAME_HE":"קסינגטאי","NAME_UK":"Сінтай","NAME_UR":"شنگتائی","NAME_ZHT":"邢台市","GEONAMESID":1788927,"FCLASS_ISO":null,"FCLASS_US":null,"FCLASS_FR":null,"FCLASS_RU":null,"FCLASS_ES":null,"FCLASS_CN":null,"FCLASS_TW":null,"FCLASS_IN":null,"FCLASS_NP":null,"FCLASS_PK":null,"FCLASS_DE":null,"FCLASS_GB":null,"FCLASS_BR":null,"FCLASS_IL":null,"FCLASS_PS":null,"FCLASS_SA":null,"FCLASS_EG":null,"FCLASS_MA":null,"FCLASS_PT":null,"FCLASS_AR":null,"FCLASS_JP":null,"FCLASS_KO":null,"FCLASS_VN":null,"FCLASS_TR":null,"FCLASS_ID":null,"FCLASS_PL":null,"FCLASS_GR":null,"FCLASS_IT":null,"FCLASS_NL":null,"FCLASS_SE":null,"FCLASS_BD":null,"FCLASS_UA":null,"FCLASS_TLC":null},"bbox":[114.500029,37.049972,114.500029,37.049972],"geometry":{"type":"Point","coordinates":[114.500029,37.049972]}},{"type":"Feature","properties":{"SCALERANK":7,"NATSCALE":20,"LABELRANK":1,"FEATURECLA":"Populated place","NAME":"Puyang","NAMEPAR":null,"NAMEALT":null,"NAMEASCII":"Puyang","ADM0CAP":0,"CAPIN":null,"WORLDCITY":0,"MEGACITY":0,"SOV0NAME":"China","SOV_A3":"CHN","ADM0NAME":"China","ADM0_A3":"CHN","ADM1NAME":"Henan","ISO_A2":"CN","NOTE":null,"LATITUDE":35.700391,"LONGITUDE":114.98,"POP_MAX":666322,"POP_MIN":666322,"POP_OTHER":5251121,"RANK_MAX":11,"RANK_MIN":11,"MEGANAME":null,"LS_NAME":"Puyang","MAX_POP10":5767081,"MAX_POP20":6505575,"MAX_POP50":0,"MAX_POP300":0,"MAX_POP310":0,"MAX_NATSCA":20,"MIN_AREAKM":5006,"MAX_AREAKM":5689,"MIN_AREAMI":1933,"MAX_AREAMI":2197,"MIN_PERKM":5131,"MAX_PERKM":5854,"MIN_PERMI":3188,"MAX_PERMI":3638,"MIN_BBXMIN":114.462642,"MAX_BBXMIN":114.467279,"MIN_BBXMAX":115.6,"MAX_BBXMAX":115.6,"MIN_BBYMIN":35,"MAX_BBYMIN":35.158333,"MIN_BBYMAX":36.381504,"MAX_BBYMAX":36.381504,"MEAN_BBXC":115.017878,"MEAN_BBYC":35.76214,"TIMEZONE":"Asia/Shanghai","UN_FID":0,"POP1950":0,"POP1955":0,"POP1960":0,"POP1965":0,"POP1970":0,"POP1975":0,"POP1980":0,"POP1985":0,"POP1990":0,"POP1995":0,"POP2000":0,"POP2005":0,"POP2010":0,"POP2015":0,"POP2020":0,"POP2025":0,"POP2050":0,"MIN_ZOOM":6.7,"WIKIDATAID":"Q404484","WOF_ID":890512595,"CAPALT":0,"NAME_EN":"Puyang","NAME_DE":"Puyang","NAME_ES":"Puyang","NAME_FR":"Puyang","NAME_PT":"Puyang","NAME_RU":"Пуян","NAME_ZH":"濮阳","LABEL":null,"NAME_AR":"بويانغ","NAME_BN":"ফুইয়াং","NAME_EL":"Πούγιανγκ","NAME_HI":"पुयांग","NAME_HU":"Puyang","NAME_ID":"Puyang","NAME_IT":"Puyang","NAME_JA":"濮陽市","NAME_KO":"푸양시","NAME_NL":"Puyang","NAME_PL":"Puyang","NAME_SV":"Puyang","NAME_TR":"Puyang","NAME_VI":"Bộc Dương","NE_ID":1159140885,"NAME_FA":"پویانگ","NAME_HE":"פויאנג","NAME_UK":"Пуян","NAME_UR":"پویانگ","NAME_ZHT":"濮陽市","GEONAMESID":1798422,"FCLASS_ISO":null,"FCLASS_US":null,"FCLASS_FR":null,"FCLASS_RU":null,"FCLASS_ES":null,"FCLASS_CN":null,"FCLASS_TW":null,"FCLASS_IN":null,"FCLASS_NP":null,"FCLASS_PK":null,"FCLASS_DE":null,"FCLASS_GB":null,"FCLASS_BR":null,"FCLASS_IL":null,"FCLASS_PS":null,"FCLASS_SA":null,"FCLASS_EG":null,"FCLASS_MA":null,"FCLASS_PT":null,"FCLASS_AR":null,"FCLASS_JP":null,"FCLASS_KO":null,"FCLASS_VN":null,"FCLASS_TR":null,"FCLASS_ID":null,"FCLASS_PL":null,"FCLASS_GR":null,"FCLASS_IT":null,"FCLASS_NL":null,"FCLASS_SE":null,"FCLASS_BD":null,"FCLASS_UA":null,"FCLASS_TLC":null},"bbox":[114.98,35.700391,114.98,35.700391],"geometry":{"type":"Point","coordinates":[114.98,35.700391]}},{"type":"Feature","properties":{"SCALERANK":7,"NATSCALE":20,"LABELRANK":1,"FEATURECLA":"Populated place","NAME":"Xuchang","NAMEPAR":null,"NAMEALT":null,"NAMEASCII":"Xuchang","ADM0CAP":0,"CAPIN":null,"WORLDCITY":0,"MEGACITY":0,"SOV0NAME":"China","SOV_A3":"CHN","ADM0NAME":"China","ADM0_A3":"CHN","ADM1NAME":"Henan","ISO_A2":"CN","NOTE":null,"LATITUDE":34.02039,"LONGITUDE":113.820019,"POP_MAX":449258,"POP_MIN":449258,"POP_OTHER":4291598,"RANK_MAX":10,"RANK_MIN":10,"MEGANAME":null,"LS_NAME":"Xuchang","MAX_POP10":4476041,"MAX_POP20":6843473,"MAX_POP50":0,"MAX_POP300":0,"MAX_POP310":0,"MAX_NATSCA":20,"MIN_AREAKM":3978,"MAX_AREAKM":6091,"MIN_AREAMI":1536,"MAX_AREAMI":2352,"MIN_PERKM":2693,"MAX_PERKM":4251,"MIN_PERMI":1674,"MAX_PERMI":2641,"MIN_BBXMIN":113.325,"MAX_BBXMIN":113.325,"MIN_BBXMAX":114.416732,"MAX_BBXMAX":114.578101,"MIN_BBYMIN":33.211833,"MAX_BBYMIN":33.7,"MIN_BBYMAX":34.453558,"MAX_BBYMAX":34.562966,"MEAN_BBXC":113.91058,"MEAN_BBYC":34.074805,"TIMEZONE":"Asia/Shanghai","UN_FID":0,"POP1950":0,"POP1955":0,"POP1960":0,"POP1965":0,"POP1970":0,"POP1975":0,"POP1980":0,"POP1985":0,"POP1990":0,"POP1995":0,"POP2000":0,"POP2005":0,"POP2010":0,"POP2015":0,"POP2020":0,"POP2025":0,"POP2050":0,"MIN_ZOOM":6.7,"WIKIDATAID":"Q404529","WOF_ID":890512927,"CAPALT":0,"NAME_EN":"Xuchang","NAME_DE":"Xuchang","NAME_ES":"Xuchang","NAME_FR":"Xuchang","NAME_PT":"Xuchang","NAME_RU":"Сюйчан","NAME_ZH":"许昌","LABEL":null,"NAME_AR":"تشوتشانغ","NAME_BN":"শুছাং","NAME_EL":"Ξούτσανγκ","NAME_HI":"सुचांग","NAME_HU":"Xuchang","NAME_ID":"Xuchang","NAME_IT":"Xuchang","NAME_JA":"許昌市","NAME_KO":"쉬창시","NAME_NL":"Xuchang","NAME_PL":"Xuchang","NAME_SV":"Xuchang","NAME_TR":"Xuchang","NAME_VI":"Hứa Xương","NE_ID":1159140893,"NAME_FA":"شوچانگ","NAME_HE":"קסוצ'אנג","NAME_UK":"Сюйчан","NAME_UR":"شوچانگ","NAME_ZHT":"許昌市","GEONAMESID":1788046,"FCLASS_ISO":null,"FCLASS_US":null,"FCLASS_FR":null,"FCLASS_RU":null,"FCLASS_ES":null,"FCLASS_CN":null,"FCLASS_TW":null,"FCLASS_IN":null,"FCLASS_NP":null,"FCLASS_PK":null,"FCLASS_DE":null,"FCLASS_GB":null,"FCLASS_BR":null,"FCLASS_IL":null,"FCLASS_PS":null,"FCLASS_SA":null,"FCLASS_EG":null,"FCLASS_MA":null,"FCLASS_PT":null,"FCLASS_AR":null,"FCLASS_JP":null,"FCLASS_KO":null,"FCLASS_VN":null,"FCLASS_TR":null,"FCLASS_ID":null,"FCLASS_PL":null,"FCLASS_GR":null,"FCLASS_IT":null,"FCLASS_NL":null,"FCLASS_SE":null,"FCLASS_BD":null,"FCLASS_UA":null,"FCLASS_TLC":null},"bbox":[113.820019,34.02039,113.820019,34.02039],"geometry":{"type":"Point","coordinates":[113.820019,34.02039]}},{"type":"Feature","properties":{"SCALERANK":7,"NATSCALE":20,"LABELRANK":1,"FEATURECLA":"Populated place","NAME":"Chaoyang","NAMEPAR":null,"NAMEALT":null,"NAMEASCII":"Chaoyang","ADM0CAP":0,"CAPIN":null,"WORLDCITY":0,"MEGACITY":0,"SOV0NAME":"China","SOV_A3":"CHN","ADM0NAME":"China","ADM0_A3":"CHN","ADM1NAME":"Liaoning","ISO_A2":"CN","NOTE":null,"LATITUDE":41.550421,"LONGITUDE":120.419978,"POP_MAX":470296,"POP_MIN":410005,"POP_OTHER":0,"RANK_MAX":10,"RANK_MIN":10,"MEGANAME":null,"LS_NAME":"Chaoyang","MAX_POP10":470296,"MAX_POP20":470296,"MAX_POP50":0,"MAX_POP300":0,"MAX_POP310":0,"MAX_NATSCA":20,"MIN_AREAKM":223,"MAX_AREAKM":223,"MIN_AREAMI":86,"MAX_AREAMI":86,"MIN_PERKM":231,"MAX_PERKM":231,"MIN_PERMI":144,"MAX_PERMI":144,"MIN_BBXMIN":120.275,"MAX_BBXMIN":120.275,"MIN_BBXMAX":120.566667,"MAX_BBXMAX":120.566667,"MIN_BBYMIN":41.416667,"MAX_BBYMIN":41.416667,"MIN_BBYMAX":41.691667,"MAX_BBYMAX":41.691667,"MEAN_BBXC":120.417197,"MEAN_BBYC":41.577673,"TIMEZONE":"Asia/Harbin","UN_FID":0,"POP1950":0,"POP1955":0,"POP1960":0,"POP1965":0,"POP1970":0,"POP1975":0,"POP1980":0,"POP1985":0,"POP1990":0,"POP1995":0,"POP2000":0,"POP2005":0,"POP2010":0,"POP2015":0,"POP2020":0,"POP2025":0,"POP2050":0,"MIN_ZOOM":6.7,"WIKIDATAID":"Q75336","WOF_ID":890516163,"CAPALT":0,"NAME_EN":"Chaoyang","NAME_DE":"Chaoyang","NAME_ES":"Chaoyang","NAME_FR":"Chaoyang","NAME_PT":"Chaoyang","NAME_RU":"Чаоян","NAME_ZH":"朝阳","LABEL":null,"NAME_AR":"تشاويانغ","NAME_BN":"চাওইয়াং","NAME_EL":"Τσαογιάνγκ","NAME_HI":"चाओयांग","NAME_HU":"Chaoyang","NAME_ID":"Chaoyang","NAME_IT":"Chaoyang","NAME_JA":"朝陽市","NAME_KO":"차오양시","NAME_NL":"Chaoyang","NAME_PL":"Chaoyang","NAME_SV":"Chaoyang","NAME_TR":"Chaoyang","NAME_VI":"Triều Dương","NE_ID":1159140911,"NAME_FA":"چاویانگ","NAME_HE":"צ'אויאנג","NAME_UK":"Чаоян","NAME_UR":"چیاویانگ","NAME_ZHT":"朝陽市","GEONAMESID":2038120,"FCLASS_ISO":null,"FCLASS_US":null,"FCLASS_FR":null,"FCLASS_RU":null,"FCLASS_ES":null,"FCLASS_CN":null,"FCLASS_TW":null,"FCLASS_IN":null,"FCLASS_NP":null,"FCLASS_PK":null,"FCLASS_DE":null,"FCLASS_GB":null,"FCLASS_BR":null,"FCLASS_IL":null,"FCLASS_PS":null,"FCLASS_SA":null,"FCLASS_EG":null,"FCLASS_MA":null,"FCLASS_PT":null,"FCLASS_AR":null,"FCLASS_JP":null,"FCLASS_KO":null,"FCLASS_VN":null,"FCLASS_TR":null,"FCLASS_ID":null,"FCLASS_PL":null,"FCLASS_GR":null,"FCLASS_IT":null,"FCLASS_NL":null,"FCLASS_SE":null,"FCLASS_BD":null,"FCLASS_UA":null,"FCLASS_TLC":null},"bbox":[120.419978,41.550421,120.419978,41.550421],"geometry":{"type":"Point","coordinates":[120.419978,41.550421]}},{"type":"Feature","properties":{"SCALERANK":7,"NATSCALE":20,"LABELRANK":1,"FEATURECLA":"Populated place","NAME":"Rizhao","NAMEPAR":null,"NAMEALT":null,"NAMEASCII":"Rizhao","ADM0CAP":0,"CAPIN":null,"WORLDCITY":0,"MEGACITY":0,"SOV0NAME":"China","SOV_A3":"CHN","ADM0NAME":"China","ADM0_A3":"CHN","ADM1NAME":"Shandong","ISO_A2":"CN","NOTE":null,"LATITUDE":35.430381,"LONGITUDE":119.450011,"POP_MAX":865000,"POP_MIN":246387,"POP_OTHER":1071952,"RANK_MAX":11,"RANK_MIN":10,"MEGANAME":null,"LS_NAME":"Rizhao","MAX_POP10":1064995,"MAX_POP20":1064995,"MAX_POP50":0,"MAX_POP300":0,"MAX_POP310":0,"MAX_NATSCA":20,"MIN_AREAKM":604,"MAX_AREAKM":604,"MIN_AREAMI":233,"MAX_AREAMI":233,"MIN_PERKM":665,"MAX_PERKM":665,"MIN_PERMI":413,"MAX_PERMI":413,"MIN_BBXMIN":118.917589,"MAX_BBXMIN":118.917589,"MIN_BBXMAX":119.616667,"MAX_BBXMAX":119.616667,"MIN_BBYMIN":35.046511,"MAX_BBYMIN":35.046511,"MIN_BBYMAX":35.541667,"MAX_BBYMAX":35.541667,"MEAN_BBXC":119.284556,"MEAN_BBYC":35.251205,"TIMEZONE":"Asia/Shanghai","UN_FID":0,"POP1950":0,"POP1955":0,"POP1960":0,"POP1965":0,"POP1970":0,"POP1975":0,"POP1980":0,"POP1985":0,"POP1990":0,"POP1995":0,"POP2000":0,"POP2005":0,"POP2010":0,"POP2015":0,"POP2020":0,"POP2025":0,"POP2050":0,"MIN_ZOOM":6.1,"WIKIDATAID":"Q373101","WOF_ID":102027205,"CAPALT":0,"NAME_EN":"Rizhao","NAME_DE":"Rizhao","NAME_ES":"Rizhao","NAME_FR":"Rizhao","NAME_PT":"Rizhao","NAME_RU":"Жичжао","NAME_ZH":"日照","LABEL":null,"NAME_AR":"ريتشاو","NAME_BN":"রিঝাও","NAME_EL":"Ζιτζάο","NAME_HI":"रिज़्हाओ","NAME_HU":"Zsicsao","NAME_ID":"Rizhao","NAME_IT":"Rizhao","NAME_JA":"日照市","NAME_KO":"르자오시","NAME_NL":"Rizhao","NAME_PL":"Rizhao","NAME_SV":"Rizhao","NAME_TR":"Rizhao","NAME_VI":"Nhật Chiếu","NE_ID":1159140957,"NAME_FA":"ریژائو","NAME_HE":"ריז'או","NAME_UK":"Жичжао","NAME_UR":"ریژاو","NAME_ZHT":"日照市","GEONAMESID":1797132,"FCLASS_ISO":null,"FCLASS_US":null,"FCLASS_FR":null,"FCLASS_RU":null,"FCLASS_ES":null,"FCLASS_CN":null,"FCLASS_TW":null,"FCLASS_IN":null,"FCLASS_NP":null,"FCLASS_PK":null,"FCLASS_DE":null,"FCLASS_GB":null,"FCLASS_BR":null,"FCLASS_IL":null,"FCLASS_PS":null,"FCLASS_SA":null,"FCLASS_EG":null,"FCLASS_MA":null,"FCLASS_PT":null,"FCLASS_AR":null,"FCLASS_JP":null,"FCLASS_KO":null,"FCLASS_VN":null,"FCLASS_TR":null,"FCLASS_ID":null,"FCLASS_PL":null,"FCLASS_GR":null,"FCLASS_IT":null,"FCLASS_NL":null,"FCLASS_SE":null,"FCLASS_BD":null,"FCLASS_UA":null,"FCLASS_TLC":null},"bbox":[119.450011,35.430381,119.450011,35.430381],"geometry":{"type":"Point","coordinates":[119.450011,35.430381]}},{"type":"Feature","properties":{"SCALERANK":7,"NATSCALE":20,"LABELRANK":1,"FEATURECLA":"Populated place","NAME":"Jian","NAMEPAR":null,"NAMEALT":null,"NAMEASCII":"Jian","ADM0CAP":0,"CAPIN":null,"WORLDCITY":0,"MEGACITY":0,"SOV0NAME":"China","SOV_A3":"CHN","ADM0NAME":"China","ADM0_A3":"CHN","ADM1NAME":"Jiangxi","ISO_A2":"CN","NOTE":null,"LATITUDE":27.130423,"LONGITUDE":114.999998,"POP_MAX":520248,"POP_MIN":460194,"POP_OTHER":516188,"RANK_MAX":11,"RANK_MIN":10,"MEGANAME":null,"LS_NAME":"Jian","MAX_POP10":520248,"MAX_POP20":520248,"MAX_POP50":0,"MAX_POP300":0,"MAX_POP310":0,"MAX_NATSCA":20,"MIN_AREAKM":130,"MAX_AREAKM":130,"MIN_AREAMI":50,"MAX_AREAMI":50,"MIN_PERKM":117,"MAX_PERKM":117,"MIN_PERMI":73,"MAX_PERMI":73,"MIN_BBXMIN":114.916667,"MAX_BBXMIN":114.916667,"MIN_BBXMAX":115.091667,"MAX_BBXMAX":115.091667,"MIN_BBYMIN":27.041667,"MAX_BBYMIN":27.041667,"MIN_BBYMAX":27.183333,"MAX_BBYMAX":27.183333,"MEAN_BBXC":115.002753,"MEAN_BBYC":27.106993,"TIMEZONE":"Asia/Shanghai","UN_FID":0,"POP1950":0,"POP1955":0,"POP1960":0,"POP1965":0,"POP1970":0,"POP1975":0,"POP1980":0,"POP1985":0,"POP1990":0,"POP1995":0,"POP2000":0,"POP2005":0,"POP2010":0,"POP2015":0,"POP2020":0,"POP2025":0,"POP2050":0,"MIN_ZOOM":6.7,"WIKIDATAID":"Q363262","WOF_ID":102027491,"CAPALT":0,"NAME_EN":"Ji'an","NAME_DE":"Ji’an","NAME_ES":"Ji'an","NAME_FR":"Ji'an","NAME_PT":"Ji'an","NAME_RU":"Цзиань","NAME_ZH":"吉安","LABEL":null,"NAME_AR":"جيآن","NAME_BN":"চিয়ান","NAME_EL":"Τζιάν","NAME_HI":"जियां","NAME_HU":"Jian","NAME_ID":"Ji'an","NAME_IT":"Ji'an","NAME_JA":"吉安市","NAME_KO":"지안시","NAME_NL":"Ji'an","NAME_PL":"Ji'an","NAME_SV":"Ji'an","NAME_TR":"Ji'an","NAME_VI":"Cát An","NE_ID":1159140977,"NAME_FA":"ژی ان","NAME_HE":"ג'יאן","NAME_UK":"Цзіань","NAME_UR":"جیآن","NAME_ZHT":"吉安市","GEONAMESID":1806445,"FCLASS_ISO":null,"FCLASS_US":null,"FCLASS_FR":null,"FCLASS_RU":null,"FCLASS_ES":null,"FCLASS_CN":null,"FCLASS_TW":null,"FCLASS_IN":null,"FCLASS_NP":null,"FCLASS_PK":null,"FCLASS_DE":null,"FCLASS_GB":null,"FCLASS_BR":null,"FCLASS_IL":null,"FCLASS_PS":null,"FCLASS_SA":null,"FCLASS_EG":null,"FCLASS_MA":null,"FCLASS_PT":null,"FCLASS_AR":null,"FCLASS_JP":null,"FCLASS_KO":null,"FCLASS_VN":null,"FCLASS_TR":null,"FCLASS_ID":null,"FCLASS_PL":null,"FCLASS_GR":null,"FCLASS_IT":null,"FCLASS_NL":null,"FCLASS_SE":null,"FCLASS_BD":null,"FCLASS_UA":null,"FCLASS_TLC":null},"bbox":[114.999998,27.130423,114.999998,27.130423],"geometry":{"type":"Point","coordinates":[114.999998,27.130423]}},{"type":"Feature","properties":{"SCALERANK":7,"NATSCALE":20,"LABELRANK":1,"FEATURECLA":"Populated place","NAME":"Shangrao","NAMEPAR":null,"NAMEALT":null,"NAMEASCII":"Shangrao","ADM0CAP":0,"CAPIN":null,"WORLDCITY":0,"MEGACITY":0,"SOV0NAME":"China","SOV_A3":"CHN","ADM0NAME":"China","ADM0_A3":"CHN","ADM1NAME":"Jiangxi","ISO_A2":"CN","NOTE":null,"LATITUDE":28.470393,"LONGITUDE":117.969998,"POP_MAX":1144577,"POP_MIN":700266,"POP_OTHER":1107384,"RANK_MAX":12,"RANK_MIN":11,"MEGANAME":null,"LS_NAME":"Shangrao","MAX_POP10":1144577,"MAX_POP20":1144577,"MAX_POP50":0,"MAX_POP300":0,"MAX_POP310":0,"MAX_NATSCA":20,"MIN_AREAKM":531,"MAX_AREAKM":531,"MIN_AREAMI":205,"MAX_AREAMI":205,"MIN_PERKM":721,"MAX_PERKM":721,"MIN_PERMI":448,"MAX_PERMI":448,"MIN_BBXMIN":117.675,"MAX_BBXMIN":117.675,"MIN_BBXMAX":118.358333,"MAX_BBXMAX":118.358333,"MIN_BBYMIN":28.283333,"MAX_BBYMIN":28.283333,"MIN_BBYMAX":28.525,"MAX_BBYMAX":28.525,"MEAN_BBXC":118.038045,"MEAN_BBYC":28.402202,"TIMEZONE":"Asia/Shanghai","UN_FID":0,"POP1950":0,"POP1955":0,"POP1960":0,"POP1965":0,"POP1970":0,"POP1975":0,"POP1980":0,"POP1985":0,"POP1990":0,"POP1995":0,"POP2000":0,"POP2005":0,"POP2010":0,"POP2015":0,"POP2020":0,"POP2025":0,"POP2050":0,"MIN_ZOOM":6.1,"WIKIDATAID":"Q363479","WOF_ID":102026985,"CAPALT":0,"NAME_EN":"Shangrao","NAME_DE":"Shangrao","NAME_ES":"Shangrao","NAME_FR":"Shangrao","NAME_PT":"Shangrao","NAME_RU":"Шанжао","NAME_ZH":"上饶","LABEL":null,"NAME_AR":"شانغراو","NAME_BN":"সাংরাও","NAME_EL":"Σανγκράο","NAME_HI":"शङ्ग्रो","NAME_HU":"Shangrao","NAME_ID":"Shangrao","NAME_IT":"Shangrao","NAME_JA":"上饒市","NAME_KO":"상라오시","NAME_NL":"Shangrao","NAME_PL":"Shangrao","NAME_SV":"Shangrao","NAME_TR":"Shangrao","NAME_VI":"Thượng Nhiêu","NE_ID":1159140981,"NAME_FA":"شانگراو","NAME_HE":"שאנגז'או","NAME_UK":"Шанжао","NAME_UR":"شانگراو","NAME_ZHT":"上饒市","GEONAMESID":1787858,"FCLASS_ISO":null,"FCLASS_US":null,"FCLASS_FR":null,"FCLASS_RU":null,"FCLASS_ES":null,"FCLASS_CN":null,"FCLASS_TW":null,"FCLASS_IN":null,"FCLASS_NP":null,"FCLASS_PK":null,"FCLASS_DE":null,"FCLASS_GB":null,"FCLASS_BR":null,"FCLASS_IL":null,"FCLASS_PS":null,"FCLASS_SA":null,"FCLASS_EG":null,"FCLASS_MA":null,"FCLASS_PT":null,"FCLASS_AR":null,"FCLASS_JP":null,"FCLASS_KO":null,"FCLASS_VN":null,"FCLASS_TR":null,"FCLASS_ID":null,"FCLASS_PL":null,"FCLASS_GR":null,"FCLASS_IT":null,"FCLASS_NL":null,"FCLASS_SE":null,"FCLASS_BD":null,"FCLASS_UA":null,"FCLASS_TLC":null},"bbox":[117.969998,28.470393,117.969998,28.470393],"geometry":{"type":"Point","coordinates":[117.969998,28.470393]}},{"type":"Feature","properties":{"SCALERANK":7,"NATSCALE":20,"LABELRANK":1,"FEATURECLA":"Populated place","NAME":"Jingdezhen","NAMEPAR":null,"NAMEALT":null,"NAMEASCII":"Jingdezhen","ADM0CAP":0,"CAPIN":null,"WORLDCITY":0,"MEGACITY":0,"SOV0NAME":"China","SOV_A3":"CHN","ADM0NAME":"China","ADM0_A3":"CHN","ADM1NAME":"Jiangxi","ISO_A2":"CN","NOTE":null,"LATITUDE":29.270421,"LONGITUDE":117.18002,"POP_MAX":457298,"POP_MIN":310565,"POP_OTHER":456836,"RANK_MAX":10,"RANK_MIN":10,"MEGANAME":null,"LS_NAME":"Jingdezhen","MAX_POP10":457298,"MAX_POP20":457298,"MAX_POP50":0,"MAX_POP300":0,"MAX_POP310":0,"MAX_NATSCA":20,"MIN_AREAKM":106,"MAX_AREAKM":106,"MIN_AREAMI":41,"MAX_AREAMI":41,"MIN_PERKM":123,"MAX_PERKM":123,"MIN_PERMI":77,"MAX_PERMI":77,"MIN_BBXMIN":117.133333,"MAX_BBXMIN":117.133333,"MIN_BBXMAX":117.325,"MAX_BBXMAX":117.325,"MIN_BBYMIN":29.233333,"MAX_BBYMIN":29.233333,"MIN_BBYMAX":29.416667,"MAX_BBYMAX":29.416667,"MEAN_BBXC":117.200469,"MEAN_BBYC":29.312031,"TIMEZONE":"Asia/Shanghai","UN_FID":0,"POP1950":0,"POP1955":0,"POP1960":0,"POP1965":0,"POP1970":0,"POP1975":0,"POP1980":0,"POP1985":0,"POP1990":0,"POP1995":0,"POP2000":0,"POP2005":0,"POP2010":0,"POP2015":0,"POP2020":0,"POP2025":0,"POP2050":0,"MIN_ZOOM":6.1,"WIKIDATAID":"Q34405","WOF_ID":102027455,"CAPALT":0,"NAME_EN":"Jingdezhen","NAME_DE":"Jingdezhen","NAME_ES":"Jingdezhen","NAME_FR":"Jingdezhen","NAME_PT":"Jingdezhen","NAME_RU":"Цзиндэчжэнь","NAME_ZH":"景德镇","LABEL":null,"NAME_AR":"جينغدتشن","NAME_BN":"চিংতচেন","NAME_EL":"Τζινγκντεσέν","NAME_HI":"जिंग्दज़हेन","NAME_HU":"Jingdezhen","NAME_ID":"Jingdezhen","NAME_IT":"Jingdezhen","NAME_JA":"景徳鎮市","NAME_KO":"징더전시","NAME_NL":"Jingdezhen","NAME_PL":"Jingdezhen","NAME_SV":"Jingdezhen","NAME_TR":"Jingdezhen","NAME_VI":"Cảnh Đức Trấn","NE_ID":1159140985,"NAME_FA":"جینگدیجن","NAME_HE":"ג'ינגז'ן","NAME_UK":"Дзіньдечжень","NAME_UR":"جینگدیذین","NAME_ZHT":"景德鎮市","GEONAMESID":1805680,"FCLASS_ISO":null,"FCLASS_US":null,"FCLASS_FR":null,"FCLASS_RU":null,"FCLASS_ES":null,"FCLASS_CN":null,"FCLASS_TW":null,"FCLASS_IN":null,"FCLASS_NP":null,"FCLASS_PK":null,"FCLASS_DE":null,"FCLASS_GB":null,"FCLASS_BR":null,"FCLASS_IL":null,"FCLASS_PS":null,"FCLASS_SA":null,"FCLASS_EG":null,"FCLASS_MA":null,"FCLASS_PT":null,"FCLASS_AR":null,"FCLASS_JP":null,"FCLASS_KO":null,"FCLASS_VN":null,"FCLASS_TR":null,"FCLASS_ID":null,"FCLASS_PL":null,"FCLASS_GR":null,"FCLASS_IT":null,"FCLASS_NL":null,"FCLASS_SE":null,"FCLASS_BD":null,"FCLASS_UA":null,"FCLASS_TLC":null},"bbox":[117.18002,29.270421,117.18002,29.270421],"geometry":{"type":"Point","coordinates":[117.18002,29.270421]}},{"type":"Feature","properties":{"SCALERANK":7,"NATSCALE":20,"LABELRANK":1,"FEATURECLA":"Populated place","NAME":"Taizhou","NAMEPAR":null,"NAMEALT":null,"NAMEASCII":"Taizhou","ADM0CAP":0,"CAPIN":null,"WORLDCITY":0,"MEGACITY":0,"SOV0NAME":"China","SOV_A3":"CHN","ADM0NAME":"China","ADM0_A3":"CHN","ADM1NAME":"Jiangsu","ISO_A2":"CN","NOTE":null,"LATITUDE":32.490406,"LONGITUDE":119.900009,"POP_MAX":612356,"POP_MIN":612356,"POP_OTHER":7606324,"RANK_MAX":11,"RANK_MIN":11,"MEGANAME":null,"LS_NAME":"Taizhou","MAX_POP10":7557976,"MAX_POP20":8691755,"MAX_POP50":0,"MAX_POP300":0,"MAX_POP310":0,"MAX_NATSCA":20,"MIN_AREAKM":7031,"MAX_AREAKM":8055,"MIN_AREAMI":2715,"MAX_AREAMI":3110,"MIN_PERKM":4128,"MAX_PERKM":4639,"MIN_PERMI":2565,"MAX_PERMI":2882,"MIN_BBXMIN":119.416667,"MAX_BBXMIN":119.590644,"MIN_BBXMAX":120.771933,"MAX_BBXMAX":120.771933,"MIN_BBYMIN":32,"MAX_BBYMIN":32.133333,"MIN_BBYMAX":33.694857,"MAX_BBYMAX":33.694857,"MEAN_BBXC":120.095287,"MEAN_BBYC":32.822899,"TIMEZONE":"Asia/Shanghai","UN_FID":0,"POP1950":0,"POP1955":0,"POP1960":0,"POP1965":0,"POP1970":0,"POP1975":0,"POP1980":0,"POP1985":0,"POP1990":0,"POP1995":0,"POP2000":0,"POP2005":0,"POP2010":0,"POP2015":0,"POP2020":0,"POP2025":0,"POP2050":0,"MIN_ZOOM":6.7,"WIKIDATAID":"Q57931","WOF_ID":102027115,"CAPALT":0,"NAME_EN":"Taizhou","NAME_DE":"Taizhou","NAME_ES":"Taizhou","NAME_FR":"Taizhou","NAME_PT":"Taizhou","NAME_RU":"Тайчжоу","NAME_ZH":"泰州","LABEL":null,"NAME_AR":"تايتشو","NAME_BN":"থাইচৌ","NAME_EL":"Ταϊζού","NAME_HI":"टाइज़होउ","NAME_HU":"Taizhou","NAME_ID":"Taizhou","NAME_IT":"Taizhou","NAME_JA":"泰州市","NAME_KO":"타이저우시","NAME_NL":"Taizhou","NAME_PL":"Taizhou","NAME_SV":"Taizhou","NAME_TR":"Taizhou","NAME_VI":"Thái Châu","NE_ID":1159140991,"NAME_FA":"تایژو","NAME_HE":"טייז'ו","NAME_UK":"Тайчжоу","NAME_UR":"تائیژو","NAME_ZHT":"泰州市","GEONAMESID":1793505,"FCLASS_ISO":null,"FCLASS_US":null,"FCLASS_FR":null,"FCLASS_RU":null,"FCLASS_ES":null,"FCLASS_CN":null,"FCLASS_TW":null,"FCLASS_IN":null,"FCLASS_NP":null,"FCLASS_PK":null,"FCLASS_DE":null,"FCLASS_GB":null,"FCLASS_BR":null,"FCLASS_IL":null,"FCLASS_PS":null,"FCLASS_SA":null,"FCLASS_EG":null,"FCLASS_MA":null,"FCLASS_PT":null,"FCLASS_AR":null,"FCLASS_JP":null,"FCLASS_KO":null,"FCLASS_VN":null,"FCLASS_TR":null,"FCLASS_ID":null,"FCLASS_PL":null,"FCLASS_GR":null,"FCLASS_IT":null,"FCLASS_NL":null,"FCLASS_SE":null,"FCLASS_BD":null,"FCLASS_UA":null,"FCLASS_TLC":null},"bbox":[119.900009,32.490406,119.900009,32.490406],"geometry":{"type":"Point","coordinates":[119.900009,32.490406]}},{"type":"Feature","properties":{"SCALERANK":7,"NATSCALE":20,"LABELRANK":1,"FEATURECLA":"Populated place","NAME":"Shuyang","NAMEPAR":null,"NAMEALT":null,"NAMEASCII":"Shuyang","ADM0CAP":0,"CAPIN":null,"WORLDCITY":0,"MEGACITY":0,"SOV0NAME":"China","SOV_A3":"CHN","ADM0NAME":"China","ADM0_A3":"CHN","ADM1NAME":"Jiangsu","ISO_A2":"CN","NOTE":null,"LATITUDE":34.129866,"LONGITUDE":118.77336,"POP_MAX":1770000,"POP_MIN":1770000,"POP_OTHER":2905839,"RANK_MAX":12,"RANK_MIN":12,"MEGANAME":null,"LS_NAME":"Shuyang","MAX_POP10":2156278,"MAX_POP20":5083796,"MAX_POP50":0,"MAX_POP300":0,"MAX_POP310":0,"MAX_NATSCA":20,"MIN_AREAKM":2499,"MAX_AREAKM":5136,"MIN_AREAMI":965,"MAX_AREAMI":1983,"MIN_PERKM":1140,"MAX_PERKM":3157,"MIN_PERMI":708,"MAX_PERMI":1962,"MIN_BBXMIN":117.936852,"MAX_BBXMIN":118.479958,"MIN_BBXMAX":119.336054,"MAX_BBXMAX":119.336054,"MIN_BBYMIN":33.503649,"MAX_BBYMIN":33.853943,"MIN_BBYMAX":34.558683,"MAX_BBYMAX":34.615613,"MEAN_BBXC":118.728688,"MEAN_BBYC":34.128745,"TIMEZONE":null,"UN_FID":0,"POP1950":0,"POP1955":0,"POP1960":0,"POP1965":0,"POP1970":0,"POP1975":0,"POP1980":0,"POP1985":0,"POP1990":0,"POP1995":0,"POP2000":0,"POP2005":0,"POP2010":0,"POP2015":0,"POP2020":0,"POP2025":0,"POP2050":0,"MIN_ZOOM":6.7,"WIKIDATAID":null,"WOF_ID":1141907699,"CAPALT":0,"NAME_EN":"Shuyang","NAME_DE":"Shuyang","NAME_ES":"Shuyang","NAME_FR":"Shuyang","NAME_PT":"Shuyang","NAME_RU":"Шуян","NAME_ZH":"沭阳县","LABEL":null,"NAME_AR":"شويانغ","NAME_BN":"শুইয়াং","NAME_EL":"Σουιάνγκ","NAME_HI":"शुयांग","NAME_HU":"Shuyang","NAME_ID":"Shuyang","NAME_IT":"Shuyang","NAME_JA":"ジュツ陽","NAME_KO":"슈양","NAME_NL":"Shuyang","NAME_PL":"Shuyang","NAME_SV":"Shuyang","NAME_TR":"Shuyang","NAME_VI":"Thuật Dương","NE_ID":1159140995,"NAME_FA":"شویانگ","NAME_HE":"שויאנג","NAME_UK":"Шуян","NAME_UR":"شویانگ","NAME_ZHT":"沭陽","GEONAMESID":-1,"FCLASS_ISO":null,"FCLASS_US":null,"FCLASS_FR":null,"FCLASS_RU":null,"FCLASS_ES":null,"FCLASS_CN":null,"FCLASS_TW":null,"FCLASS_IN":null,"FCLASS_NP":null,"FCLASS_PK":null,"FCLASS_DE":null,"FCLASS_GB":null,"FCLASS_BR":null,"FCLASS_IL":null,"FCLASS_PS":null,"FCLASS_SA":null,"FCLASS_EG":null,"FCLASS_MA":null,"FCLASS_PT":null,"FCLASS_AR":null,"FCLASS_JP":null,"FCLASS_KO":null,"FCLASS_VN":null,"FCLASS_TR":null,"FCLASS_ID":null,"FCLASS_PL":null,"FCLASS_GR":null,"FCLASS_IT":null,"FCLASS_NL":null,"FCLASS_SE":null,"FCLASS_BD":null,"FCLASS_UA":null,"FCLASS_TLC":null},"bbox":[118.77336,34.129866,118.77336,34.129866],"geometry":{"type":"Point","coordinates":[118.77336,34.129866]}},{"type":"Feature","properties":{"SCALERANK":7,"NATSCALE":20,"LABELRANK":1,"FEATURECLA":"Populated place","NAME":"Lianyungang","NAMEPAR":null,"NAMEALT":null,"NAMEASCII":"Lianyungang","ADM0CAP":0,"CAPIN":null,"WORLDCITY":0,"MEGACITY":0,"SOV0NAME":"China","SOV_A3":"CHN","ADM0NAME":"China","ADM0_A3":"CHN","ADM1NAME":"Jiangsu","ISO_A2":"CN","NOTE":null,"LATITUDE":34.600432,"LONGITUDE":119.170028,"POP_MAX":715600,"POP_MIN":715600,"POP_OTHER":4728474,"RANK_MAX":11,"RANK_MIN":11,"MEGANAME":null,"LS_NAME":"Lianyungang","MAX_POP10":5070313,"MAX_POP20":5086753,"MAX_POP50":0,"MAX_POP300":0,"MAX_POP310":0,"MAX_NATSCA":20,"MIN_AREAKM":5658,"MAX_AREAKM":5687,"MIN_AREAMI":2185,"MAX_AREAMI":2196,"MIN_PERKM":4141,"MAX_PERKM":4171,"MIN_PERMI":2573,"MAX_PERMI":2592,"MIN_BBXMIN":118.638769,"MAX_BBXMIN":118.693795,"MIN_BBXMAX":120.383333,"MAX_BBXMAX":120.383333,"MIN_BBYMIN":33.933273,"MAX_BBYMIN":33.933273,"MIN_BBYMAX":35.141667,"MAX_BBYMAX":35.141667,"MEAN_BBXC":119.406856,"MEAN_BBYC":34.421982,"TIMEZONE":null,"UN_FID":0,"POP1950":0,"POP1955":0,"POP1960":0,"POP1965":0,"POP1970":0,"POP1975":0,"POP1980":0,"POP1985":0,"POP1990":0,"POP1995":0,"POP2000":0,"POP2005":0,"POP2010":0,"POP2015":0,"POP2020":0,"POP2025":0,"POP2050":0,"MIN_ZOOM":6.1,"WIKIDATAID":"Q57756","WOF_ID":1141907701,"CAPALT":0,"NAME_EN":"Lianyungang","NAME_DE":"Lianyungang","NAME_ES":"Lianyungang","NAME_FR":"Lianyungang","NAME_PT":"Lianyungang","NAME_RU":"Ляньюньган","NAME_ZH":"连云港","LABEL":null,"NAME_AR":"يانيونغانغ","NAME_BN":"লিয়েন-ইউন-কাং","NAME_EL":"Λιανγιουνγκάνγκ","NAME_HI":"लिआंयङ्गाङ्ग","NAME_HU":"Lianyungang","NAME_ID":"Lianyungang","NAME_IT":"Lianyungang","NAME_JA":"連雲港市","NAME_KO":"롄윈강시","NAME_NL":"Lianyungang","NAME_PL":"Lianyungang","NAME_SV":"Lianyungang","NAME_TR":"Lianyungang","NAME_VI":"Liên Vân Cảng","NE_ID":1159140999,"NAME_FA":"لیانیانگانگ","NAME_HE":"ליאניואנגאנג","NAME_UK":"Ляньюньган","NAME_UR":"لیانیونگگانگ","NAME_ZHT":"連雲港市","GEONAMESID":-1,"FCLASS_ISO":null,"FCLASS_US":null,"FCLASS_FR":null,"FCLASS_RU":null,"FCLASS_ES":null,"FCLASS_CN":null,"FCLASS_TW":null,"FCLASS_IN":null,"FCLASS_NP":null,"FCLASS_PK":null,"FCLASS_DE":null,"FCLASS_GB":null,"FCLASS_BR":null,"FCLASS_IL":null,"FCLASS_PS":null,"FCLASS_SA":null,"FCLASS_EG":null,"FCLASS_MA":null,"FCLASS_PT":null,"FCLASS_AR":null,"FCLASS_JP":null,"FCLASS_KO":null,"FCLASS_VN":null,"FCLASS_TR":null,"FCLASS_ID":null,"FCLASS_PL":null,"FCLASS_GR":null,"FCLASS_IT":null,"FCLASS_NL":null,"FCLASS_SE":null,"FCLASS_BD":null,"FCLASS_UA":null,"FCLASS_TLC":null},"bbox":[119.226193,34.587014,119.226193,34.587014],"geometry":{"type":"Point","coordinates":[119.226193,34.587014]}},{"type":"Feature","properties":{"SCALERANK":7,"NATSCALE":20,"LABELRANK":1,"FEATURECLA":"Populated place","NAME":"Jiaojing","NAMEPAR":null,"NAMEALT":null,"NAMEASCII":"Jiaojing","ADM0CAP":0,"CAPIN":null,"WORLDCITY":0,"MEGACITY":0,"SOV0NAME":"China","SOV_A3":"CHN","ADM0NAME":"China","ADM0_A3":"CHN","ADM1NAME":"Zhejiang","ISO_A2":"CN","NOTE":null,"LATITUDE":28.680406,"LONGITUDE":121.449992,"POP_MAX":471500,"POP_MIN":470804,"POP_OTHER":1419168,"RANK_MAX":10,"RANK_MIN":10,"MEGANAME":null,"LS_NAME":"Jiaojing","MAX_POP10":1942406,"MAX_POP20":2569294,"MAX_POP50":0,"MAX_POP300":0,"MAX_POP310":0,"MAX_NATSCA":20,"MIN_AREAKM":537,"MAX_AREAKM":762,"MIN_AREAMI":207,"MAX_AREAMI":294,"MIN_PERKM":621,"MAX_PERKM":868,"MIN_PERMI":386,"MAX_PERMI":539,"MIN_BBXMIN":121.233333,"MAX_BBXMIN":121.340989,"MIN_BBXMAX":121.641667,"MAX_BBXMAX":121.641667,"MIN_BBYMIN":28.308333,"MAX_BBYMIN":28.308333,"MIN_BBYMAX":28.85,"MAX_BBYMAX":28.85,"MEAN_BBXC":121.455397,"MEAN_BBYC":28.559352,"TIMEZONE":"Asia/Shanghai","UN_FID":0,"POP1950":0,"POP1955":0,"POP1960":0,"POP1965":0,"POP1970":0,"POP1975":0,"POP1980":0,"POP1985":0,"POP1990":0,"POP1995":0,"POP2000":0,"POP2005":0,"POP2010":0,"POP2015":0,"POP2020":0,"POP2025":0,"POP2050":0,"MIN_ZOOM":6.1,"WIKIDATAID":"Q513077","WOF_ID":890512951,"CAPALT":0,"NAME_EN":"Jiaojiang","NAME_DE":"Jiaojiang","NAME_ES":"Jiaojing","NAME_FR":"Jiaojiang","NAME_PT":"Jiaojiang","NAME_RU":"Цзяоцзян","NAME_ZH":"椒江区","LABEL":null,"NAME_AR":"جاوتشينغ","NAME_BN":"জিয়াওজিং","NAME_EL":"Τζιαοτζίνγκ","NAME_HI":"ज्याओज़िंग","NAME_HU":"Jiaojing","NAME_ID":"Jiaojing","NAME_IT":"Jiaojiang","NAME_JA":"椒江区","NAME_KO":"자오장구","NAME_NL":"Jiaojiang","NAME_PL":"Jiaojing","NAME_SV":"Jiaojiang","NAME_TR":"Jiaojing","NAME_VI":"Tiêu Giang","NE_ID":1159141009,"NAME_FA":"جیاوجینگ","NAME_HE":"ג'יאוג'ינג","NAME_UK":"Цзяоцзин","NAME_UR":"جیاوجنگ","NAME_ZHT":"椒江區","GEONAMESID":1809061,"FCLASS_ISO":null,"FCLASS_US":null,"FCLASS_FR":null,"FCLASS_RU":null,"FCLASS_ES":null,"FCLASS_CN":null,"FCLASS_TW":null,"FCLASS_IN":null,"FCLASS_NP":null,"FCLASS_PK":null,"FCLASS_DE":null,"FCLASS_GB":null,"FCLASS_BR":null,"FCLASS_IL":null,"FCLASS_PS":null,"FCLASS_SA":null,"FCLASS_EG":null,"FCLASS_MA":null,"FCLASS_PT":null,"FCLASS_AR":null,"FCLASS_JP":null,"FCLASS_KO":null,"FCLASS_VN":null,"FCLASS_TR":null,"FCLASS_ID":null,"FCLASS_PL":null,"FCLASS_GR":null,"FCLASS_IT":null,"FCLASS_NL":null,"FCLASS_SE":null,"FCLASS_BD":null,"FCLASS_UA":null,"FCLASS_TLC":null},"bbox":[121.449992,28.680406,121.449992,28.680406],"geometry":{"type":"Point","coordinates":[121.449992,28.680406]}},{"type":"Feature","properties":{"SCALERANK":7,"NATSCALE":20,"LABELRANK":1,"FEATURECLA":"Populated place","NAME":"Songyuan","NAMEPAR":null,"NAMEALT":"Fuyu","NAMEASCII":"Songyuan","ADM0CAP":0,"CAPIN":null,"WORLDCITY":0,"MEGACITY":0,"SOV0NAME":"China","SOV_A3":"CHN","ADM0NAME":"China","ADM0_A3":"CHN","ADM1NAME":"Jilin","ISO_A2":"CN","NOTE":null,"LATITUDE":45.180381,"LONGITUDE":124.820019,"POP_MAX":495900,"POP_MIN":495900,"POP_OTHER":0,"RANK_MAX":10,"RANK_MIN":9,"MEGANAME":null,"LS_NAME":"Fuyu","MAX_POP10":356905,"MAX_POP20":356905,"MAX_POP50":0,"MAX_POP300":0,"MAX_POP310":0,"MAX_NATSCA":20,"MIN_AREAKM":113,"MAX_AREAKM":113,"MIN_AREAMI":44,"MAX_AREAMI":44,"MIN_PERKM":122,"MAX_PERKM":122,"MIN_PERMI":76,"MAX_PERMI":76,"MIN_BBXMIN":124.733333,"MAX_BBXMIN":124.733333,"MIN_BBXMAX":124.9,"MAX_BBXMAX":124.9,"MIN_BBYMIN":45.066667,"MAX_BBYMIN":45.066667,"MIN_BBYMAX":45.266667,"MAX_BBYMAX":45.266667,"MEAN_BBXC":124.82119,"MEAN_BBYC":45.170655,"TIMEZONE":"Asia/Harbin","UN_FID":0,"POP1950":0,"POP1955":0,"POP1960":0,"POP1965":0,"POP1970":0,"POP1975":0,"POP1980":0,"POP1985":0,"POP1990":0,"POP1995":0,"POP2000":0,"POP2005":0,"POP2010":0,"POP2015":0,"POP2020":0,"POP2025":0,"POP2050":0,"MIN_ZOOM":6.1,"WIKIDATAID":"Q92364","WOF_ID":890516065,"CAPALT":0,"NAME_EN":"Songyuan","NAME_DE":"Songyuan","NAME_ES":"Songyuan","NAME_FR":"Songyuan","NAME_PT":"Songyuan","NAME_RU":"Сунъюань","NAME_ZH":"松原","LABEL":null,"NAME_AR":"سونغيوان","NAME_BN":"সংউয়ান","NAME_EL":"Σόνγκιουαν","NAME_HI":"सोनग्यूआन","NAME_HU":"Songyuan","NAME_ID":"Songyuan","NAME_IT":"Songyuan","NAME_JA":"松原市","NAME_KO":"쑹위안시","NAME_NL":"Songyuan","NAME_PL":"Songyuan","NAME_SV":"Songyuan","NAME_TR":"Songyuan","NAME_VI":"Tùng Nguyên","NE_ID":1159141037,"NAME_FA":"سانگیوان","NAME_HE":"סונגיואן","NAME_UK":"Сун’юань","NAME_UR":"سونگیوان","NAME_ZHT":"松原市","GEONAMESID":2037335,"FCLASS_ISO":null,"FCLASS_US":null,"FCLASS_FR":null,"FCLASS_RU":null,"FCLASS_ES":null,"FCLASS_CN":null,"FCLASS_TW":null,"FCLASS_IN":null,"FCLASS_NP":null,"FCLASS_PK":null,"FCLASS_DE":null,"FCLASS_GB":null,"FCLASS_BR":null,"FCLASS_IL":null,"FCLASS_PS":null,"FCLASS_SA":null,"FCLASS_EG":null,"FCLASS_MA":null,"FCLASS_PT":null,"FCLASS_AR":null,"FCLASS_JP":null,"FCLASS_KO":null,"FCLASS_VN":null,"FCLASS_TR":null,"FCLASS_ID":null,"FCLASS_PL":null,"FCLASS_GR":null,"FCLASS_IT":null,"FCLASS_NL":null,"FCLASS_SE":null,"FCLASS_BD":null,"FCLASS_UA":null,"FCLASS_TLC":null},"bbox":[124.820019,45.18038,124.820019,45.18038],"geometry":{"type":"Point","coordinates":[124.820019,45.18038]}},{"type":"Feature","properties":{"SCALERANK":7,"NATSCALE":20,"LABELRANK":1,"FEATURECLA":"Populated place","NAME":"Raurkela","NAMEPAR":null,"NAMEALT":null,"NAMEASCII":"Raurkela","ADM0CAP":0,"CAPIN":null,"WORLDCITY":0,"MEGACITY":0,"SOV0NAME":"India","SOV_A3":"IND","ADM0NAME":"India","ADM0_A3":"IND","ADM1NAME":"Orissa","ISO_A2":"IN","NOTE":null,"LATITUDE":22.230412,"LONGITUDE":84.829954,"POP_MAX":625831,"POP_MIN":483629,"POP_OTHER":617932,"RANK_MAX":11,"RANK_MIN":10,"MEGANAME":null,"LS_NAME":"Raurkela","MAX_POP10":625831,"MAX_POP20":0,"MAX_POP50":0,"MAX_POP300":0,"MAX_POP310":0,"MAX_NATSCA":10,"MIN_AREAKM":174,"MAX_AREAKM":174,"MIN_AREAMI":67,"MAX_AREAMI":67,"MIN_PERKM":134,"MAX_PERKM":134,"MIN_PERMI":84,"MAX_PERMI":84,"MIN_BBXMIN":84.716667,"MAX_BBXMIN":84.716667,"MIN_BBXMAX":84.966667,"MAX_BBXMAX":84.966667,"MIN_BBYMIN":22.158333,"MAX_BBYMIN":22.158333,"MIN_BBYMAX":22.316667,"MAX_BBYMAX":22.316667,"MEAN_BBXC":84.841856,"MEAN_BBYC":22.237879,"TIMEZONE":null,"UN_FID":0,"POP1950":0,"POP1955":0,"POP1960":0,"POP1965":0,"POP1970":0,"POP1975":0,"POP1980":0,"POP1985":0,"POP1990":0,"POP1995":0,"POP2000":0,"POP2005":0,"POP2010":0,"POP2015":0,"POP2020":0,"POP2025":0,"POP2050":0,"MIN_ZOOM":6.1,"WIKIDATAID":"Q1012706","WOF_ID":1141907791,"CAPALT":0,"NAME_EN":"Rourkela","NAME_DE":"Rourkela","NAME_ES":"Rourkela","NAME_FR":"Rourkela","NAME_PT":"Rourkela","NAME_RU":"Руркла","NAME_ZH":"鲁吉拉","LABEL":null,"NAME_AR":"روكيلا","NAME_BN":"রাউরকেলা","NAME_EL":"Ρουρκέλα","NAME_HI":"राउरकेला","NAME_HU":"Raurkela","NAME_ID":"Rourkela","NAME_IT":"Raurkela","NAME_JA":"ロウケラ","NAME_KO":"루켈라","NAME_NL":"Rourkela","NAME_PL":"Rurkela","NAME_SV":"Raurkela","NAME_TR":"Rourkela","NAME_VI":"Raurkela","NE_ID":1159141809,"NAME_FA":"رورکلا","NAME_HE":"רורקלה","NAME_UK":"Роркла","NAME_UR":"راؤرکیلا","NAME_ZHT":"魯吉拉","GEONAMESID":1258315,"FCLASS_ISO":null,"FCLASS_US":null,"FCLASS_FR":null,"FCLASS_RU":null,"FCLASS_ES":null,"FCLASS_CN":null,"FCLASS_TW":null,"FCLASS_IN":null,"FCLASS_NP":null,"FCLASS_PK":null,"FCLASS_DE":null,"FCLASS_GB":null,"FCLASS_BR":null,"FCLASS_IL":null,"FCLASS_PS":null,"FCLASS_SA":null,"FCLASS_EG":null,"FCLASS_MA":null,"FCLASS_PT":null,"FCLASS_AR":null,"FCLASS_JP":null,"FCLASS_KO":null,"FCLASS_VN":null,"FCLASS_TR":null,"FCLASS_ID":null,"FCLASS_PL":null,"FCLASS_GR":null,"FCLASS_IT":null,"FCLASS_NL":null,"FCLASS_SE":null,"FCLASS_BD":null,"FCLASS_UA":null,"FCLASS_TLC":null},"bbox":[84.829954,22.230412,84.829954,22.230412],"geometry":{"type":"Point","coordinates":[84.829954,22.230412]}},{"type":"Feature","properties":{"SCALERANK":7,"NATSCALE":20,"LABELRANK":1,"FEATURECLA":"Populated place","NAME":"Shivamogga","NAMEPAR":"Shimoga","NAMEALT":null,"NAMEASCII":"Shivamogga","ADM0CAP":0,"CAPIN":null,"WORLDCITY":0,"MEGACITY":0,"SOV0NAME":"India","SOV_A3":"IND","ADM0NAME":"India","ADM0_A3":"IND","ADM1NAME":"Karnataka","ISO_A2":"IN","NOTE":null,"LATITUDE":13.930376,"LONGITUDE":75.560028,"POP_MAX":654055,"POP_MIN":319550,"POP_OTHER":660910,"RANK_MAX":11,"RANK_MIN":10,"MEGANAME":null,"LS_NAME":"Shimoga","MAX_POP10":654055,"MAX_POP20":654055,"MAX_POP50":0,"MAX_POP300":0,"MAX_POP310":0,"MAX_NATSCA":20,"MIN_AREAKM":250,"MAX_AREAKM":250,"MIN_AREAMI":97,"MAX_AREAMI":97,"MIN_PERKM":219,"MAX_PERKM":219,"MIN_PERMI":136,"MAX_PERMI":136,"MIN_BBXMIN":75.5,"MAX_BBXMIN":75.5,"MIN_BBXMAX":75.775,"MAX_BBXMAX":75.775,"MIN_BBYMIN":13.791667,"MAX_BBYMIN":13.791667,"MIN_BBYMAX":14.008333,"MAX_BBYMAX":14.008333,"MEAN_BBXC":75.649432,"MEAN_BBYC":13.906686,"TIMEZONE":"Asia/Kolkata","UN_FID":0,"POP1950":0,"POP1955":0,"POP1960":0,"POP1965":0,"POP1970":0,"POP1975":0,"POP1980":0,"POP1985":0,"POP1990":0,"POP1995":0,"POP2000":0,"POP2005":0,"POP2010":0,"POP2015":0,"POP2020":0,"POP2025":0,"POP2050":0,"MIN_ZOOM":6.7,"WIKIDATAID":"Q281796","WOF_ID":102028673,"CAPALT":0,"NAME_EN":"Shivamogga","NAME_DE":"Shivamogga","NAME_ES":"Shimoga","NAME_FR":"Shimoga","NAME_PT":"Shivamogga","NAME_RU":"Шимога","NAME_ZH":"诗法摩嘎","LABEL":null,"NAME_AR":"شيموغا","NAME_BN":"শিবমোগ্গা","NAME_EL":"Σιμόγκα","NAME_HI":"शिमोगा","NAME_HU":"Shivamogga","NAME_ID":"Shimoga","NAME_IT":"Shimoga","NAME_JA":"シヴァモッガ","NAME_KO":"시바모가","NAME_NL":"Shimoga","NAME_PL":"Shivamogga","NAME_SV":"Shimoga","NAME_TR":"Shivamogga","NAME_VI":"Shimoga","NE_ID":1159141827,"NAME_FA":"شیموگا","NAME_HE":"שימוגה","NAME_UK":"Шимога","NAME_UR":"شیواموججا","NAME_ZHT":"詩法摩嘎","GEONAMESID":1256515,"FCLASS_ISO":null,"FCLASS_US":null,"FCLASS_FR":null,"FCLASS_RU":null,"FCLASS_ES":null,"FCLASS_CN":null,"FCLASS_TW":null,"FCLASS_IN":null,"FCLASS_NP":null,"FCLASS_PK":null,"FCLASS_DE":null,"FCLASS_GB":null,"FCLASS_BR":null,"FCLASS_IL":null,"FCLASS_PS":null,"FCLASS_SA":null,"FCLASS_EG":null,"FCLASS_MA":null,"FCLASS_PT":null,"FCLASS_AR":null,"FCLASS_JP":null,"FCLASS_KO":null,"FCLASS_VN":null,"FCLASS_TR":null,"FCLASS_ID":null,"FCLASS_PL":null,"FCLASS_GR":null,"FCLASS_IT":null,"FCLASS_NL":null,"FCLASS_SE":null,"FCLASS_BD":null,"FCLASS_UA":null,"FCLASS_TLC":null},"bbox":[75.560028,13.930376,75.560028,13.930376],"geometry":{"type":"Point","coordinates":[75.560028,13.930376]}},{"type":"Feature","properties":{"SCALERANK":7,"NATSCALE":20,"LABELRANK":1,"FEATURECLA":"Populated place","NAME":"Sangli","NAMEPAR":null,"NAMEALT":null,"NAMEASCII":"Sangli","ADM0CAP":0,"CAPIN":null,"WORLDCITY":0,"MEGACITY":0,"SOV0NAME":"India","SOV_A3":"IND","ADM0NAME":"India","ADM0_A3":"IND","ADM1NAME":"Maharashtra","ISO_A2":"IN","NOTE":null,"LATITUDE":16.860404,"LONGITUDE":74.575024,"POP_MAX":601214,"POP_MIN":601214,"POP_OTHER":1823596,"RANK_MAX":11,"RANK_MIN":11,"MEGANAME":null,"LS_NAME":"Sangli","MAX_POP10":1606100,"MAX_POP20":0,"MAX_POP50":0,"MAX_POP300":0,"MAX_POP310":0,"MAX_NATSCA":10,"MIN_AREAKM":613,"MAX_AREAKM":613,"MIN_AREAMI":237,"MAX_AREAMI":237,"MIN_PERKM":701,"MAX_PERKM":701,"MIN_PERMI":435,"MAX_PERMI":435,"MIN_BBXMIN":74.411037,"MAX_BBXMIN":74.411037,"MIN_BBXMAX":74.791667,"MAX_BBXMAX":74.791667,"MIN_BBYMIN":16.633333,"MAX_BBYMIN":16.633333,"MIN_BBYMAX":17.033333,"MAX_BBYMAX":17.033333,"MEAN_BBXC":74.58272,"MEAN_BBYC":16.822716,"TIMEZONE":null,"UN_FID":0,"POP1950":0,"POP1955":0,"POP1960":0,"POP1965":0,"POP1970":0,"POP1975":0,"POP1980":0,"POP1985":0,"POP1990":0,"POP1995":0,"POP2000":0,"POP2005":0,"POP2010":0,"POP2015":0,"POP2020":0,"POP2025":0,"POP2050":0,"MIN_ZOOM":6.7,"WIKIDATAID":"Q429215","WOF_ID":1141907793,"CAPALT":0,"NAME_EN":"Sangli","NAME_DE":"Sangli","NAME_ES":"Sangli","NAME_FR":"Sangli","NAME_PT":"Sangli","NAME_RU":"Сангли","NAME_ZH":"桑格丽","LABEL":null,"NAME_AR":"سنغالي","NAME_BN":"সাংলি","NAME_EL":"Σάνγκλι","NAME_HI":"सांगली","NAME_HU":"Sangli","NAME_ID":"Sangli","NAME_IT":"Sangli","NAME_JA":"サーングリー","NAME_KO":"상글리","NAME_NL":"Sangli","NAME_PL":"Sangli","NAME_SV":"Sangli","NAME_TR":"Sangli","NAME_VI":"Sangli","NE_ID":1159141845,"NAME_FA":"سنگلی","NAME_HE":"סנגדי","NAME_UK":"Санглі","NAME_UR":"سانگلی","NAME_ZHT":"桑格麗","GEONAMESID":-1,"FCLASS_ISO":null,"FCLASS_US":null,"FCLASS_FR":null,"FCLASS_RU":null,"FCLASS_ES":null,"FCLASS_CN":null,"FCLASS_TW":null,"FCLASS_IN":null,"FCLASS_NP":null,"FCLASS_PK":null,"FCLASS_DE":null,"FCLASS_GB":null,"FCLASS_BR":null,"FCLASS_IL":null,"FCLASS_PS":null,"FCLASS_SA":null,"FCLASS_EG":null,"FCLASS_MA":null,"FCLASS_PT":null,"FCLASS_AR":null,"FCLASS_JP":null,"FCLASS_KO":null,"FCLASS_VN":null,"FCLASS_TR":null,"FCLASS_ID":null,"FCLASS_PL":null,"FCLASS_GR":null,"FCLASS_IT":null,"FCLASS_NL":null,"FCLASS_SE":null,"FCLASS_BD":null,"FCLASS_UA":null,"FCLASS_TLC":null},"bbox":[74.575024,16.860404,74.575024,16.860404],"geometry":{"type":"Point","coordinates":[74.575024,16.860404]}},{"type":"Feature","properties":{"SCALERANK":7,"NATSCALE":20,"LABELRANK":1,"FEATURECLA":"Populated place","NAME":"Malegaon","NAMEPAR":null,"NAMEALT":null,"NAMEASCII":"Malegaon","ADM0CAP":0,"CAPIN":null,"WORLDCITY":0,"MEGACITY":0,"SOV0NAME":"India","SOV_A3":"IND","ADM0NAME":"India","ADM0_A3":"IND","ADM1NAME":"Maharashtra","ISO_A2":"IN","NOTE":null,"LATITUDE":20.560359,"LONGITUDE":74.525001,"POP_MAX":690844,"POP_MIN":435362,"POP_OTHER":730400,"RANK_MAX":11,"RANK_MIN":10,"MEGANAME":null,"LS_NAME":"Malegaon","MAX_POP10":690844,"MAX_POP20":690844,"MAX_POP50":0,"MAX_POP300":0,"MAX_POP310":0,"MAX_NATSCA":20,"MIN_AREAKM":386,"MAX_AREAKM":386,"MIN_AREAMI":149,"MAX_AREAMI":149,"MIN_PERKM":377,"MAX_PERKM":377,"MIN_PERMI":234,"MAX_PERMI":234,"MIN_BBXMIN":74.133333,"MAX_BBXMIN":74.133333,"MIN_BBXMAX":74.641667,"MAX_BBXMAX":74.641667,"MIN_BBYMIN":20.4,"MAX_BBYMIN":20.4,"MIN_BBYMAX":20.7,"MAX_BBYMAX":20.7,"MEAN_BBXC":74.368568,"MEAN_BBYC":20.555584,"TIMEZONE":"Asia/Kolkata","UN_FID":0,"POP1950":0,"POP1955":0,"POP1960":0,"POP1965":0,"POP1970":0,"POP1975":0,"POP1980":0,"POP1985":0,"POP1990":0,"POP1995":0,"POP2000":0,"POP2005":0,"POP2010":0,"POP2015":0,"POP2020":0,"POP2025":0,"POP2050":0,"MIN_ZOOM":6.7,"WIKIDATAID":"Q580965","WOF_ID":102029495,"CAPALT":0,"NAME_EN":"Malegaon","NAME_DE":"Malegaon","NAME_ES":"Malegaon","NAME_FR":"Malegaon","NAME_PT":"Malegaon","NAME_RU":"Малегаон","NAME_ZH":"马莱冈","LABEL":null,"NAME_AR":"ماليغاؤن","NAME_BN":"মালেগাঁও","NAME_EL":"Μαλεγκάον","NAME_HI":"मालेगांव","NAME_HU":"Malegaon","NAME_ID":"Malegaon","NAME_IT":"Malegaon","NAME_JA":"マレガウン","NAME_KO":"말레곤","NAME_NL":"Malegaon","NAME_PL":"Malegaon","NAME_SV":"Malegaon","NAME_TR":"Malegaon","NAME_VI":"Malegaon","NE_ID":1159141855,"NAME_FA":"مالهگوان","NAME_HE":"מלגאון","NAME_UK":"Малегаон","NAME_UR":"مالیگاؤں","NAME_ZHT":"馬萊岡","GEONAMESID":1264115,"FCLASS_ISO":null,"FCLASS_US":null,"FCLASS_FR":null,"FCLASS_RU":null,"FCLASS_ES":null,"FCLASS_CN":null,"FCLASS_TW":null,"FCLASS_IN":null,"FCLASS_NP":null,"FCLASS_PK":null,"FCLASS_DE":null,"FCLASS_GB":null,"FCLASS_BR":null,"FCLASS_IL":null,"FCLASS_PS":null,"FCLASS_SA":null,"FCLASS_EG":null,"FCLASS_MA":null,"FCLASS_PT":null,"FCLASS_AR":null,"FCLASS_JP":null,"FCLASS_KO":null,"FCLASS_VN":null,"FCLASS_TR":null,"FCLASS_ID":null,"FCLASS_PL":null,"FCLASS_GR":null,"FCLASS_IT":null,"FCLASS_NL":null,"FCLASS_SE":null,"FCLASS_BD":null,"FCLASS_UA":null,"FCLASS_TLC":null},"bbox":[74.525001,20.560359,74.525001,20.560359],"geometry":{"type":"Point","coordinates":[74.525001,20.560359]}},{"type":"Feature","properties":{"SCALERANK":7,"NATSCALE":20,"LABELRANK":1,"FEATURECLA":"Populated place","NAME":"Sikar","NAMEPAR":null,"NAMEALT":null,"NAMEASCII":"Sikar","ADM0CAP":0,"CAPIN":null,"WORLDCITY":0,"MEGACITY":0,"SOV0NAME":"India","SOV_A3":"IND","ADM0NAME":"India","ADM0_A3":"IND","ADM1NAME":"Rajasthan","ISO_A2":"IN","NOTE":null,"LATITUDE":27.610394,"LONGITUDE":75.140002,"POP_MAX":400000,"POP_MIN":237579,"POP_OTHER":1620711,"RANK_MAX":10,"RANK_MIN":10,"MEGANAME":null,"LS_NAME":"Sikar","MAX_POP10":912020,"MAX_POP20":912020,"MAX_POP50":0,"MAX_POP300":0,"MAX_POP310":0,"MAX_NATSCA":20,"MIN_AREAKM":695,"MAX_AREAKM":695,"MIN_AREAMI":268,"MAX_AREAMI":268,"MIN_PERKM":709,"MAX_PERKM":709,"MIN_PERMI":440,"MAX_PERMI":440,"MIN_BBXMIN":74.883333,"MAX_BBXMIN":74.883333,"MIN_BBXMAX":75.383333,"MAX_BBXMAX":75.383333,"MIN_BBYMIN":27.375,"MAX_BBYMIN":27.375,"MIN_BBYMAX":28.066667,"MAX_BBYMAX":28.066667,"MEAN_BBXC":75.151829,"MEAN_BBYC":27.716112,"TIMEZONE":"Asia/Kolkata","UN_FID":0,"POP1950":0,"POP1955":0,"POP1960":0,"POP1965":0,"POP1970":0,"POP1975":0,"POP1980":0,"POP1985":0,"POP1990":0,"POP1995":0,"POP2000":0,"POP2005":0,"POP2010":0,"POP2015":0,"POP2020":0,"POP2025":0,"POP2050":0,"MIN_ZOOM":6.7,"WIKIDATAID":"Q33334","WOF_ID":102028643,"CAPALT":0,"NAME_EN":"Sikar","NAME_DE":"Sikar","NAME_ES":"Sikar","NAME_FR":"Sikar","NAME_PT":"Sikar","NAME_RU":"Сикар","NAME_ZH":"锡卡尔","LABEL":null,"NAME_AR":"سيكار","NAME_BN":"সীকর","NAME_EL":"Σικάρ","NAME_HI":"सीकर","NAME_HU":"Sikar","NAME_ID":"Sikar","NAME_IT":"Sikar","NAME_JA":"シーカル","NAME_KO":"시카","NAME_NL":"Sikar","NAME_PL":"Sikar","NAME_SV":"Sikar","NAME_TR":"Sikar","NAME_VI":"Sikar","NE_ID":1159142747,"NAME_FA":"سیکر","NAME_HE":"סיקאר","NAME_UK":"Сікар","NAME_UR":"سکار","NAME_ZHT":"錫卡爾","GEONAMESID":1256320,"FCLASS_ISO":null,"FCLASS_US":null,"FCLASS_FR":null,"FCLASS_RU":null,"FCLASS_ES":null,"FCLASS_CN":null,"FCLASS_TW":null,"FCLASS_IN":null,"FCLASS_NP":null,"FCLASS_PK":null,"FCLASS_DE":null,"FCLASS_GB":null,"FCLASS_BR":null,"FCLASS_IL":null,"FCLASS_PS":null,"FCLASS_SA":null,"FCLASS_EG":null,"FCLASS_MA":null,"FCLASS_PT":null,"FCLASS_AR":null,"FCLASS_JP":null,"FCLASS_KO":null,"FCLASS_VN":null,"FCLASS_TR":null,"FCLASS_ID":null,"FCLASS_PL":null,"FCLASS_GR":null,"FCLASS_IT":null,"FCLASS_NL":null,"FCLASS_SE":null,"FCLASS_BD":null,"FCLASS_UA":null,"FCLASS_TLC":null},"bbox":[75.140002,27.610394,75.140002,27.610394],"geometry":{"type":"Point","coordinates":[75.140002,27.610394]}},{"type":"Feature","properties":{"SCALERANK":7,"NATSCALE":20,"LABELRANK":1,"FEATURECLA":"Populated place","NAME":"Bikaner","NAMEPAR":null,"NAMEALT":null,"NAMEASCII":"Bikaner","ADM0CAP":0,"CAPIN":null,"WORLDCITY":0,"MEGACITY":0,"SOV0NAME":"India","SOV_A3":"IND","ADM0NAME":"India","ADM0_A3":"IND","ADM1NAME":"Rajasthan","ISO_A2":"IN","NOTE":null,"LATITUDE":28.030394,"LONGITUDE":73.329932,"POP_MAX":576015,"POP_MIN":395908,"POP_OTHER":382542,"RANK_MAX":11,"RANK_MIN":10,"MEGANAME":null,"LS_NAME":"Bikaner","MAX_POP10":395908,"MAX_POP20":395908,"MAX_POP50":0,"MAX_POP300":0,"MAX_POP310":0,"MAX_NATSCA":20,"MIN_AREAKM":86,"MAX_AREAKM":86,"MIN_AREAMI":33,"MAX_AREAMI":33,"MIN_PERKM":56,"MAX_PERKM":56,"MIN_PERMI":35,"MAX_PERMI":35,"MIN_BBXMIN":73.258333,"MAX_BBXMIN":73.258333,"MIN_BBXMAX":73.375,"MAX_BBXMAX":73.375,"MIN_BBYMIN":27.966667,"MAX_BBYMIN":27.966667,"MIN_BBYMAX":28.075,"MAX_BBYMAX":28.075,"MEAN_BBXC":73.31545,"MEAN_BBYC":28.017146,"TIMEZONE":"Asia/Kolkata","UN_FID":0,"POP1950":0,"POP1955":0,"POP1960":0,"POP1965":0,"POP1970":0,"POP1975":0,"POP1980":0,"POP1985":0,"POP1990":0,"POP1995":0,"POP2000":0,"POP2005":0,"POP2010":0,"POP2015":0,"POP2020":0,"POP2025":0,"POP2050":0,"MIN_ZOOM":6.1,"WIKIDATAID":"Q200718","WOF_ID":102030643,"CAPALT":0,"NAME_EN":"Bikaner","NAME_DE":"Bikaner","NAME_ES":"Bikaner","NAME_FR":"Bîkâner","NAME_PT":"Bikaner","NAME_RU":"Биканер","NAME_ZH":"比卡内尔","LABEL":null,"NAME_AR":"بيكانر","NAME_BN":"বিকানের","NAME_EL":"Μπικάνερ","NAME_HI":"बीकानेर","NAME_HU":"Bíkánér","NAME_ID":"Bikaner","NAME_IT":"Bikaner","NAME_JA":"ビーカーネール","NAME_KO":"비카네르","NAME_NL":"Bikaner","NAME_PL":"Bikaner","NAME_SV":"Bikaner","NAME_TR":"Bikaner","NAME_VI":"Bikaner","NE_ID":1159142753,"NAME_FA":"بیکانر","NAME_HE":"ביקנר","NAME_UK":"Біканер","NAME_UR":"بیکانیر","NAME_ZHT":"比卡內爾","GEONAMESID":1275665,"FCLASS_ISO":null,"FCLASS_US":null,"FCLASS_FR":null,"FCLASS_RU":null,"FCLASS_ES":null,"FCLASS_CN":null,"FCLASS_TW":null,"FCLASS_IN":null,"FCLASS_NP":null,"FCLASS_PK":null,"FCLASS_DE":null,"FCLASS_GB":null,"FCLASS_BR":null,"FCLASS_IL":null,"FCLASS_PS":null,"FCLASS_SA":null,"FCLASS_EG":null,"FCLASS_MA":null,"FCLASS_PT":null,"FCLASS_AR":null,"FCLASS_JP":null,"FCLASS_KO":null,"FCLASS_VN":null,"FCLASS_TR":null,"FCLASS_ID":null,"FCLASS_PL":null,"FCLASS_GR":null,"FCLASS_IT":null,"FCLASS_NL":null,"FCLASS_SE":null,"FCLASS_BD":null,"FCLASS_UA":null,"FCLASS_TLC":null},"bbox":[73.332243,28.015083,73.332243,28.015083],"geometry":{"type":"Point","coordinates":[73.332243,28.015083]}},{"type":"Feature","properties":{"SCALERANK":7,"NATSCALE":20,"LABELRANK":1,"FEATURECLA":"Populated place","NAME":"Jhansi","NAMEPAR":null,"NAMEALT":null,"NAMEASCII":"Jhansi","ADM0CAP":0,"CAPIN":null,"WORLDCITY":0,"MEGACITY":0,"SOV0NAME":"India","SOV_A3":"IND","ADM0NAME":"India","ADM0_A3":"IND","ADM1NAME":"Uttar Pradesh","ISO_A2":"IN","NOTE":null,"LATITUDE":25.452954,"LONGITUDE":78.557468,"POP_MAX":826494,"POP_MIN":412927,"POP_OTHER":816315,"RANK_MAX":11,"RANK_MIN":10,"MEGANAME":null,"LS_NAME":"Jhansi","MAX_POP10":826494,"MAX_POP20":826494,"MAX_POP50":0,"MAX_POP300":0,"MAX_POP310":0,"MAX_NATSCA":20,"MIN_AREAKM":490,"MAX_AREAKM":490,"MIN_AREAMI":189,"MAX_AREAMI":189,"MIN_PERKM":587,"MAX_PERKM":587,"MIN_PERMI":365,"MAX_PERMI":365,"MIN_BBXMIN":78.366667,"MAX_BBXMIN":78.366667,"MIN_BBXMAX":78.741667,"MAX_BBXMAX":78.741667,"MIN_BBYMIN":25.141667,"MAX_BBYMIN":25.141667,"MIN_BBYMAX":25.957604,"MAX_BBYMAX":25.957604,"MEAN_BBXC":78.532947,"MEAN_BBYC":25.550746,"TIMEZONE":"Asia/Kolkata","UN_FID":0,"POP1950":0,"POP1955":0,"POP1960":0,"POP1965":0,"POP1970":0,"POP1975":0,"POP1980":0,"POP1985":0,"POP1990":0,"POP1995":0,"POP2000":0,"POP2005":0,"POP2010":0,"POP2015":0,"POP2020":0,"POP2025":0,"POP2050":0,"MIN_ZOOM":6.1,"WIKIDATAID":"Q242995","WOF_ID":102029959,"CAPALT":0,"NAME_EN":"Jhansi","NAME_DE":"Jhansi","NAME_ES":"Jhansi","NAME_FR":"Jhansi","NAME_PT":"Jhansi","NAME_RU":"Джханси","NAME_ZH":"占西","LABEL":null,"NAME_AR":"جانسى","NAME_BN":"ঝাঁসি","NAME_EL":"Τζάνσι","NAME_HI":"झाँसी","NAME_HU":"Dzshánszí","NAME_ID":"Jhansi","NAME_IT":"Jhansi","NAME_JA":"ジャーンシー","NAME_KO":"쟌지","NAME_NL":"Jhansi","NAME_PL":"Jhansi","NAME_SV":"Jhansi","NAME_TR":"Jhansi","NAME_VI":"Jhansi","NE_ID":1159142813,"NAME_FA":"جانسی","NAME_HE":"ג'האנסי","NAME_UK":"Джхансі","NAME_UR":"جھانسی","NAME_ZHT":"占西","GEONAMESID":1269006,"FCLASS_ISO":null,"FCLASS_US":null,"FCLASS_FR":null,"FCLASS_RU":null,"FCLASS_ES":null,"FCLASS_CN":null,"FCLASS_TW":null,"FCLASS_IN":null,"FCLASS_NP":null,"FCLASS_PK":null,"FCLASS_DE":null,"FCLASS_GB":null,"FCLASS_BR":null,"FCLASS_IL":null,"FCLASS_PS":null,"FCLASS_SA":null,"FCLASS_EG":null,"FCLASS_MA":null,"FCLASS_PT":null,"FCLASS_AR":null,"FCLASS_JP":null,"FCLASS_KO":null,"FCLASS_VN":null,"FCLASS_TR":null,"FCLASS_ID":null,"FCLASS_PL":null,"FCLASS_GR":null,"FCLASS_IT":null,"FCLASS_NL":null,"FCLASS_SE":null,"FCLASS_BD":null,"FCLASS_UA":null,"FCLASS_TLC":null},"bbox":[78.557468,25.452954,78.557468,25.452954],"geometry":{"type":"Point","coordinates":[78.557468,25.452954]}},{"type":"Feature","properties":{"SCALERANK":7,"NATSCALE":20,"LABELRANK":1,"FEATURECLA":"Populated place","NAME":"Bareilly","NAMEPAR":null,"NAMEALT":null,"NAMEASCII":"Bareilly","ADM0CAP":0,"CAPIN":null,"WORLDCITY":0,"MEGACITY":1,"SOV0NAME":"India","SOV_A3":"IND","ADM0NAME":"India","ADM0_A3":"IND","ADM1NAME":"Uttar Pradesh","ISO_A2":"IN","NOTE":null,"LATITUDE":28.347333,"LONGITUDE":79.418054,"POP_MAX":817000,"POP_MIN":745435,"POP_OTHER":2990234,"RANK_MAX":11,"RANK_MIN":11,"MEGANAME":"Bareilly","LS_NAME":"Bareilly","MAX_POP10":2885520,"MAX_POP20":6971507,"MAX_POP50":0,"MAX_POP300":0,"MAX_POP310":0,"MAX_NATSCA":20,"MIN_AREAKM":1827,"MAX_AREAKM":5928,"MIN_AREAMI":705,"MAX_AREAMI":2289,"MIN_PERKM":1076,"MAX_PERKM":4161,"MIN_PERMI":668,"MAX_PERMI":2585,"MIN_BBXMIN":78.747023,"MAX_BBXMIN":79.05,"MIN_BBXMAX":79.794304,"MAX_BBXMAX":80.169759,"MIN_BBYMIN":27.593349,"MAX_BBYMIN":27.951682,"MIN_BBYMAX":28.691667,"MAX_BBYMAX":29.041667,"MEAN_BBXC":79.443727,"MEAN_BBYC":28.346059,"TIMEZONE":"Asia/Kolkata","UN_FID":220,"POP1950":207,"POP1955":234,"POP1960":268,"POP1965":295,"POP1970":322,"POP1975":374,"POP1980":440,"POP1985":516,"POP1990":604,"POP1995":664,"POP2000":722,"POP2005":787,"POP2010":817,"POP2015":869,"POP2020":970,"POP2025":1087,"POP2050":1219,"MIN_ZOOM":6.7,"WIKIDATAID":"Q213026","WOF_ID":102030781,"CAPALT":0,"NAME_EN":"Bareilly","NAME_DE":"Bareilly","NAME_ES":"Bareilly","NAME_FR":"Bareli","NAME_PT":"Bareli","NAME_RU":"Барели","NAME_ZH":"巴雷利","LABEL":null,"NAME_AR":"بريلي","NAME_BN":"বরেলি","NAME_EL":"Μπαρέιλι","NAME_HI":"बरेली","NAME_HU":"Bareli","NAME_ID":"Bareilly","NAME_IT":"Bareilly","NAME_JA":"バレーリー","NAME_KO":"바레일리","NAME_NL":"Bareilly","NAME_PL":"Bareli","NAME_SV":"Bareilly","NAME_TR":"Bareilly","NAME_VI":"Bareilly","NE_ID":1159142827,"NAME_FA":"بریلی","NAME_HE":"בראילי","NAME_UK":"Барелі","NAME_UR":"بریلی","NAME_ZHT":"巴雷利","GEONAMESID":1277013,"FCLASS_ISO":null,"FCLASS_US":null,"FCLASS_FR":null,"FCLASS_RU":null,"FCLASS_ES":null,"FCLASS_CN":null,"FCLASS_TW":null,"FCLASS_IN":null,"FCLASS_NP":null,"FCLASS_PK":null,"FCLASS_DE":null,"FCLASS_GB":null,"FCLASS_BR":null,"FCLASS_IL":null,"FCLASS_PS":null,"FCLASS_SA":null,"FCLASS_EG":null,"FCLASS_MA":null,"FCLASS_PT":null,"FCLASS_AR":null,"FCLASS_JP":null,"FCLASS_KO":null,"FCLASS_VN":null,"FCLASS_TR":null,"FCLASS_ID":null,"FCLASS_PL":null,"FCLASS_GR":null,"FCLASS_IT":null,"FCLASS_NL":null,"FCLASS_SE":null,"FCLASS_BD":null,"FCLASS_UA":null,"FCLASS_TLC":null},"bbox":[79.418054,28.347333,79.418054,28.347333],"geometry":{"type":"Point","coordinates":[79.418054,28.347333]}},{"type":"Feature","properties":{"SCALERANK":7,"NATSCALE":20,"LABELRANK":1,"FEATURECLA":"Admin-1 capital","NAME":"Dehra Dun","NAMEPAR":null,"NAMEALT":null,"NAMEASCII":"Dehra Dun","ADM0CAP":0,"CAPIN":null,"WORLDCITY":0,"MEGACITY":0,"SOV0NAME":"India","SOV_A3":"IND","ADM0NAME":"India","ADM0_A3":"IND","ADM1NAME":"Uttaranchal","ISO_A2":"IN","NOTE":null,"LATITUDE":30.320409,"LONGITUDE":78.050006,"POP_MAX":714223,"POP_MIN":578420,"POP_OTHER":1634888,"RANK_MAX":11,"RANK_MIN":11,"MEGANAME":null,"LS_NAME":"Dehra Dun","MAX_POP10":1027282,"MAX_POP20":1027062,"MAX_POP50":0,"MAX_POP300":0,"MAX_POP310":0,"MAX_NATSCA":20,"MIN_AREAKM":497,"MAX_AREAKM":501,"MIN_AREAMI":192,"MAX_AREAMI":194,"MIN_PERKM":448,"MAX_PERKM":456,"MIN_PERMI":279,"MAX_PERMI":283,"MIN_BBXMIN":77.558333,"MAX_BBXMIN":77.558333,"MIN_BBXMAX":78.158333,"MAX_BBXMAX":78.158333,"MIN_BBYMIN":30.225,"MAX_BBYMIN":30.225,"MIN_BBYMAX":30.525,"MAX_BBYMAX":30.525,"MEAN_BBXC":77.894018,"MEAN_BBYC":30.378011,"TIMEZONE":"Asia/Kolkata","UN_FID":0,"POP1950":0,"POP1955":0,"POP1960":0,"POP1965":0,"POP1970":0,"POP1975":0,"POP1980":0,"POP1985":0,"POP1990":0,"POP1995":0,"POP2000":0,"POP2005":0,"POP2010":0,"POP2015":0,"POP2020":0,"POP2025":0,"POP2050":0,"MIN_ZOOM":6.7,"WIKIDATAID":"Q199528","WOF_ID":890511337,"CAPALT":0,"NAME_EN":"Dehradun","NAME_DE":"Dehradun","NAME_ES":"Dehradun","NAME_FR":"Dehradun","NAME_PT":"Dehradun","NAME_RU":"Дехрадун","NAME_ZH":"德拉敦","LABEL":null,"NAME_AR":"دهرادون","NAME_BN":"দেরাদুন","NAME_EL":"Ντέχραντουν","NAME_HI":"देहरादून","NAME_HU":"Dehradún","NAME_ID":"Dehradun","NAME_IT":"Dehradun","NAME_JA":"デヘラードゥーン","NAME_KO":"데라둔","NAME_NL":"Dehradun","NAME_PL":"Dehradun","NAME_SV":"Dehradun","NAME_TR":"Dehra Dun","NAME_VI":"Dehradun","NE_ID":1159142837,"NAME_FA":"دهرادون","NAME_HE":"דהראדון","NAME_UK":"Деградун","NAME_UR":"ڈیرہ دون","NAME_ZHT":"德拉敦","GEONAMESID":1273313,"FCLASS_ISO":null,"FCLASS_US":null,"FCLASS_FR":null,"FCLASS_RU":null,"FCLASS_ES":null,"FCLASS_CN":null,"FCLASS_TW":null,"FCLASS_IN":null,"FCLASS_NP":null,"FCLASS_PK":null,"FCLASS_DE":null,"FCLASS_GB":null,"FCLASS_BR":null,"FCLASS_IL":null,"FCLASS_PS":null,"FCLASS_SA":null,"FCLASS_EG":null,"FCLASS_MA":null,"FCLASS_PT":null,"FCLASS_AR":null,"FCLASS_JP":null,"FCLASS_KO":null,"FCLASS_VN":null,"FCLASS_TR":null,"FCLASS_ID":null,"FCLASS_PL":null,"FCLASS_GR":null,"FCLASS_IT":null,"FCLASS_NL":null,"FCLASS_SE":null,"FCLASS_BD":null,"FCLASS_UA":null,"FCLASS_TLC":null},"bbox":[78.050006,30.320409,78.050006,30.320409],"geometry":{"type":"Point","coordinates":[78.050006,30.320409]}},{"type":"Feature","properties":{"SCALERANK":7,"NATSCALE":20,"LABELRANK":1,"FEATURECLA":"Populated place","NAME":"Haora","NAMEPAR":null,"NAMEALT":null,"NAMEASCII":"Haora","ADM0CAP":0,"CAPIN":null,"WORLDCITY":0,"MEGACITY":0,"SOV0NAME":"India","SOV_A3":"IND","ADM0NAME":"India","ADM0_A3":"IND","ADM1NAME":"West Bengal","ISO_A2":"IN","NOTE":null,"LATITUDE":22.58039,"LONGITUDE":88.329947,"POP_MAX":4841638,"POP_MIN":1027672,"POP_OTHER":11176064,"RANK_MAX":12,"RANK_MIN":12,"MEGANAME":null,"LS_NAME":"Haora","MAX_POP10":11794370,"MAX_POP20":0,"MAX_POP50":0,"MAX_POP300":0,"MAX_POP310":0,"MAX_NATSCA":10,"MIN_AREAKM":2100,"MAX_AREAKM":2100,"MIN_AREAMI":811,"MAX_AREAMI":811,"MIN_PERKM":674,"MAX_PERKM":674,"MIN_PERMI":419,"MAX_PERMI":419,"MIN_BBXMIN":87.70083,"MAX_BBXMIN":87.70083,"MIN_BBXMAX":88.691667,"MAX_BBXMAX":88.691667,"MIN_BBYMIN":22.514897,"MAX_BBYMIN":22.514897,"MIN_BBYMAX":22.930163,"MAX_BBYMAX":22.930163,"MEAN_BBXC":88.159157,"MEAN_BBYC":22.677084,"TIMEZONE":"Asia/Kolkata","UN_FID":0,"POP1950":0,"POP1955":0,"POP1960":0,"POP1965":0,"POP1970":0,"POP1975":0,"POP1980":0,"POP1985":0,"POP1990":0,"POP1995":0,"POP2000":0,"POP2005":0,"POP2010":0,"POP2015":0,"POP2020":0,"POP2025":0,"POP2050":0,"MIN_ZOOM":6.7,"WIKIDATAID":"Q205697","WOF_ID":102030123,"CAPALT":0,"NAME_EN":"Howrah","NAME_DE":"Howrah","NAME_ES":"Howrah","NAME_FR":"Howrah","NAME_PT":"Haora","NAME_RU":"Хаора","NAME_ZH":"豪拉","LABEL":null,"NAME_AR":"هاورا","NAME_BN":"হাওড়া","NAME_EL":"Χαορά","NAME_HI":"हावड़ा","NAME_HU":"Haora","NAME_ID":"Howrah","NAME_IT":"Howrah","NAME_JA":"ハウラー","NAME_KO":"하우라","NAME_NL":"Haora","NAME_PL":"Howrah","NAME_SV":"Haora","NAME_TR":"Howrah","NAME_VI":"Haora","NE_ID":1159142843,"NAME_FA":"هاورا","NAME_HE":"האורה","NAME_UK":"Хаура","NAME_UR":"ہاوڑا","NAME_ZHT":"豪拉","GEONAMESID":1270396,"FCLASS_ISO":null,"FCLASS_US":null,"FCLASS_FR":null,"FCLASS_RU":null,"FCLASS_ES":null,"FCLASS_CN":null,"FCLASS_TW":null,"FCLASS_IN":null,"FCLASS_NP":null,"FCLASS_PK":null,"FCLASS_DE":null,"FCLASS_GB":null,"FCLASS_BR":null,"FCLASS_IL":null,"FCLASS_PS":null,"FCLASS_SA":null,"FCLASS_EG":null,"FCLASS_MA":null,"FCLASS_PT":null,"FCLASS_AR":null,"FCLASS_JP":null,"FCLASS_KO":null,"FCLASS_VN":null,"FCLASS_TR":null,"FCLASS_ID":null,"FCLASS_PL":null,"FCLASS_GR":null,"FCLASS_IT":null,"FCLASS_NL":null,"FCLASS_SE":null,"FCLASS_BD":null,"FCLASS_UA":null,"FCLASS_TLC":null},"bbox":[88.318516,22.584698,88.318516,22.584698],"geometry":{"type":"Point","coordinates":[88.318516,22.584698]}},{"type":"Feature","properties":{"SCALERANK":7,"NATSCALE":20,"LABELRANK":1,"FEATURECLA":"Populated place","NAME":"Bhatpara","NAMEPAR":null,"NAMEALT":null,"NAMEASCII":"Bhatpara","ADM0CAP":0,"CAPIN":null,"WORLDCITY":0,"MEGACITY":0,"SOV0NAME":"India","SOV_A3":"IND","ADM0NAME":"India","ADM0_A3":"IND","ADM1NAME":"West Bengal","ISO_A2":"IN","NOTE":null,"LATITUDE":22.850426,"LONGITUDE":88.520013,"POP_MAX":483129,"POP_MIN":483129,"POP_OTHER":9328421,"RANK_MAX":10,"RANK_MIN":10,"MEGANAME":null,"LS_NAME":"Bhatpara","MAX_POP10":9341462,"MAX_POP20":11828771,"MAX_POP50":0,"MAX_POP300":0,"MAX_POP310":0,"MAX_NATSCA":20,"MIN_AREAKM":3224,"MAX_AREAKM":4172,"MIN_AREAMI":1245,"MAX_AREAMI":1611,"MIN_PERKM":0,"MAX_PERKM":1542,"MIN_PERMI":0,"MAX_PERMI":958,"MIN_BBXMIN":87.725,"MAX_BBXMIN":88.119293,"MIN_BBXMAX":89.008333,"MAX_BBXMAX":89.008333,"MIN_BBYMIN":22.383333,"MAX_BBYMIN":22.483333,"MIN_BBYMAX":23.120489,"MAX_BBYMAX":23.128885,"MEAN_BBXC":88.541983,"MEAN_BBYC":22.859399,"TIMEZONE":"Asia/Kolkata","UN_FID":0,"POP1950":0,"POP1955":0,"POP1960":0,"POP1965":0,"POP1970":0,"POP1975":0,"POP1980":0,"POP1985":0,"POP1990":0,"POP1995":0,"POP2000":0,"POP2005":0,"POP2010":0,"POP2015":0,"POP2020":0,"POP2025":0,"POP2050":0,"MIN_ZOOM":6.7,"WIKIDATAID":"Q854914","WOF_ID":890502451,"CAPALT":0,"NAME_EN":"Bhatpara","NAME_DE":"Bhatpara","NAME_ES":"Bhatpara","NAME_FR":"Bhatpara","NAME_PT":"Bhatpara","NAME_RU":"Бхатпара","NAME_ZH":"帕德巴拉","LABEL":null,"NAME_AR":"بهاتبارا","NAME_BN":"ভাটপাড়া","NAME_EL":"Μπατπαρά","NAME_HI":"भाटपाड़ा","NAME_HU":"Bhatpara","NAME_ID":"Bhatpara","NAME_IT":"Bhatpara","NAME_JA":"バートパーラ","NAME_KO":"밧파라","NAME_NL":"Bhatpara","NAME_PL":"Bhatpara","NAME_SV":"Bhatpara","NAME_TR":"Bhatpara","NAME_VI":"Bhatpara","NE_ID":1159142855,"NAME_FA":"باتپرا","NAME_HE":"בחאטפרה","NAME_UK":"Бхатпара","NAME_UR":"بھتپارا","NAME_ZHT":"帕德巴拉","GEONAMESID":1276058,"FCLASS_ISO":null,"FCLASS_US":null,"FCLASS_FR":null,"FCLASS_RU":null,"FCLASS_ES":null,"FCLASS_CN":null,"FCLASS_TW":null,"FCLASS_IN":null,"FCLASS_NP":null,"FCLASS_PK":null,"FCLASS_DE":null,"FCLASS_GB":null,"FCLASS_BR":null,"FCLASS_IL":null,"FCLASS_PS":null,"FCLASS_SA":null,"FCLASS_EG":null,"FCLASS_MA":null,"FCLASS_PT":null,"FCLASS_AR":null,"FCLASS_JP":null,"FCLASS_KO":null,"FCLASS_VN":null,"FCLASS_TR":null,"FCLASS_ID":null,"FCLASS_PL":null,"FCLASS_GR":null,"FCLASS_IT":null,"FCLASS_NL":null,"FCLASS_SE":null,"FCLASS_BD":null,"FCLASS_UA":null,"FCLASS_TLC":null},"bbox":[88.413626,22.852821,88.413626,22.852821],"geometry":{"type":"Point","coordinates":[88.413626,22.852821]}},{"type":"Feature","properties":{"SCALERANK":7,"NATSCALE":20,"LABELRANK":1,"FEATURECLA":"Populated place","NAME":"Siliguri","NAMEPAR":null,"NAMEALT":null,"NAMEASCII":"Siliguri","ADM0CAP":0,"CAPIN":null,"WORLDCITY":0,"MEGACITY":0,"SOV0NAME":"India","SOV_A3":"IND","ADM0NAME":"India","ADM0_A3":"IND","ADM1NAME":"West Bengal","ISO_A2":"IN","NOTE":null,"LATITUDE":26.720422,"LONGITUDE":88.455004,"POP_MAX":515574,"POP_MIN":515574,"POP_OTHER":5863691,"RANK_MAX":11,"RANK_MIN":11,"MEGANAME":null,"LS_NAME":"Siliguri","MAX_POP10":5954317,"MAX_POP20":5954317,"MAX_POP50":0,"MAX_POP300":0,"MAX_POP310":0,"MAX_NATSCA":20,"MIN_AREAKM":5151,"MAX_AREAKM":5151,"MIN_AREAMI":1989,"MAX_AREAMI":1989,"MIN_PERKM":2907,"MAX_PERKM":2907,"MIN_PERMI":1806,"MAX_PERMI":1806,"MIN_BBXMIN":87.857724,"MAX_BBXMIN":87.857724,"MIN_BBXMAX":89.021107,"MAX_BBXMAX":89.021107,"MIN_BBYMIN":25.972244,"MAX_BBYMIN":25.972244,"MIN_BBYMAX":26.891667,"MAX_BBYMAX":26.891667,"MEAN_BBXC":88.403198,"MEAN_BBYC":26.473597,"TIMEZONE":"Asia/Kolkata","UN_FID":0,"POP1950":0,"POP1955":0,"POP1960":0,"POP1965":0,"POP1970":0,"POP1975":0,"POP1980":0,"POP1985":0,"POP1990":0,"POP1995":0,"POP2000":0,"POP2005":0,"POP2010":0,"POP2015":0,"POP2020":0,"POP2025":0,"POP2050":0,"MIN_ZOOM":6.7,"WIKIDATAID":"Q5087","WOF_ID":102028677,"CAPALT":0,"NAME_EN":"Siliguri","NAME_DE":"Shiliguri","NAME_ES":"Siliguri","NAME_FR":"Siliguri","NAME_PT":"Shiliguri","NAME_RU":"Силигури","NAME_ZH":"西里古里","LABEL":null,"NAME_AR":"سيليجري","NAME_BN":"শিলিগুড়ি","NAME_EL":"Σιλιγκούρι","NAME_HI":"सिलीगुड़ी","NAME_HU":"Siliguri","NAME_ID":"Siliguri","NAME_IT":"Siliguri","NAME_JA":"シリグリ","NAME_KO":"실리구리","NAME_NL":"Siliguri","NAME_PL":"Siliguri","NAME_SV":"Siliguri","NAME_TR":"Siliguri","NAME_VI":"Siliguri","NE_ID":1159142865,"NAME_FA":"شیلیگوری","NAME_HE":"סיליגורי","NAME_UK":"Сіліґурі","NAME_UR":"سلی گوڑی","NAME_ZHT":"西里古里","GEONAMESID":1256525,"FCLASS_ISO":null,"FCLASS_US":null,"FCLASS_FR":null,"FCLASS_RU":null,"FCLASS_ES":null,"FCLASS_CN":null,"FCLASS_TW":null,"FCLASS_IN":null,"FCLASS_NP":null,"FCLASS_PK":null,"FCLASS_DE":null,"FCLASS_GB":null,"FCLASS_BR":null,"FCLASS_IL":null,"FCLASS_PS":null,"FCLASS_SA":null,"FCLASS_EG":null,"FCLASS_MA":null,"FCLASS_PT":null,"FCLASS_AR":null,"FCLASS_JP":null,"FCLASS_KO":null,"FCLASS_VN":null,"FCLASS_TR":null,"FCLASS_ID":null,"FCLASS_PL":null,"FCLASS_GR":null,"FCLASS_IT":null,"FCLASS_NL":null,"FCLASS_SE":null,"FCLASS_BD":null,"FCLASS_UA":null,"FCLASS_TLC":null},"bbox":[88.455004,26.720422,88.455004,26.720422],"geometry":{"type":"Point","coordinates":[88.455004,26.720422]}},{"type":"Feature","properties":{"SCALERANK":7,"NATSCALE":20,"LABELRANK":1,"FEATURECLA":"Populated place","NAME":"Bilaspur","NAMEPAR":null,"NAMEALT":null,"NAMEASCII":"Bilaspur","ADM0CAP":0,"CAPIN":null,"WORLDCITY":0,"MEGACITY":0,"SOV0NAME":"India","SOV_A3":"IND","ADM0NAME":"India","ADM0_A3":"IND","ADM1NAME":"Chhattisgarh","ISO_A2":"IN","NOTE":null,"LATITUDE":22.09042,"LONGITUDE":82.159987,"POP_MAX":543454,"POP_MIN":330106,"POP_OTHER":648825,"RANK_MAX":11,"RANK_MIN":10,"MEGANAME":null,"LS_NAME":"Bilaspur","MAX_POP10":543454,"MAX_POP20":543454,"MAX_POP50":0,"MAX_POP300":0,"MAX_POP310":0,"MAX_NATSCA":20,"MIN_AREAKM":375,"MAX_AREAKM":375,"MIN_AREAMI":145,"MAX_AREAMI":145,"MIN_PERKM":529,"MAX_PERKM":529,"MIN_PERMI":329,"MAX_PERMI":329,"MIN_BBXMIN":81.691667,"MAX_BBXMIN":81.691667,"MIN_BBXMAX":82.241667,"MAX_BBXMAX":82.241667,"MIN_BBYMIN":21.766667,"MAX_BBYMIN":21.766667,"MIN_BBYMAX":22.325,"MAX_BBYMAX":22.325,"MEAN_BBXC":82.028339,"MEAN_BBYC":22.049833,"TIMEZONE":"Asia/Kolkata","UN_FID":0,"POP1950":0,"POP1955":0,"POP1960":0,"POP1965":0,"POP1970":0,"POP1975":0,"POP1980":0,"POP1985":0,"POP1990":0,"POP1995":0,"POP2000":0,"POP2005":0,"POP2010":0,"POP2015":0,"POP2020":0,"POP2025":0,"POP2050":0,"MIN_ZOOM":6.1,"WIKIDATAID":"Q860452","WOF_ID":102030639,"CAPALT":0,"NAME_EN":"Bilaspur","NAME_DE":"Bilaspur","NAME_ES":"Bilaspur","NAME_FR":"Bilaspur","NAME_PT":"Bilaspur","NAME_RU":"Биласпур","NAME_ZH":"比拉斯普尔","LABEL":null,"NAME_AR":"بيلاسبور","NAME_BN":"বিলাসপুর","NAME_EL":"Μπιλασπούρ","NAME_HI":"बिलासपुर","NAME_HU":"Bilaspur","NAME_ID":"Bilaspur","NAME_IT":"Bilaspur","NAME_JA":"ビラースプル","NAME_KO":"빌라스푸르","NAME_NL":"Bilaspur","NAME_PL":"Bilaspur","NAME_SV":"Bilaspur","NAME_TR":"Bilaspur","NAME_VI":"Bilaspur","NE_ID":1159142885,"NAME_FA":"بیلاسپور٬ پورچتیسگر","NAME_HE":"בילספור","NAME_UK":"Біласпур","NAME_UR":"بلاسپور","NAME_ZHT":"比拉斯普爾","GEONAMESID":1275637,"FCLASS_ISO":null,"FCLASS_US":null,"FCLASS_FR":null,"FCLASS_RU":null,"FCLASS_ES":null,"FCLASS_CN":null,"FCLASS_TW":null,"FCLASS_IN":null,"FCLASS_NP":null,"FCLASS_PK":null,"FCLASS_DE":null,"FCLASS_GB":null,"FCLASS_BR":null,"FCLASS_IL":null,"FCLASS_PS":null,"FCLASS_SA":null,"FCLASS_EG":null,"FCLASS_MA":null,"FCLASS_PT":null,"FCLASS_AR":null,"FCLASS_JP":null,"FCLASS_KO":null,"FCLASS_VN":null,"FCLASS_TR":null,"FCLASS_ID":null,"FCLASS_PL":null,"FCLASS_GR":null,"FCLASS_IT":null,"FCLASS_NL":null,"FCLASS_SE":null,"FCLASS_BD":null,"FCLASS_UA":null,"FCLASS_TLC":null},"bbox":[82.159987,22.09042,82.159987,22.09042],"geometry":{"type":"Point","coordinates":[82.159987,22.09042]}},{"type":"Feature","properties":{"SCALERANK":7,"NATSCALE":20,"LABELRANK":1,"FEATURECLA":"Populated place","NAME":"Ujjain","NAMEPAR":null,"NAMEALT":null,"NAMEASCII":"Ujjain","ADM0CAP":0,"CAPIN":null,"WORLDCITY":0,"MEGACITY":0,"SOV0NAME":"India","SOV_A3":"IND","ADM0NAME":"India","ADM0_A3":"IND","ADM1NAME":"Madhya Pradesh","ISO_A2":"IN","NOTE":null,"LATITUDE":23.190405,"LONGITUDE":75.79004,"POP_MAX":513350,"POP_MIN":457346,"POP_OTHER":591216,"RANK_MAX":11,"RANK_MIN":10,"MEGANAME":null,"LS_NAME":"Ujjain","MAX_POP10":513350,"MAX_POP20":513350,"MAX_POP50":0,"MAX_POP300":0,"MAX_POP310":0,"MAX_NATSCA":20,"MIN_AREAKM":191,"MAX_AREAKM":191,"MIN_AREAMI":74,"MAX_AREAMI":74,"MIN_PERKM":157,"MAX_PERKM":157,"MIN_PERMI":98,"MAX_PERMI":98,"MIN_BBXMIN":75.683333,"MAX_BBXMIN":75.683333,"MIN_BBXMAX":75.941667,"MAX_BBXMAX":75.941667,"MIN_BBYMIN":23.1,"MAX_BBYMIN":23.1,"MIN_BBYMAX":23.316667,"MAX_BBYMAX":23.316667,"MEAN_BBXC":75.803549,"MEAN_BBYC":23.196965,"TIMEZONE":"Asia/Kolkata","UN_FID":0,"POP1950":0,"POP1955":0,"POP1960":0,"POP1965":0,"POP1970":0,"POP1975":0,"POP1980":0,"POP1985":0,"POP1990":0,"POP1995":0,"POP2000":0,"POP2005":0,"POP2010":0,"POP2015":0,"POP2020":0,"POP2025":0,"POP2050":0,"MIN_ZOOM":6.7,"WIKIDATAID":"Q200119","WOF_ID":102028369,"CAPALT":0,"NAME_EN":"Ujjain","NAME_DE":"Ujjain","NAME_ES":"Ujjain","NAME_FR":"Ujjain","NAME_PT":"Ujjain","NAME_RU":"Удджайн","NAME_ZH":"邬阇衍那","LABEL":null,"NAME_AR":"أوجاين","NAME_BN":"উজ্জয়িনী","NAME_EL":"Ουτζέν","NAME_HI":"उज्जैन","NAME_HU":"Uddzsaín","NAME_ID":"Ujjain","NAME_IT":"Ujjain","NAME_JA":"ウッジャイン","NAME_KO":"우자인","NAME_NL":"Ujjain","NAME_PL":"Ujjain","NAME_SV":"Ujjain","NAME_TR":"Ujjain","NAME_VI":"Ujjain","NE_ID":1159142893,"NAME_FA":"اوجائین","NAME_HE":"אוג'יין","NAME_UK":"Удджайн","NAME_UR":"اوجین","NAME_ZHT":"鄔闍衍那","GEONAMESID":1253914,"FCLASS_ISO":null,"FCLASS_US":null,"FCLASS_FR":null,"FCLASS_RU":null,"FCLASS_ES":null,"FCLASS_CN":null,"FCLASS_TW":null,"FCLASS_IN":null,"FCLASS_NP":null,"FCLASS_PK":null,"FCLASS_DE":null,"FCLASS_GB":null,"FCLASS_BR":null,"FCLASS_IL":null,"FCLASS_PS":null,"FCLASS_SA":null,"FCLASS_EG":null,"FCLASS_MA":null,"FCLASS_PT":null,"FCLASS_AR":null,"FCLASS_JP":null,"FCLASS_KO":null,"FCLASS_VN":null,"FCLASS_TR":null,"FCLASS_ID":null,"FCLASS_PL":null,"FCLASS_GR":null,"FCLASS_IT":null,"FCLASS_NL":null,"FCLASS_SE":null,"FCLASS_BD":null,"FCLASS_UA":null,"FCLASS_TLC":null},"bbox":[75.79004,23.190405,75.79004,23.190405],"geometry":{"type":"Point","coordinates":[75.79004,23.190405]}},{"type":"Feature","properties":{"SCALERANK":7,"NATSCALE":20,"LABELRANK":1,"FEATURECLA":"Populated place","NAME":"Tirunelveli","NAMEPAR":null,"NAMEALT":null,"NAMEASCII":"Tirunelveli","ADM0CAP":0,"CAPIN":null,"WORLDCITY":0,"MEGACITY":0,"SOV0NAME":"India","SOV_A3":"IND","ADM0NAME":"India","ADM0_A3":"IND","ADM1NAME":"Tamil Nadu","ISO_A2":"IN","NOTE":null,"LATITUDE":8.730409,"LONGITUDE":77.689976,"POP_MAX":542200,"POP_MIN":435844,"POP_OTHER":563039,"RANK_MAX":11,"RANK_MIN":10,"MEGANAME":null,"LS_NAME":"Tirunelveli","MAX_POP10":542200,"MAX_POP20":0,"MAX_POP50":0,"MAX_POP300":0,"MAX_POP310":0,"MAX_NATSCA":10,"MIN_AREAKM":282,"MAX_AREAKM":282,"MIN_AREAMI":109,"MAX_AREAMI":109,"MIN_PERKM":255,"MAX_PERKM":255,"MIN_PERMI":159,"MAX_PERMI":159,"MIN_BBXMIN":77.616667,"MAX_BBXMIN":77.616667,"MIN_BBXMAX":77.833333,"MAX_BBXMAX":77.833333,"MIN_BBYMIN":8.633333,"MAX_BBYMIN":8.633333,"MIN_BBYMAX":8.9,"MAX_BBYMAX":8.9,"MEAN_BBXC":77.721756,"MEAN_BBYC":8.756337,"TIMEZONE":"Asia/Kolkata","UN_FID":0,"POP1950":0,"POP1955":0,"POP1960":0,"POP1965":0,"POP1970":0,"POP1975":0,"POP1980":0,"POP1985":0,"POP1990":0,"POP1995":0,"POP2000":0,"POP2005":0,"POP2010":0,"POP2015":0,"POP2020":0,"POP2025":0,"POP2050":0,"MIN_ZOOM":6.7,"WIKIDATAID":"Q213248","WOF_ID":102028433,"CAPALT":0,"NAME_EN":"Tirunelveli","NAME_DE":"Tirunelveli","NAME_ES":"Tirunelveli","NAME_FR":"Tirunelveli","NAME_PT":"Tirunelveli","NAME_RU":"Тирунелвели","NAME_ZH":"蒂鲁内尔维利","LABEL":null,"NAME_AR":"تيرونلفلي","NAME_BN":"তিরুনেলবেলি","NAME_EL":"Τρουνέλβελι","NAME_HI":"तिरूनेलवेली","NAME_HU":"Tirunelveli","NAME_ID":"Tirunelveli","NAME_IT":"Tirunelveli","NAME_JA":"ティルネルヴェーリ","NAME_KO":"티루넬벨리","NAME_NL":"Tirunelveli","NAME_PL":"Tirunelweli","NAME_SV":"Tirunelveli","NAME_TR":"Tirunelveli","NAME_VI":"Tirunelveli","NE_ID":1159142935,"NAME_FA":"تیرونلولی","NAME_HE":"טירונלווילי","NAME_UK":"Тірунелвелі","NAME_UR":"ترونلویلی","NAME_ZHT":"蒂魯內爾維利","GEONAMESID":1254361,"FCLASS_ISO":null,"FCLASS_US":null,"FCLASS_FR":null,"FCLASS_RU":null,"FCLASS_ES":null,"FCLASS_CN":null,"FCLASS_TW":null,"FCLASS_IN":null,"FCLASS_NP":null,"FCLASS_PK":null,"FCLASS_DE":null,"FCLASS_GB":null,"FCLASS_BR":null,"FCLASS_IL":null,"FCLASS_PS":null,"FCLASS_SA":null,"FCLASS_EG":null,"FCLASS_MA":null,"FCLASS_PT":null,"FCLASS_AR":null,"FCLASS_JP":null,"FCLASS_KO":null,"FCLASS_VN":null,"FCLASS_TR":null,"FCLASS_ID":null,"FCLASS_PL":null,"FCLASS_GR":null,"FCLASS_IT":null,"FCLASS_NL":null,"FCLASS_SE":null,"FCLASS_BD":null,"FCLASS_UA":null,"FCLASS_TLC":null},"bbox":[77.689976,8.730409,77.689976,8.730409],"geometry":{"type":"Point","coordinates":[77.689976,8.730409]}},{"type":"Feature","properties":{"SCALERANK":7,"NATSCALE":20,"LABELRANK":1,"FEATURECLA":"Populated place","NAME":"Tiruppur","NAMEPAR":null,"NAMEALT":null,"NAMEASCII":"Tiruppur","ADM0CAP":0,"CAPIN":null,"WORLDCITY":0,"MEGACITY":0,"SOV0NAME":"India","SOV_A3":"IND","ADM0NAME":"India","ADM0_A3":"IND","ADM1NAME":"Tamil Nadu","ISO_A2":"IN","NOTE":null,"LATITUDE":11.080421,"LONGITUDE":77.329998,"POP_MAX":650000,"POP_MIN":444543,"POP_OTHER":2090024,"RANK_MAX":11,"RANK_MIN":10,"MEGANAME":null,"LS_NAME":"Tiruppur","MAX_POP10":861361,"MAX_POP20":0,"MAX_POP50":0,"MAX_POP300":0,"MAX_POP310":0,"MAX_NATSCA":10,"MIN_AREAKM":410,"MAX_AREAKM":410,"MIN_AREAMI":158,"MAX_AREAMI":158,"MIN_PERKM":482,"MAX_PERKM":482,"MIN_PERMI":299,"MAX_PERMI":299,"MIN_BBXMIN":77.127367,"MAX_BBXMIN":77.127367,"MIN_BBXMAX":77.466667,"MAX_BBXMAX":77.466667,"MIN_BBYMIN":10.941667,"MAX_BBYMIN":10.941667,"MIN_BBYMAX":11.233333,"MAX_BBYMAX":11.233333,"MEAN_BBXC":77.299551,"MEAN_BBYC":11.105371,"TIMEZONE":"Asia/Kolkata","UN_FID":0,"POP1950":0,"POP1955":0,"POP1960":0,"POP1965":0,"POP1970":0,"POP1975":0,"POP1980":0,"POP1985":0,"POP1990":0,"POP1995":0,"POP2000":0,"POP2005":0,"POP2010":0,"POP2015":0,"POP2020":0,"POP2025":0,"POP2050":0,"MIN_ZOOM":6.7,"WIKIDATAID":"Q836527","WOF_ID":102028425,"CAPALT":0,"NAME_EN":"Tirupur","NAME_DE":"Tiruppur","NAME_ES":"Tirupur","NAME_FR":"Tiruppur","NAME_PT":"Tiruppur","NAME_RU":"Тируппур","NAME_ZH":"蒂鲁普","LABEL":null,"NAME_AR":"تيروبور","NAME_BN":"তিরুপুর","NAME_EL":"Τιρουπούρ","NAME_HI":"तिरूपुर","NAME_HU":"Tiruppur","NAME_ID":"Tirupur","NAME_IT":"Tirupur","NAME_JA":"ティルップール","NAME_KO":"티르푸르","NAME_NL":"Tirupur","NAME_PL":"Tiruppur","NAME_SV":"Tiruppur","NAME_TR":"Tirupur","NAME_VI":"Tiruppur","NE_ID":1159142957,"NAME_FA":"تیروپور","NAME_HE":"טירופור","NAME_UK":"Тірупур","NAME_UR":"تیروپور","NAME_ZHT":"蒂魯普","GEONAMESID":1254348,"FCLASS_ISO":null,"FCLASS_US":null,"FCLASS_FR":null,"FCLASS_RU":null,"FCLASS_ES":null,"FCLASS_CN":null,"FCLASS_TW":null,"FCLASS_IN":null,"FCLASS_NP":null,"FCLASS_PK":null,"FCLASS_DE":null,"FCLASS_GB":null,"FCLASS_BR":null,"FCLASS_IL":null,"FCLASS_PS":null,"FCLASS_SA":null,"FCLASS_EG":null,"FCLASS_MA":null,"FCLASS_PT":null,"FCLASS_AR":null,"FCLASS_JP":null,"FCLASS_KO":null,"FCLASS_VN":null,"FCLASS_TR":null,"FCLASS_ID":null,"FCLASS_PL":null,"FCLASS_GR":null,"FCLASS_IT":null,"FCLASS_NL":null,"FCLASS_SE":null,"FCLASS_BD":null,"FCLASS_UA":null,"FCLASS_TLC":null},"bbox":[77.329998,11.080421,77.329998,11.080421],"geometry":{"type":"Point","coordinates":[77.329998,11.080421]}},{"type":"Feature","properties":{"SCALERANK":7,"NATSCALE":20,"LABELRANK":1,"FEATURECLA":"Populated place","NAME":"Bhavnagar","NAMEPAR":null,"NAMEALT":null,"NAMEASCII":"Bhavnagar","ADM0CAP":0,"CAPIN":null,"WORLDCITY":0,"MEGACITY":0,"SOV0NAME":"India","SOV_A3":"IND","ADM0NAME":"India","ADM0_A3":"IND","ADM1NAME":"Dadra and Nagar Haveli","ISO_A2":"IN","NOTE":null,"LATITUDE":21.778424,"LONGITUDE":72.129954,"POP_MAX":554978,"POP_MIN":464602,"POP_OTHER":450714,"RANK_MAX":11,"RANK_MIN":10,"MEGANAME":null,"LS_NAME":"Bhavnagar","MAX_POP10":464602,"MAX_POP20":464602,"MAX_POP50":0,"MAX_POP300":0,"MAX_POP310":0,"MAX_NATSCA":20,"MIN_AREAKM":150,"MAX_AREAKM":150,"MIN_AREAMI":58,"MAX_AREAMI":58,"MIN_PERKM":105,"MAX_PERKM":105,"MIN_PERMI":65,"MAX_PERMI":65,"MIN_BBXMIN":72.041667,"MAX_BBXMIN":72.041667,"MIN_BBXMAX":72.2,"MAX_BBXMAX":72.2,"MIN_BBYMIN":21.633333,"MAX_BBYMIN":21.633333,"MIN_BBYMAX":21.808333,"MAX_BBYMAX":21.808333,"MEAN_BBXC":72.126729,"MEAN_BBYC":21.740337,"TIMEZONE":"Asia/Kolkata","UN_FID":0,"POP1950":0,"POP1955":0,"POP1960":0,"POP1965":0,"POP1970":0,"POP1975":0,"POP1980":0,"POP1985":0,"POP1990":0,"POP1995":0,"POP2000":0,"POP2005":0,"POP2010":0,"POP2015":0,"POP2020":0,"POP2025":0,"POP2050":0,"MIN_ZOOM":6.7,"WIKIDATAID":"Q242992","WOF_ID":102030703,"CAPALT":0,"NAME_EN":"Bhavnagar","NAME_DE":"Bhavnagar","NAME_ES":"Bhavnagar","NAME_FR":"Bhavnagar","NAME_PT":"Bhavnagar","NAME_RU":"Бхавнагар","NAME_ZH":"巴夫那加尔","LABEL":null,"NAME_AR":"بهافا نجر","NAME_BN":"ভাবনগর","NAME_EL":"Μπαβναγκάρ","NAME_HI":"भावनगर","NAME_HU":"Bhávnagar","NAME_ID":"Bhavnagar","NAME_IT":"Bhavnagar","NAME_JA":"バーヴナガル","NAME_KO":"바브나가르","NAME_NL":"Bhavnagar","NAME_PL":"Bhavnagar","NAME_SV":"Bhavnagar","NAME_TR":"Bhavnagar","NAME_VI":"Bhavnagar","NE_ID":1159142977,"NAME_FA":"باونگر","NAME_HE":"בהוונגאר","NAME_UK":"Бхавнагар","NAME_UR":"بھاونگر","NAME_ZHT":"巴夫那加爾","GEONAMESID":1276032,"FCLASS_ISO":null,"FCLASS_US":null,"FCLASS_FR":null,"FCLASS_RU":null,"FCLASS_ES":null,"FCLASS_CN":null,"FCLASS_TW":null,"FCLASS_IN":null,"FCLASS_NP":null,"FCLASS_PK":null,"FCLASS_DE":null,"FCLASS_GB":null,"FCLASS_BR":null,"FCLASS_IL":null,"FCLASS_PS":null,"FCLASS_SA":null,"FCLASS_EG":null,"FCLASS_MA":null,"FCLASS_PT":null,"FCLASS_AR":null,"FCLASS_JP":null,"FCLASS_KO":null,"FCLASS_VN":null,"FCLASS_TR":null,"FCLASS_ID":null,"FCLASS_PL":null,"FCLASS_GR":null,"FCLASS_IT":null,"FCLASS_NL":null,"FCLASS_SE":null,"FCLASS_BD":null,"FCLASS_UA":null,"FCLASS_TLC":null},"bbox":[72.129954,21.778424,72.129954,21.778424],"geometry":{"type":"Point","coordinates":[72.129954,21.778424]}},{"type":"Feature","properties":{"SCALERANK":6,"NATSCALE":30,"LABELRANK":1,"FEATURECLA":"Populated place","NAME":"Liuzhou","NAMEPAR":null,"NAMEALT":null,"NAMEASCII":"Liuzhou","ADM0CAP":0,"CAPIN":null,"WORLDCITY":0,"MEGACITY":1,"SOV0NAME":"China","SOV_A3":"CHN","ADM0NAME":"China","ADM0_A3":"CHN","ADM1NAME":"Guangxi","ISO_A2":"CN","NOTE":null,"LATITUDE":24.281948,"LONGITUDE":109.248068,"POP_MAX":1497000,"POP_MIN":1375061,"POP_OTHER":0,"RANK_MAX":12,"RANK_MIN":12,"MEGANAME":"Liuzhou","LS_NAME":"Liuzhou","MAX_POP10":1375061,"MAX_POP20":1375061,"MAX_POP50":0,"MAX_POP300":0,"MAX_POP310":0,"MAX_NATSCA":20,"MIN_AREAKM":212,"MAX_AREAKM":212,"MIN_AREAMI":82,"MAX_AREAMI":82,"MIN_PERKM":165,"MAX_PERKM":165,"MIN_PERMI":103,"MAX_PERMI":103,"MIN_BBXMIN":109.233333,"MAX_BBXMIN":109.233333,"MIN_BBXMAX":109.483333,"MAX_BBXMAX":109.483333,"MIN_BBYMIN":24.225,"MAX_BBYMIN":24.225,"MIN_BBYMAX":24.416667,"MAX_BBYMAX":24.416667,"MEAN_BBXC":109.378183,"MEAN_BBYC":24.317543,"TIMEZONE":null,"UN_FID":79,"POP1950":139,"POP1955":174,"POP1960":218,"POP1965":272,"POP1970":341,"POP1975":427,"POP1980":535,"POP1985":643,"POP1990":751,"POP1995":950,"POP2000":1201,"POP2005":1409,"POP2010":1497,"POP2015":1629,"POP2020":1828,"POP2025":1995,"POP2050":2131,"MIN_ZOOM":6,"WIKIDATAID":"Q38968","WOF_ID":102027369,"CAPALT":0,"NAME_EN":"Liuzhou","NAME_DE":"Liuzhou","NAME_ES":"Liuzhou","NAME_FR":"Liuzhou","NAME_PT":"Liuzhou","NAME_RU":"Лючжоу","NAME_ZH":"柳州","LABEL":null,"NAME_AR":"ليوشو","NAME_BN":"লিউচৌ","NAME_EL":"Λιουτσόου","NAME_HI":"लिउज़्हौ","NAME_HU":"Liuzhou","NAME_ID":"Liuzhou","NAME_IT":"Liuzhou","NAME_JA":"柳州市","NAME_KO":"류저우시","NAME_NL":"Liuzhou","NAME_PL":"Liuzhou","NAME_SV":"Liuzhou","NAME_TR":"Liuzhou","NAME_VI":"Liễu Châu","NE_ID":1159146879,"NAME_FA":"لیوژو","NAME_HE":"ליוז'ו","NAME_UK":"Лючжоу","NAME_UR":"لیوژو","NAME_ZHT":"柳州市","GEONAMESID":1803300,"FCLASS_ISO":null,"FCLASS_US":null,"FCLASS_FR":null,"FCLASS_RU":null,"FCLASS_ES":null,"FCLASS_CN":null,"FCLASS_TW":null,"FCLASS_IN":null,"FCLASS_NP":null,"FCLASS_PK":null,"FCLASS_DE":null,"FCLASS_GB":null,"FCLASS_BR":null,"FCLASS_IL":null,"FCLASS_PS":null,"FCLASS_SA":null,"FCLASS_EG":null,"FCLASS_MA":null,"FCLASS_PT":null,"FCLASS_AR":null,"FCLASS_JP":null,"FCLASS_KO":null,"FCLASS_VN":null,"FCLASS_TR":null,"FCLASS_ID":null,"FCLASS_PL":null,"FCLASS_GR":null,"FCLASS_IT":null,"FCLASS_NL":null,"FCLASS_SE":null,"FCLASS_BD":null,"FCLASS_UA":null,"FCLASS_TLC":null},"bbox":[109.413529,24.320777,109.413529,24.320777],"geometry":{"type":"Point","coordinates":[109.413529,24.320777]}},{"type":"Feature","properties":{"SCALERANK":6,"NATSCALE":30,"LABELRANK":1,"FEATURECLA":"Populated place","NAME":"Xingyi","NAMEPAR":null,"NAMEALT":"Xingyi, Guizhou","NAMEASCII":"Xingyi","ADM0CAP":0,"CAPIN":null,"WORLDCITY":0,"MEGACITY":1,"SOV0NAME":"China","SOV_A3":"CHN","ADM0NAME":"China","ADM0_A3":"CHN","ADM1NAME":"Guizhou","ISO_A2":"CN","NOTE":null,"LATITUDE":25.092364,"LONGITUDE":104.888075,"POP_MAX":816000,"POP_MIN":263072,"POP_OTHER":263072,"RANK_MAX":11,"RANK_MIN":10,"MEGANAME":"Xingyi, Guizhou","LS_NAME":"Xingyi","MAX_POP10":263072,"MAX_POP20":263072,"MAX_POP50":0,"MAX_POP300":0,"MAX_POP310":0,"MAX_NATSCA":20,"MIN_AREAKM":102,"MAX_AREAKM":102,"MIN_AREAMI":39,"MAX_AREAMI":39,"MIN_PERKM":112,"MAX_PERKM":112,"MIN_PERMI":70,"MAX_PERMI":70,"MIN_BBXMIN":104.858333,"MAX_BBXMIN":104.858333,"MIN_BBXMAX":104.966667,"MAX_BBXMAX":104.966667,"MIN_BBYMIN":24.983333,"MAX_BBYMIN":24.983333,"MIN_BBYMAX":25.2,"MAX_BBYMAX":25.2,"MEAN_BBXC":104.912882,"MEAN_BBYC":25.094434,"TIMEZONE":null,"UN_FID":129,"POP1950":282,"POP1955":309,"POP1960":339,"POP1965":372,"POP1970":409,"POP1975":449,"POP1980":493,"POP1985":541,"POP1990":593,"POP1995":651,"POP2000":715,"POP2005":785,"POP2010":816,"POP2015":868,"POP2020":964,"POP2025":1056,"POP2050":1133,"MIN_ZOOM":6,"WIKIDATAID":"Q1359367","WOF_ID":102027991,"CAPALT":0,"NAME_EN":"Xingyi","NAME_DE":"Xingyi","NAME_ES":"Xingyi","NAME_FR":"Xingyi","NAME_PT":"Xingyi","NAME_RU":"Синъи","NAME_ZH":"兴义","LABEL":null,"NAME_AR":"شينغيي","NAME_BN":"শিং-ই","NAME_EL":"Ξίνγι","NAME_HI":"जिंगयी","NAME_HU":"Xingyi","NAME_ID":"Xingyi","NAME_IT":"Xingyi","NAME_JA":"興義市","NAME_KO":"싱이시","NAME_NL":"Xingyi","NAME_PL":"Xingyi","NAME_SV":"Xingyi","NAME_TR":"Xingyi","NAME_VI":"Hưng Nghĩa","NE_ID":1159146881,"NAME_FA":"زینگی","NAME_HE":"שינגי","NAME_UK":"Сін'ї","NAME_UR":"شنگیی","NAME_ZHT":"興義市","GEONAMESID":1807566,"FCLASS_ISO":null,"FCLASS_US":null,"FCLASS_FR":null,"FCLASS_RU":null,"FCLASS_ES":null,"FCLASS_CN":null,"FCLASS_TW":null,"FCLASS_IN":null,"FCLASS_NP":null,"FCLASS_PK":null,"FCLASS_DE":null,"FCLASS_GB":null,"FCLASS_BR":null,"FCLASS_IL":null,"FCLASS_PS":null,"FCLASS_SA":null,"FCLASS_EG":null,"FCLASS_MA":null,"FCLASS_PT":null,"FCLASS_AR":null,"FCLASS_JP":null,"FCLASS_KO":null,"FCLASS_VN":null,"FCLASS_TR":null,"FCLASS_ID":null,"FCLASS_PL":null,"FCLASS_GR":null,"FCLASS_IT":null,"FCLASS_NL":null,"FCLASS_SE":null,"FCLASS_BD":null,"FCLASS_UA":null,"FCLASS_TLC":null},"bbox":[104.888075,25.092364,104.888075,25.092364],"geometry":{"type":"Point","coordinates":[104.888075,25.092364]}},{"type":"Feature","properties":{"SCALERANK":6,"NATSCALE":30,"LABELRANK":1,"FEATURECLA":"Populated place","NAME":"Anshun","NAMEPAR":null,"NAMEALT":null,"NAMEASCII":"Anshun","ADM0CAP":0,"CAPIN":null,"WORLDCITY":0,"MEGACITY":1,"SOV0NAME":"China","SOV_A3":"CHN","ADM0NAME":"China","ADM0_A3":"CHN","ADM1NAME":"Guizhou","ISO_A2":"CN","NOTE":null,"LATITUDE":26.252345,"LONGITUDE":105.928064,"POP_MAX":849000,"POP_MIN":351936,"POP_OTHER":773037,"RANK_MAX":11,"RANK_MIN":10,"MEGANAME":"Anshun","LS_NAME":"Anshun","MAX_POP10":805814,"MAX_POP20":805814,"MAX_POP50":0,"MAX_POP300":0,"MAX_POP310":0,"MAX_NATSCA":20,"MIN_AREAKM":680,"MAX_AREAKM":680,"MIN_AREAMI":262,"MAX_AREAMI":262,"MIN_PERKM":595,"MAX_PERKM":595,"MIN_PERMI":370,"MAX_PERMI":370,"MIN_BBXMIN":105.591667,"MAX_BBXMIN":105.591667,"MIN_BBXMAX":106.041667,"MAX_BBXMAX":106.041667,"MIN_BBYMIN":26.008333,"MAX_BBYMIN":26.008333,"MIN_BBYMAX":26.391667,"MAX_BBYMAX":26.391667,"MEAN_BBXC":105.801951,"MEAN_BBYC":26.230128,"TIMEZONE":"Asia/Chongqing","UN_FID":20,"POP1950":191,"POP1955":213,"POP1960":238,"POP1965":265,"POP1970":296,"POP1975":331,"POP1980":370,"POP1985":472,"POP1990":658,"POP1995":709,"POP2000":763,"POP2005":822,"POP2010":849,"POP2015":896,"POP2020":992,"POP2025":1085,"POP2050":1164,"MIN_ZOOM":6,"WIKIDATAID":"Q486149","WOF_ID":890515807,"CAPALT":0,"NAME_EN":"Anshun","NAME_DE":"Anshun","NAME_ES":"Anshun","NAME_FR":"Anshun","NAME_PT":"Anshun","NAME_RU":"Аньшунь","NAME_ZH":"安顺","LABEL":null,"NAME_AR":"أنشون","NAME_BN":"আনশুন","NAME_EL":"Ανσούν","NAME_HI":"अंशुन","NAME_HU":"Anshun","NAME_ID":"Anshun","NAME_IT":"Anshun","NAME_JA":"安順市","NAME_KO":"안순시","NAME_NL":"Anshun","NAME_PL":"Anshun","NAME_SV":"Anshun","NAME_TR":"Anshun","NAME_VI":"An Thuận","NE_ID":1159146883,"NAME_FA":"انشون","NAME_HE":"אנשון","NAME_UK":"Аньшунь","NAME_UR":"انشون","NAME_ZHT":"安順市","GEONAMESID":1817968,"FCLASS_ISO":null,"FCLASS_US":null,"FCLASS_FR":null,"FCLASS_RU":null,"FCLASS_ES":null,"FCLASS_CN":null,"FCLASS_TW":null,"FCLASS_IN":null,"FCLASS_NP":null,"FCLASS_PK":null,"FCLASS_DE":null,"FCLASS_GB":null,"FCLASS_BR":null,"FCLASS_IL":null,"FCLASS_PS":null,"FCLASS_SA":null,"FCLASS_EG":null,"FCLASS_MA":null,"FCLASS_PT":null,"FCLASS_AR":null,"FCLASS_JP":null,"FCLASS_KO":null,"FCLASS_VN":null,"FCLASS_TR":null,"FCLASS_ID":null,"FCLASS_PL":null,"FCLASS_GR":null,"FCLASS_IT":null,"FCLASS_NL":null,"FCLASS_SE":null,"FCLASS_BD":null,"FCLASS_UA":null,"FCLASS_TLC":null},"bbox":[105.928063,26.252345,105.928063,26.252345],"geometry":{"type":"Point","coordinates":[105.928063,26.252345]}},{"type":"Feature","properties":{"SCALERANK":6,"NATSCALE":30,"LABELRANK":1,"FEATURECLA":"Populated place","NAME":"Zunyi","NAMEPAR":null,"NAMEALT":null,"NAMEASCII":"Zunyi","ADM0CAP":0,"CAPIN":null,"WORLDCITY":0,"MEGACITY":1,"SOV0NAME":"China","SOV_A3":"CHN","ADM0NAME":"China","ADM0_A3":"CHN","ADM1NAME":"Guizhou","ISO_A2":"CN","NOTE":null,"LATITUDE":27.701972,"LONGITUDE":106.918081,"POP_MAX":849000,"POP_MIN":466292,"POP_OTHER":1265736,"RANK_MAX":11,"RANK_MIN":10,"MEGANAME":"Zunyi","LS_NAME":"Zunyi","MAX_POP10":1508007,"MAX_POP20":1508007,"MAX_POP50":0,"MAX_POP300":0,"MAX_POP310":0,"MAX_NATSCA":20,"MIN_AREAKM":1236,"MAX_AREAKM":1236,"MIN_AREAMI":477,"MAX_AREAMI":477,"MIN_PERKM":1464,"MAX_PERKM":1464,"MIN_PERMI":909,"MAX_PERMI":909,"MIN_BBXMIN":106.341667,"MAX_BBXMIN":106.341667,"MIN_BBXMAX":107.258333,"MAX_BBXMAX":107.258333,"MIN_BBYMIN":27.325,"MAX_BBYMIN":27.325,"MIN_BBYMAX":28.008333,"MAX_BBYMAX":28.008333,"MEAN_BBXC":106.886629,"MEAN_BBYC":27.620623,"TIMEZONE":"Asia/Chongqing","UN_FID":159,"POP1950":198,"POP1955":216,"POP1960":235,"POP1965":256,"POP1970":279,"POP1975":304,"POP1980":331,"POP1985":360,"POP1990":392,"POP1995":516,"POP2000":679,"POP2005":799,"POP2010":849,"POP2015":924,"POP2020":1041,"POP2025":1140,"POP2050":1223,"MIN_ZOOM":6,"WIKIDATAID":"Q28994","WOF_ID":102026873,"CAPALT":0,"NAME_EN":"Zunyi","NAME_DE":"Zunyi","NAME_ES":"Zunyi","NAME_FR":"Zunyi","NAME_PT":"Zunyi","NAME_RU":"Цзуньи","NAME_ZH":"遵义","LABEL":null,"NAME_AR":"زونيي","NAME_BN":"সুন-ই","NAME_EL":"Τζούνγι","NAME_HI":"ज़ुनयि","NAME_HU":"Zunyi","NAME_ID":"Zunyi","NAME_IT":"Zunyi","NAME_JA":"遵義市","NAME_KO":"쭌이시","NAME_NL":"Zunyi","NAME_PL":"Zunyi","NAME_SV":"Zunyi","NAME_TR":"Zunyi","NAME_VI":"Tuân Nghĩa","NE_ID":1159146885,"NAME_FA":"زونیای","NAME_HE":"זוני","NAME_UK":"Цзуньї","NAME_UR":"زونئی","NAME_ZHT":"遵義市","GEONAMESID":1783621,"FCLASS_ISO":null,"FCLASS_US":null,"FCLASS_FR":null,"FCLASS_RU":null,"FCLASS_ES":null,"FCLASS_CN":null,"FCLASS_TW":null,"FCLASS_IN":null,"FCLASS_NP":null,"FCLASS_PK":null,"FCLASS_DE":null,"FCLASS_GB":null,"FCLASS_BR":null,"FCLASS_IL":null,"FCLASS_PS":null,"FCLASS_SA":null,"FCLASS_EG":null,"FCLASS_MA":null,"FCLASS_PT":null,"FCLASS_AR":null,"FCLASS_JP":null,"FCLASS_KO":null,"FCLASS_VN":null,"FCLASS_TR":null,"FCLASS_ID":null,"FCLASS_PL":null,"FCLASS_GR":null,"FCLASS_IT":null,"FCLASS_NL":null,"FCLASS_SE":null,"FCLASS_BD":null,"FCLASS_UA":null,"FCLASS_TLC":null},"bbox":[106.918081,27.701972,106.918081,27.701972],"geometry":{"type":"Point","coordinates":[106.918081,27.701972]}},{"type":"Feature","properties":{"SCALERANK":6,"NATSCALE":30,"LABELRANK":1,"FEATURECLA":"Populated place","NAME":"Wanzhou","NAMEPAR":null,"NAMEALT":"Wanxian","NAMEASCII":"Wanzhou","ADM0CAP":0,"CAPIN":null,"WORLDCITY":0,"MEGACITY":0,"SOV0NAME":"China","SOV_A3":"CHN","ADM0NAME":"China","ADM0_A3":"CHN","ADM1NAME":"Chongqing","ISO_A2":"CN","NOTE":null,"LATITUDE":30.819991,"LONGITUDE":108.400039,"POP_MAX":1680000,"POP_MIN":1680000,"POP_OTHER":0,"RANK_MAX":12,"RANK_MIN":12,"MEGANAME":null,"LS_NAME":"Wanxian","MAX_POP10":961536,"MAX_POP20":961536,"MAX_POP50":0,"MAX_POP300":0,"MAX_POP310":0,"MAX_NATSCA":20,"MIN_AREAKM":787,"MAX_AREAKM":787,"MIN_AREAMI":304,"MAX_AREAMI":304,"MIN_PERKM":797,"MAX_PERKM":797,"MIN_PERMI":495,"MAX_PERMI":495,"MIN_BBXMIN":108.05,"MAX_BBXMIN":108.05,"MIN_BBXMAX":108.533333,"MAX_BBXMAX":108.533333,"MIN_BBYMIN":30.416667,"MAX_BBYMIN":30.416667,"MIN_BBYMAX":30.916667,"MAX_BBYMAX":30.916667,"MEAN_BBXC":108.26004,"MEAN_BBYC":30.70148,"TIMEZONE":"Asia/Chongqing","UN_FID":0,"POP1950":0,"POP1955":0,"POP1960":0,"POP1965":0,"POP1970":0,"POP1975":0,"POP1980":0,"POP1985":0,"POP1990":0,"POP1995":0,"POP2000":0,"POP2005":0,"POP2010":0,"POP2015":0,"POP2020":0,"POP2025":0,"POP2050":0,"MIN_ZOOM":6,"WIKIDATAID":null,"WOF_ID":890512933,"CAPALT":0,"NAME_EN":"Wanzhou","NAME_DE":"Wanzhou","NAME_ES":"Wanzhou","NAME_FR":"Wanzhou","NAME_PT":"Wanzhou","NAME_RU":"Вэньчжоу","NAME_ZH":"万州","LABEL":null,"NAME_AR":"وانتشو","NAME_BN":"ওয়ানঝাউ","NAME_EL":"Γουανζού","NAME_HI":"वांजाऊ","NAME_HU":"Wanzhou","NAME_ID":"Wanzhou","NAME_IT":"Wanzhou","NAME_JA":"万州","NAME_KO":"완저우","NAME_NL":"Wanzhou","NAME_PL":"Wanzhou","NAME_SV":"Wanzhou","NAME_TR":"Wanzhou","NAME_VI":"Vạn Châu","NE_ID":1159146887,"NAME_FA":"وانژو","NAME_HE":"וואינג'ואו","NAME_UK":"Ваньчжоу","NAME_UR":"وانزہو","NAME_ZHT":"萬州","GEONAMESID":1791748,"FCLASS_ISO":null,"FCLASS_US":null,"FCLASS_FR":null,"FCLASS_RU":null,"FCLASS_ES":null,"FCLASS_CN":null,"FCLASS_TW":null,"FCLASS_IN":null,"FCLASS_NP":null,"FCLASS_PK":null,"FCLASS_DE":null,"FCLASS_GB":null,"FCLASS_BR":null,"FCLASS_IL":null,"FCLASS_PS":null,"FCLASS_SA":null,"FCLASS_EG":null,"FCLASS_MA":null,"FCLASS_PT":null,"FCLASS_AR":null,"FCLASS_JP":null,"FCLASS_KO":null,"FCLASS_VN":null,"FCLASS_TR":null,"FCLASS_ID":null,"FCLASS_PL":null,"FCLASS_GR":null,"FCLASS_IT":null,"FCLASS_NL":null,"FCLASS_SE":null,"FCLASS_BD":null,"FCLASS_UA":null,"FCLASS_TLC":null},"bbox":[108.400039,30.819991,108.400039,30.819991],"geometry":{"type":"Point","coordinates":[108.400039,30.819991]}},{"type":"Feature","properties":{"SCALERANK":6,"NATSCALE":30,"LABELRANK":1,"FEATURECLA":"Populated place","NAME":"Huaibei","NAMEPAR":null,"NAMEALT":null,"NAMEASCII":"Huaibei","ADM0CAP":0,"CAPIN":null,"WORLDCITY":0,"MEGACITY":1,"SOV0NAME":"China","SOV_A3":"CHN","ADM0NAME":"China","ADM0_A3":"CHN","ADM1NAME":"Anhui","ISO_A2":"CN","NOTE":null,"LATITUDE":33.952314,"LONGITUDE":116.748075,"POP_MAX":913000,"POP_MIN":903039,"POP_OTHER":5944323,"RANK_MAX":11,"RANK_MIN":11,"MEGANAME":"Huaibei","LS_NAME":"Huaibei","MAX_POP10":6353106,"MAX_POP20":6351590,"MAX_POP50":0,"MAX_POP300":0,"MAX_POP310":0,"MAX_NATSCA":20,"MIN_AREAKM":6641,"MAX_AREAKM":6648,"MIN_AREAMI":2564,"MAX_AREAMI":2567,"MIN_PERKM":5111,"MAX_PERKM":5114,"MIN_PERMI":3176,"MAX_PERMI":3178,"MIN_BBXMIN":116,"MAX_BBXMIN":116,"MIN_BBXMAX":117.283333,"MAX_BBXMAX":117.283333,"MIN_BBYMIN":33.227754,"MAX_BBYMIN":33.227754,"MIN_BBYMAX":34.544168,"MAX_BBYMAX":34.544168,"MEAN_BBXC":116.578894,"MEAN_BBYC":33.874646,"TIMEZONE":"Asia/Shanghai","UN_FID":55,"POP1950":207,"POP1955":233,"POP1960":262,"POP1965":295,"POP1970":333,"POP1975":375,"POP1980":422,"POP1985":476,"POP1990":536,"POP1995":627,"POP2000":733,"POP2005":858,"POP2010":913,"POP2015":995,"POP2020":1120,"POP2025":1227,"POP2050":1315,"MIN_ZOOM":6,"WIKIDATAID":"Q360268","WOF_ID":102027535,"CAPALT":0,"NAME_EN":"Huaibei","NAME_DE":"Huaibei","NAME_ES":"Huaibei","NAME_FR":"Huaibei","NAME_PT":"Huaibei","NAME_RU":"Хуайбэй","NAME_ZH":"淮北","LABEL":null,"NAME_AR":"هوايبي","NAME_BN":"হুয়াইপেই","NAME_EL":"Χουαϊμπέι","NAME_HI":"हुआइबी","NAME_HU":"Huaibei","NAME_ID":"Huaibei","NAME_IT":"Huaibei","NAME_JA":"淮北市","NAME_KO":"화이베이시","NAME_NL":"Huaibei","NAME_PL":"Huaibei","NAME_SV":"Huaibei","NAME_TR":"Huaibei","NAME_VI":"Hoài Bắc","NE_ID":1159146889,"NAME_FA":"هوایبی","NAME_HE":"הואייביי","NAME_UK":"Хуайбей","NAME_UR":"ہوائیبوئی","NAME_ZHT":"淮北市","GEONAMESID":1807700,"FCLASS_ISO":null,"FCLASS_US":null,"FCLASS_FR":null,"FCLASS_RU":null,"FCLASS_ES":null,"FCLASS_CN":null,"FCLASS_TW":null,"FCLASS_IN":null,"FCLASS_NP":null,"FCLASS_PK":null,"FCLASS_DE":null,"FCLASS_GB":null,"FCLASS_BR":null,"FCLASS_IL":null,"FCLASS_PS":null,"FCLASS_SA":null,"FCLASS_EG":null,"FCLASS_MA":null,"FCLASS_PT":null,"FCLASS_AR":null,"FCLASS_JP":null,"FCLASS_KO":null,"FCLASS_VN":null,"FCLASS_TR":null,"FCLASS_ID":null,"FCLASS_PL":null,"FCLASS_GR":null,"FCLASS_IT":null,"FCLASS_NL":null,"FCLASS_SE":null,"FCLASS_BD":null,"FCLASS_UA":null,"FCLASS_TLC":null},"bbox":[116.748075,33.952314,116.748075,33.952314],"geometry":{"type":"Point","coordinates":[116.748075,33.952314]}},{"type":"Feature","properties":{"SCALERANK":6,"NATSCALE":30,"LABELRANK":1,"FEATURECLA":"Populated place","NAME":"Wuhu","NAMEPAR":null,"NAMEALT":"Wuhu, Anhui","NAMEASCII":"Wuhu","ADM0CAP":0,"CAPIN":null,"WORLDCITY":0,"MEGACITY":1,"SOV0NAME":"China","SOV_A3":"CHN","ADM0NAME":"China","ADM0_A3":"CHN","ADM1NAME":"Anhui","ISO_A2":"CN","NOTE":null,"LATITUDE":31.35237,"LONGITUDE":118.368028,"POP_MAX":810000,"POP_MIN":507524,"POP_OTHER":1433041,"RANK_MAX":11,"RANK_MIN":11,"MEGANAME":"Wuhu, Anhui","LS_NAME":"Wuhu","MAX_POP10":1528395,"MAX_POP20":1528395,"MAX_POP50":0,"MAX_POP300":0,"MAX_POP310":0,"MAX_NATSCA":20,"MIN_AREAKM":552,"MAX_AREAKM":552,"MIN_AREAMI":213,"MAX_AREAMI":213,"MIN_PERKM":754,"MAX_PERKM":754,"MIN_PERMI":469,"MAX_PERMI":469,"MIN_BBXMIN":118.333333,"MAX_BBXMIN":118.333333,"MIN_BBXMAX":119.108333,"MAX_BBXMAX":119.108333,"MIN_BBYMIN":30.833333,"MAX_BBYMIN":30.833333,"MIN_BBYMAX":31.532773,"MAX_BBYMAX":31.532773,"MEAN_BBXC":118.581564,"MEAN_BBYC":31.147763,"TIMEZONE":"Asia/Shanghai","UN_FID":122,"POP1950":211,"POP1955":238,"POP1960":269,"POP1965":303,"POP1970":342,"POP1975":386,"POP1980":435,"POP1985":490,"POP1990":553,"POP1995":619,"POP2000":692,"POP2005":774,"POP2010":810,"POP2015":868,"POP2020":968,"POP2025":1061,"POP2050":1138,"MIN_ZOOM":6,"WIKIDATAID":"Q359990","WOF_ID":102027059,"CAPALT":0,"NAME_EN":"Wuhu","NAME_DE":"Wuhu","NAME_ES":"Wuhu","NAME_FR":"Wuhu","NAME_PT":"Wuhu","NAME_RU":"Уху","NAME_ZH":"芜湖","LABEL":null,"NAME_AR":"ووهو","NAME_BN":"উহু","NAME_EL":"Γούχου","NAME_HI":"वुहु","NAME_HU":"Vuhu","NAME_ID":"Wuhu","NAME_IT":"Wuhu","NAME_JA":"蕪湖市","NAME_KO":"우후시","NAME_NL":"Wuhu","NAME_PL":"Wuhu","NAME_SV":"Wuhu","NAME_TR":"Wuhu","NAME_VI":"Vu Hồ","NE_ID":1159146893,"NAME_FA":"واها","NAME_HE":"ווהו","NAME_UK":"Вуху","NAME_UR":"ووہو","NAME_ZHT":"蕪湖市","GEONAMESID":1791236,"FCLASS_ISO":null,"FCLASS_US":null,"FCLASS_FR":null,"FCLASS_RU":null,"FCLASS_ES":null,"FCLASS_CN":null,"FCLASS_TW":null,"FCLASS_IN":null,"FCLASS_NP":null,"FCLASS_PK":null,"FCLASS_DE":null,"FCLASS_GB":null,"FCLASS_BR":null,"FCLASS_IL":null,"FCLASS_PS":null,"FCLASS_SA":null,"FCLASS_EG":null,"FCLASS_MA":null,"FCLASS_PT":null,"FCLASS_AR":null,"FCLASS_JP":null,"FCLASS_KO":null,"FCLASS_VN":null,"FCLASS_TR":null,"FCLASS_ID":null,"FCLASS_PL":null,"FCLASS_GR":null,"FCLASS_IT":null,"FCLASS_NL":null,"FCLASS_SE":null,"FCLASS_BD":null,"FCLASS_UA":null,"FCLASS_TLC":null},"bbox":[118.368028,31.352369,118.368028,31.352369],"geometry":{"type":"Point","coordinates":[118.368028,31.352369]}},{"type":"Feature","properties":{"SCALERANK":6,"NATSCALE":30,"LABELRANK":1,"FEATURECLA":"Populated place","NAME":"Luan","NAMEPAR":null,"NAMEALT":"Liuan","NAMEASCII":"Luan","ADM0CAP":0,"CAPIN":null,"WORLDCITY":0,"MEGACITY":1,"SOV0NAME":"China","SOV_A3":"CHN","ADM0NAME":"China","ADM0_A3":"CHN","ADM1NAME":"Anhui","ISO_A2":"CN","NOTE":null,"LATITUDE":31.752293,"LONGITUDE":116.478066,"POP_MAX":1690000,"POP_MIN":1126455,"POP_OTHER":1734491,"RANK_MAX":12,"RANK_MIN":12,"MEGANAME":"Liuan","LS_NAME":"Luan","MAX_POP10":1126455,"MAX_POP20":1126455,"MAX_POP50":0,"MAX_POP300":0,"MAX_POP310":0,"MAX_NATSCA":20,"MIN_AREAKM":874,"MAX_AREAKM":874,"MIN_AREAMI":338,"MAX_AREAMI":338,"MIN_PERKM":1237,"MAX_PERKM":1237,"MIN_PERMI":769,"MAX_PERMI":769,"MIN_BBXMIN":116.408333,"MAX_BBXMIN":116.408333,"MIN_BBXMAX":116.846646,"MAX_BBXMAX":116.846646,"MIN_BBYMIN":31.441667,"MAX_BBYMIN":31.441667,"MIN_BBYMAX":32.353791,"MAX_BBYMAX":32.353791,"MEAN_BBXC":116.606534,"MEAN_BBYC":31.846699,"TIMEZONE":null,"UN_FID":77,"POP1950":861,"POP1955":914,"POP1960":969,"POP1965":1028,"POP1970":1090,"POP1975":1157,"POP1980":1227,"POP1985":1301,"POP1990":1380,"POP1995":1464,"POP2000":1553,"POP2005":1647,"POP2010":1690,"POP2015":1771,"POP2020":1946,"POP2025":2120,"POP2050":2263,"MIN_ZOOM":6,"WIKIDATAID":"Q360702","WOF_ID":1141908617,"CAPALT":0,"NAME_EN":"Lu'an","NAME_DE":"Lu’an","NAME_ES":"Lu'an","NAME_FR":"Lu'an","NAME_PT":"Lu'an","NAME_RU":"Луань","NAME_ZH":"六安","LABEL":null,"NAME_AR":"لوان","NAME_BN":"লু-আন","NAME_EL":"Λουάν","NAME_HI":"लुआन","NAME_HU":"Luan","NAME_ID":"Lu'an","NAME_IT":"Lu'an","NAME_JA":"六安市","NAME_KO":"루안시","NAME_NL":"Lu'an","NAME_PL":"Lu'an","NAME_SV":"Lu'an","NAME_TR":"Lu'an","NAME_VI":"Lục An","NE_ID":1159146895,"NAME_FA":"لوآن","NAME_HE":"לואן","NAME_UK":"Луань","NAME_UR":"لوآن","NAME_ZHT":"六安市","GEONAMESID":1802206,"FCLASS_ISO":null,"FCLASS_US":null,"FCLASS_FR":null,"FCLASS_RU":null,"FCLASS_ES":null,"FCLASS_CN":null,"FCLASS_TW":null,"FCLASS_IN":null,"FCLASS_NP":null,"FCLASS_PK":null,"FCLASS_DE":null,"FCLASS_GB":null,"FCLASS_BR":null,"FCLASS_IL":null,"FCLASS_PS":null,"FCLASS_SA":null,"FCLASS_EG":null,"FCLASS_MA":null,"FCLASS_PT":null,"FCLASS_AR":null,"FCLASS_JP":null,"FCLASS_KO":null,"FCLASS_VN":null,"FCLASS_TR":null,"FCLASS_ID":null,"FCLASS_PL":null,"FCLASS_GR":null,"FCLASS_IT":null,"FCLASS_NL":null,"FCLASS_SE":null,"FCLASS_BD":null,"FCLASS_UA":null,"FCLASS_TLC":null},"bbox":[116.478065,31.752293,116.478065,31.752293],"geometry":{"type":"Point","coordinates":[116.478065,31.752293]}},{"type":"Feature","properties":{"SCALERANK":6,"NATSCALE":30,"LABELRANK":1,"FEATURECLA":"Populated place","NAME":"Bengbu","NAMEPAR":null,"NAMEALT":null,"NAMEASCII":"Bengbu","ADM0CAP":0,"CAPIN":null,"WORLDCITY":0,"MEGACITY":1,"SOV0NAME":"China","SOV_A3":"CHN","ADM0NAME":"China","ADM0_A3":"CHN","ADM1NAME":"Anhui","ISO_A2":"CN","NOTE":null,"LATITUDE":32.951936,"LONGITUDE":117.328091,"POP_MAX":894000,"POP_MIN":576648,"POP_OTHER":2745985,"RANK_MAX":11,"RANK_MIN":11,"MEGANAME":"Bengbu","LS_NAME":"Bengbu","MAX_POP10":2746380,"MAX_POP20":2772675,"MAX_POP50":0,"MAX_POP300":0,"MAX_POP310":0,"MAX_NATSCA":20,"MIN_AREAKM":1719,"MAX_AREAKM":1756,"MIN_AREAMI":664,"MAX_AREAMI":678,"MIN_PERKM":2402,"MAX_PERKM":2460,"MIN_PERMI":1493,"MAX_PERMI":1529,"MIN_BBXMIN":116.775,"MAX_BBXMIN":116.775,"MIN_BBXMAX":118.11144,"MAX_BBXMAX":118.11144,"MIN_BBYMIN":32.866667,"MAX_BBYMIN":32.866667,"MIN_BBYMAX":33.674608,"MAX_BBYMAX":33.685887,"MEAN_BBXC":117.39285,"MEAN_BBYC":33.285684,"TIMEZONE":"Asia/Shanghai","UN_FID":25,"POP1950":233,"POP1955":267,"POP1960":306,"POP1965":351,"POP1970":403,"POP1975":461,"POP1980":529,"POP1985":606,"POP1990":695,"POP1995":748,"POP2000":805,"POP2005":867,"POP2010":894,"POP2015":944,"POP2020":1044,"POP2025":1142,"POP2050":1225,"MIN_ZOOM":6,"WIKIDATAID":"Q360069","WOF_ID":102027743,"CAPALT":0,"NAME_EN":"Bengbu","NAME_DE":"Bengbu","NAME_ES":"Bengbu","NAME_FR":"Bengbu","NAME_PT":"Bengbu","NAME_RU":"Бэнбу","NAME_ZH":"蚌埠","LABEL":null,"NAME_AR":"بنغبو","NAME_BN":"পেংপু","NAME_EL":"Μπένγκμπου","NAME_HI":"बेंगबु","NAME_HU":"Bengbu","NAME_ID":"Bengbu","NAME_IT":"Bengbu","NAME_JA":"蚌埠市","NAME_KO":"벙부시","NAME_NL":"Bengbu","NAME_PL":"Bengbu","NAME_SV":"Bengbu","NAME_TR":"Bengbu","NAME_VI":"Bạng Phụ","NE_ID":1159146897,"NAME_FA":"بنگبو","NAME_HE":"בנגבו","NAME_UK":"Бенбу","NAME_UR":"بینگبو","NAME_ZHT":"蚌埠市","GEONAMESID":1816440,"FCLASS_ISO":null,"FCLASS_US":null,"FCLASS_FR":null,"FCLASS_RU":null,"FCLASS_ES":null,"FCLASS_CN":null,"FCLASS_TW":null,"FCLASS_IN":null,"FCLASS_NP":null,"FCLASS_PK":null,"FCLASS_DE":null,"FCLASS_GB":null,"FCLASS_BR":null,"FCLASS_IL":null,"FCLASS_PS":null,"FCLASS_SA":null,"FCLASS_EG":null,"FCLASS_MA":null,"FCLASS_PT":null,"FCLASS_AR":null,"FCLASS_JP":null,"FCLASS_KO":null,"FCLASS_VN":null,"FCLASS_TR":null,"FCLASS_ID":null,"FCLASS_PL":null,"FCLASS_GR":null,"FCLASS_IT":null,"FCLASS_NL":null,"FCLASS_SE":null,"FCLASS_BD":null,"FCLASS_UA":null,"FCLASS_TLC":null},"bbox":[117.328091,32.951936,117.328091,32.951936],"geometry":{"type":"Point","coordinates":[117.328091,32.951936]}},{"type":"Feature","properties":{"SCALERANK":6,"NATSCALE":30,"LABELRANK":1,"FEATURECLA":"Populated place","NAME":"Anqing","NAMEPAR":null,"NAMEALT":null,"NAMEASCII":"Anqing","ADM0CAP":0,"CAPIN":null,"WORLDCITY":0,"MEGACITY":0,"SOV0NAME":"China","SOV_A3":"CHN","ADM0NAME":"China","ADM0_A3":"CHN","ADM1NAME":"Anhui","ISO_A2":"CN","NOTE":null,"LATITUDE":30.499959,"LONGITUDE":117.050002,"POP_MAX":580497,"POP_MIN":358661,"POP_OTHER":579377,"RANK_MAX":11,"RANK_MIN":10,"MEGANAME":null,"LS_NAME":"Anqing","MAX_POP10":580497,"MAX_POP20":580497,"MAX_POP50":0,"MAX_POP300":0,"MAX_POP310":0,"MAX_NATSCA":20,"MIN_AREAKM":131,"MAX_AREAKM":131,"MIN_AREAMI":50,"MAX_AREAMI":50,"MIN_PERKM":103,"MAX_PERKM":103,"MIN_PERMI":64,"MAX_PERMI":64,"MIN_BBXMIN":116.933333,"MAX_BBXMIN":116.933333,"MIN_BBXMAX":117.133333,"MAX_BBXMAX":117.133333,"MIN_BBYMIN":30.5,"MAX_BBYMIN":30.5,"MIN_BBYMAX":30.625,"MAX_BBYMAX":30.625,"MEAN_BBXC":117.040184,"MEAN_BBYC":30.556474,"TIMEZONE":"Asia/Shanghai","UN_FID":0,"POP1950":0,"POP1955":0,"POP1960":0,"POP1965":0,"POP1970":0,"POP1975":0,"POP1980":0,"POP1985":0,"POP1990":0,"POP1995":0,"POP2000":0,"POP2005":0,"POP2010":0,"POP2015":0,"POP2020":0,"POP2025":0,"POP2050":0,"MIN_ZOOM":6,"WIKIDATAID":"Q360374","WOF_ID":102027769,"CAPALT":0,"NAME_EN":"Anqing","NAME_DE":"Anqing","NAME_ES":"Anqing","NAME_FR":"Anqing","NAME_PT":"Anqing","NAME_RU":"Аньцин","NAME_ZH":"安庆","LABEL":null,"NAME_AR":"أنكينغ","NAME_BN":"আনছিং","NAME_EL":"Αντσίνκ","NAME_HI":"अन्किन्ग","NAME_HU":"Ancsing","NAME_ID":"Anqing","NAME_IT":"Anqing","NAME_JA":"安慶市","NAME_KO":"안칭시","NAME_NL":"Anqing","NAME_PL":"Anqing","NAME_SV":"Anqing","NAME_TR":"Anqing","NAME_VI":"An Khánh","NE_ID":1159146899,"NAME_FA":"انگینگ","NAME_HE":"אנקינג","NAME_UK":"Аньцін","NAME_UR":"انچنگ","NAME_ZHT":"安慶市","GEONAMESID":1817993,"FCLASS_ISO":null,"FCLASS_US":null,"FCLASS_FR":null,"FCLASS_RU":null,"FCLASS_ES":null,"FCLASS_CN":null,"FCLASS_TW":null,"FCLASS_IN":null,"FCLASS_NP":null,"FCLASS_PK":null,"FCLASS_DE":null,"FCLASS_GB":null,"FCLASS_BR":null,"FCLASS_IL":null,"FCLASS_PS":null,"FCLASS_SA":null,"FCLASS_EG":null,"FCLASS_MA":null,"FCLASS_PT":null,"FCLASS_AR":null,"FCLASS_JP":null,"FCLASS_KO":null,"FCLASS_VN":null,"FCLASS_TR":null,"FCLASS_ID":null,"FCLASS_PL":null,"FCLASS_GR":null,"FCLASS_IT":null,"FCLASS_NL":null,"FCLASS_SE":null,"FCLASS_BD":null,"FCLASS_UA":null,"FCLASS_TLC":null},"bbox":[117.050002,30.499959,117.050002,30.499959],"geometry":{"type":"Point","coordinates":[117.050002,30.499959]}},{"type":"Feature","properties":{"SCALERANK":6,"NATSCALE":30,"LABELRANK":1,"FEATURECLA":"Populated place","NAME":"Foshan","NAMEPAR":null,"NAMEALT":null,"NAMEASCII":"Foshan","ADM0CAP":0,"CAPIN":null,"WORLDCITY":0,"MEGACITY":1,"SOV0NAME":"China","SOV_A3":"CHN","ADM0NAME":"China","ADM0_A3":"CHN","ADM1NAME":"Guangdong","ISO_A2":"CN","NOTE":null,"LATITUDE":23.031999,"LONGITUDE":113.118064,"POP_MAX":943000,"POP_MIN":627348,"POP_OTHER":4807179,"RANK_MAX":11,"RANK_MIN":11,"MEGANAME":"Foshan","LS_NAME":"Foshan","MAX_POP10":4948369,"MAX_POP20":0,"MAX_POP50":0,"MAX_POP300":0,"MAX_POP310":0,"MAX_NATSCA":10,"MIN_AREAKM":1591,"MAX_AREAKM":1591,"MIN_AREAMI":614,"MAX_AREAMI":614,"MIN_PERKM":1010,"MAX_PERKM":1010,"MIN_PERMI":627,"MAX_PERMI":627,"MIN_BBXMIN":112.779348,"MAX_BBXMIN":112.779348,"MIN_BBXMAX":113.35,"MAX_BBXMAX":113.35,"MIN_BBYMIN":22.787999,"MAX_BBYMIN":22.787999,"MIN_BBYMAX":23.35,"MAX_BBYMAX":23.35,"MEAN_BBXC":113.07267,"MEAN_BBYC":23.01799,"TIMEZONE":"Asia/Chongqing","UN_FID":39,"POP1950":94,"POP1955":112,"POP1960":133,"POP1965":158,"POP1970":188,"POP1975":224,"POP1980":266,"POP1985":333,"POP1990":429,"POP1995":569,"POP2000":754,"POP2005":888,"POP2010":943,"POP2015":1027,"POP2020":1155,"POP2025":1265,"POP2050":1356,"MIN_ZOOM":6,"WIKIDATAID":"Q34412","WOF_ID":102027615,"CAPALT":0,"NAME_EN":"Foshan","NAME_DE":"Foshan","NAME_ES":"Foshan","NAME_FR":"Foshan","NAME_PT":"Foshan","NAME_RU":"Фошань","NAME_ZH":"佛山","LABEL":null,"NAME_AR":"فوشان","NAME_BN":"ফোশান","NAME_EL":"Φοσάν","NAME_HI":"फोशान","NAME_HU":"Fosan","NAME_ID":"Foshan","NAME_IT":"Foshan","NAME_JA":"仏山市","NAME_KO":"포산시","NAME_NL":"Foshan","NAME_PL":"Foshan","NAME_SV":"Foshan","NAME_TR":"Foshan","NAME_VI":"Phật Sơn","NE_ID":1159146901,"NAME_FA":"فوشان","NAME_HE":"פושאן","NAME_UK":"Фошань","NAME_UR":"فوشان","NAME_ZHT":"佛山市","GEONAMESID":1811103,"FCLASS_ISO":null,"FCLASS_US":null,"FCLASS_FR":null,"FCLASS_RU":null,"FCLASS_ES":null,"FCLASS_CN":null,"FCLASS_TW":null,"FCLASS_IN":null,"FCLASS_NP":null,"FCLASS_PK":null,"FCLASS_DE":null,"FCLASS_GB":null,"FCLASS_BR":null,"FCLASS_IL":null,"FCLASS_PS":null,"FCLASS_SA":null,"FCLASS_EG":null,"FCLASS_MA":null,"FCLASS_PT":null,"FCLASS_AR":null,"FCLASS_JP":null,"FCLASS_KO":null,"FCLASS_VN":null,"FCLASS_TR":null,"FCLASS_ID":null,"FCLASS_PL":null,"FCLASS_GR":null,"FCLASS_IT":null,"FCLASS_NL":null,"FCLASS_SE":null,"FCLASS_BD":null,"FCLASS_UA":null,"FCLASS_TLC":null},"bbox":[113.113576,23.010477,113.113576,23.010477],"geometry":{"type":"Point","coordinates":[113.113576,23.010477]}},{"type":"Feature","properties":{"SCALERANK":6,"NATSCALE":30,"LABELRANK":1,"FEATURECLA":"Populated place","NAME":"Korla","NAMEPAR":null,"NAMEALT":null,"NAMEASCII":"Korla","ADM0CAP":0,"CAPIN":null,"WORLDCITY":0,"MEGACITY":0,"SOV0NAME":"China","SOV_A3":"CHN","ADM0NAME":"China","ADM0_A3":"CHN","ADM1NAME":"Xinjiang Uygur","ISO_A2":"CN","NOTE":null,"LATITUDE":41.729997,"LONGITUDE":86.150028,"POP_MAX":613000,"POP_MIN":179465,"POP_OTHER":0,"RANK_MAX":11,"RANK_MIN":9,"MEGANAME":null,"LS_NAME":"Korla","MAX_POP10":206373,"MAX_POP20":206373,"MAX_POP50":0,"MAX_POP300":0,"MAX_POP310":0,"MAX_NATSCA":20,"MIN_AREAKM":33,"MAX_AREAKM":33,"MIN_AREAMI":13,"MAX_AREAMI":13,"MIN_PERKM":40,"MAX_PERKM":40,"MIN_PERMI":25,"MAX_PERMI":25,"MIN_BBXMIN":86.091667,"MAX_BBXMIN":86.091667,"MIN_BBXMAX":86.175,"MAX_BBXMAX":86.175,"MIN_BBYMIN":41.725,"MAX_BBYMIN":41.725,"MIN_BBYMAX":41.8,"MAX_BBYMAX":41.8,"MEAN_BBXC":86.135866,"MEAN_BBYC":41.764951,"TIMEZONE":"Asia/Urumqi","UN_FID":0,"POP1950":0,"POP1955":0,"POP1960":0,"POP1965":0,"POP1970":0,"POP1975":0,"POP1980":0,"POP1985":0,"POP1990":0,"POP1995":0,"POP2000":0,"POP2005":0,"POP2010":0,"POP2015":0,"POP2020":0,"POP2025":0,"POP2050":0,"MIN_ZOOM":6,"WIKIDATAID":"Q837425","WOF_ID":102026827,"CAPALT":0,"NAME_EN":"Korla","NAME_DE":"Korla","NAME_ES":"Korla","NAME_FR":"Korla","NAME_PT":"Korla","NAME_RU":"Корла","NAME_ZH":"库尔勒","LABEL":null,"NAME_AR":"كورلا","NAME_BN":"করলা","NAME_EL":"Κόρλα","NAME_HI":"कोरला","NAME_HU":"Kuerlö","NAME_ID":"Korla","NAME_IT":"Korla","NAME_JA":"コルラ市","NAME_KO":"쿠얼러시","NAME_NL":"Korla","NAME_PL":"Korla","NAME_SV":"Korla","NAME_TR":"Korla","NAME_VI":"Korla","NE_ID":1159146961,"NAME_FA":"کورلا","NAME_HE":"קורלה","NAME_UK":"Корла","NAME_UR":"کورلا","NAME_ZHT":"庫爾勒市","GEONAMESID":1529376,"FCLASS_ISO":null,"FCLASS_US":null,"FCLASS_FR":null,"FCLASS_RU":null,"FCLASS_ES":null,"FCLASS_CN":null,"FCLASS_TW":null,"FCLASS_IN":null,"FCLASS_NP":null,"FCLASS_PK":null,"FCLASS_DE":null,"FCLASS_GB":null,"FCLASS_BR":null,"FCLASS_IL":null,"FCLASS_PS":null,"FCLASS_SA":null,"FCLASS_EG":null,"FCLASS_MA":null,"FCLASS_PT":null,"FCLASS_AR":null,"FCLASS_JP":null,"FCLASS_KO":null,"FCLASS_VN":null,"FCLASS_TR":null,"FCLASS_ID":null,"FCLASS_PL":null,"FCLASS_GR":null,"FCLASS_IT":null,"FCLASS_NL":null,"FCLASS_SE":null,"FCLASS_BD":null,"FCLASS_UA":null,"FCLASS_TLC":null},"bbox":[86.150028,41.729997,86.150028,41.729997],"geometry":{"type":"Point","coordinates":[86.150028,41.729997]}},{"type":"Feature","properties":{"SCALERANK":6,"NATSCALE":30,"LABELRANK":1,"FEATURECLA":"Populated place","NAME":"Kuqa","NAMEPAR":null,"NAMEALT":null,"NAMEASCII":"Kuqa","ADM0CAP":0,"CAPIN":null,"WORLDCITY":0,"MEGACITY":0,"SOV0NAME":"China","SOV_A3":"CHN","ADM0NAME":"China","ADM0_A3":"CHN","ADM1NAME":"Xinjiang Uygur","ISO_A2":"CN","NOTE":null,"LATITUDE":41.727749,"LONGITUDE":82.936374,"POP_MAX":470600,"POP_MIN":68105,"POP_OTHER":110513,"RANK_MAX":10,"RANK_MIN":8,"MEGANAME":null,"LS_NAME":"Kuga","MAX_POP10":111499,"MAX_POP20":0,"MAX_POP50":0,"MAX_POP300":0,"MAX_POP310":0,"MAX_NATSCA":10,"MIN_AREAKM":30,"MAX_AREAKM":30,"MIN_AREAMI":11,"MAX_AREAMI":11,"MIN_PERKM":44,"MAX_PERKM":44,"MIN_PERMI":27,"MAX_PERMI":27,"MIN_BBXMIN":82.908333,"MAX_BBXMIN":82.908333,"MIN_BBXMAX":83.025,"MAX_BBXMAX":83.025,"MIN_BBYMIN":41.683333,"MAX_BBYMIN":41.683333,"MIN_BBYMAX":41.741667,"MAX_BBYMAX":41.741667,"MEAN_BBXC":82.963587,"MEAN_BBYC":41.713225,"TIMEZONE":"Asia/Urumqi","UN_FID":0,"POP1950":0,"POP1955":0,"POP1960":0,"POP1965":0,"POP1970":0,"POP1975":0,"POP1980":0,"POP1985":0,"POP1990":0,"POP1995":0,"POP2000":0,"POP2005":0,"POP2010":0,"POP2015":0,"POP2020":0,"POP2025":0,"POP2050":0,"MIN_ZOOM":6,"WIKIDATAID":"Q1023116","WOF_ID":890511635,"CAPALT":0,"NAME_EN":"Kuqa County","NAME_DE":"Kuqa","NAME_ES":"Kuqa","NAME_FR":"Kucha","NAME_PT":"Kuqa","NAME_RU":"Куча","NAME_ZH":"库车县","LABEL":null,"NAME_AR":"كوكا","NAME_BN":"কুকা","NAME_EL":"Κούκα","NAME_HI":"कुका","NAME_HU":"Kucsa","NAME_ID":"Kuqa","NAME_IT":"Kuqa","NAME_JA":"クチャ県","NAME_KO":"쿠처현","NAME_NL":"Kuqa","NAME_PL":"Kuqa","NAME_SV":"Kuchar","NAME_TR":"Kuçar İlçesi","NAME_VI":"Kuchar","NE_ID":1159146965,"NAME_FA":"شهرستان کوچا","NAME_HE":"קוקה","NAME_UK":"Кука","NAME_UR":"کوچا کاؤنٹی","NAME_ZHT":"庫車縣","GEONAMESID":1529363,"FCLASS_ISO":null,"FCLASS_US":null,"FCLASS_FR":null,"FCLASS_RU":null,"FCLASS_ES":null,"FCLASS_CN":null,"FCLASS_TW":null,"FCLASS_IN":null,"FCLASS_NP":null,"FCLASS_PK":null,"FCLASS_DE":null,"FCLASS_GB":null,"FCLASS_BR":null,"FCLASS_IL":null,"FCLASS_PS":null,"FCLASS_SA":null,"FCLASS_EG":null,"FCLASS_MA":null,"FCLASS_PT":null,"FCLASS_AR":null,"FCLASS_JP":null,"FCLASS_KO":null,"FCLASS_VN":null,"FCLASS_TR":null,"FCLASS_ID":null,"FCLASS_PL":null,"FCLASS_GR":null,"FCLASS_IT":null,"FCLASS_NL":null,"FCLASS_SE":null,"FCLASS_BD":null,"FCLASS_UA":null,"FCLASS_TLC":null},"bbox":[82.936374,41.727749,82.936374,41.727749],"geometry":{"type":"Point","coordinates":[82.936374,41.727749]}},{"type":"Feature","properties":{"SCALERANK":6,"NATSCALE":30,"LABELRANK":1,"FEATURECLA":"Populated place","NAME":"Shihezi","NAMEPAR":null,"NAMEALT":null,"NAMEASCII":"Shihezi","ADM0CAP":0,"CAPIN":null,"WORLDCITY":0,"MEGACITY":0,"SOV0NAME":"China","SOV_A3":"CHN","ADM0NAME":"China","ADM0_A3":"CHN","ADM1NAME":"Xinjiang Uygur","ISO_A2":"CN","NOTE":null,"LATITUDE":44.299969,"LONGITUDE":86.029932,"POP_MAX":640000,"POP_MIN":572772,"POP_OTHER":523626,"RANK_MAX":11,"RANK_MIN":11,"MEGANAME":null,"LS_NAME":"Shihezi","MAX_POP10":573182,"MAX_POP20":0,"MAX_POP50":0,"MAX_POP300":0,"MAX_POP310":0,"MAX_NATSCA":10,"MIN_AREAKM":220,"MAX_AREAKM":220,"MIN_AREAMI":85,"MAX_AREAMI":85,"MIN_PERKM":172,"MAX_PERKM":172,"MIN_PERMI":107,"MAX_PERMI":107,"MIN_BBXMIN":85.9,"MAX_BBXMIN":85.9,"MIN_BBXMAX":86.133333,"MAX_BBXMAX":86.133333,"MIN_BBYMIN":44.208333,"MAX_BBYMIN":44.208333,"MIN_BBYMAX":44.425,"MAX_BBYMAX":44.425,"MEAN_BBXC":86.01997,"MEAN_BBYC":44.332551,"TIMEZONE":"Asia/Urumqi","UN_FID":0,"POP1950":0,"POP1955":0,"POP1960":0,"POP1965":0,"POP1970":0,"POP1975":0,"POP1980":0,"POP1985":0,"POP1990":0,"POP1995":0,"POP2000":0,"POP2005":0,"POP2010":0,"POP2015":0,"POP2020":0,"POP2025":0,"POP2050":0,"MIN_ZOOM":6,"WIKIDATAID":"Q848680","WOF_ID":890515727,"CAPALT":0,"NAME_EN":"Shihezi","NAME_DE":"Shihezi","NAME_ES":"Shihezi","NAME_FR":"Shihezi","NAME_PT":"Shihezi","NAME_RU":"Шихэцзы","NAME_ZH":"石河子","LABEL":null,"NAME_AR":"شيهيزي","NAME_BN":"সিহেচি","NAME_EL":"Σιχέζι","NAME_HI":"शीहेज़ी","NAME_HU":"Shihezi","NAME_ID":"Shihezi","NAME_IT":"Shihezi","NAME_JA":"石河子市","NAME_KO":"스허쯔시","NAME_NL":"Shihezi","NAME_PL":"Shihezi","NAME_SV":"Shihezi","NAME_TR":"Shihezi","NAME_VI":"Thạch Hà Tử","NE_ID":1159146969,"NAME_FA":"شیهزی","NAME_HE":"שיחזי","NAME_UK":"Шихецзи","NAME_UR":"شیہیزی","NAME_ZHT":"石河子市","GEONAMESID":1529195,"FCLASS_ISO":null,"FCLASS_US":null,"FCLASS_FR":null,"FCLASS_RU":null,"FCLASS_ES":null,"FCLASS_CN":null,"FCLASS_TW":null,"FCLASS_IN":null,"FCLASS_NP":null,"FCLASS_PK":null,"FCLASS_DE":null,"FCLASS_GB":null,"FCLASS_BR":null,"FCLASS_IL":null,"FCLASS_PS":null,"FCLASS_SA":null,"FCLASS_EG":null,"FCLASS_MA":null,"FCLASS_PT":null,"FCLASS_AR":null,"FCLASS_JP":null,"FCLASS_KO":null,"FCLASS_VN":null,"FCLASS_TR":null,"FCLASS_ID":null,"FCLASS_PL":null,"FCLASS_GR":null,"FCLASS_IT":null,"FCLASS_NL":null,"FCLASS_SE":null,"FCLASS_BD":null,"FCLASS_UA":null,"FCLASS_TLC":null},"bbox":[86.029932,44.299969,86.029932,44.299969],"geometry":{"type":"Point","coordinates":[86.029932,44.299969]}},{"type":"Feature","properties":{"SCALERANK":6,"NATSCALE":30,"LABELRANK":1,"FEATURECLA":"Populated place","NAME":"Aksu","NAMEPAR":null,"NAMEALT":null,"NAMEASCII":"Aksu","ADM0CAP":0,"CAPIN":null,"WORLDCITY":0,"MEGACITY":0,"SOV0NAME":"China","SOV_A3":"CHN","ADM0NAME":"China","ADM0_A3":"CHN","ADM1NAME":"Xinjiang Uygur","ISO_A2":"CN","NOTE":null,"LATITUDE":41.150006,"LONGITUDE":80.250026,"POP_MAX":695000,"POP_MIN":279389,"POP_OTHER":278233,"RANK_MAX":11,"RANK_MIN":10,"MEGANAME":null,"LS_NAME":"Aksu","MAX_POP10":279389,"MAX_POP20":279389,"MAX_POP50":0,"MAX_POP300":0,"MAX_POP310":0,"MAX_NATSCA":20,"MIN_AREAKM":52,"MAX_AREAKM":52,"MIN_AREAMI":20,"MAX_AREAMI":20,"MIN_PERKM":60,"MAX_PERKM":60,"MIN_PERMI":38,"MAX_PERMI":38,"MIN_BBXMIN":80.208333,"MAX_BBXMIN":80.208333,"MIN_BBXMAX":80.316667,"MAX_BBXMAX":80.316667,"MIN_BBYMIN":41.125,"MAX_BBYMIN":41.125,"MIN_BBYMAX":41.233333,"MAX_BBYMAX":41.233333,"MEAN_BBXC":80.269792,"MEAN_BBYC":41.170208,"TIMEZONE":"Asia/Kashgar","UN_FID":0,"POP1950":0,"POP1955":0,"POP1960":0,"POP1965":0,"POP1970":0,"POP1975":0,"POP1980":0,"POP1985":0,"POP1990":0,"POP1995":0,"POP2000":0,"POP2005":0,"POP2010":0,"POP2015":0,"POP2020":0,"POP2025":0,"POP2050":0,"MIN_ZOOM":6,"WIKIDATAID":"Q421648","WOF_ID":890513771,"CAPALT":0,"NAME_EN":"Aksu","NAME_DE":"Aksu","NAME_ES":"Aksu","NAME_FR":"Aksou","NAME_PT":"Aksu","NAME_RU":"Аксу","NAME_ZH":"阿克苏","LABEL":null,"NAME_AR":"أقسو","NAME_BN":"আকসু","NAME_EL":"Ακσού","NAME_HI":"अक्सु","NAME_HU":"Aksu","NAME_ID":"Aksu","NAME_IT":"Aksu","NAME_JA":"アクス市","NAME_KO":"아커쑤시","NAME_NL":"Aksu","NAME_PL":"Aksu","NAME_SV":"Aksu","NAME_TR":"Aksu","NAME_VI":"Aksu","NE_ID":1159146973,"NAME_FA":"اکسو","NAME_HE":"אקסו","NAME_UK":"Аксу","NAME_UR":"آکسو","NAME_ZHT":"阿克苏市","GEONAMESID":1529660,"FCLASS_ISO":null,"FCLASS_US":null,"FCLASS_FR":null,"FCLASS_RU":null,"FCLASS_ES":null,"FCLASS_CN":null,"FCLASS_TW":null,"FCLASS_IN":null,"FCLASS_NP":null,"FCLASS_PK":null,"FCLASS_DE":null,"FCLASS_GB":null,"FCLASS_BR":null,"FCLASS_IL":null,"FCLASS_PS":null,"FCLASS_SA":null,"FCLASS_EG":null,"FCLASS_MA":null,"FCLASS_PT":null,"FCLASS_AR":null,"FCLASS_JP":null,"FCLASS_KO":null,"FCLASS_VN":null,"FCLASS_TR":null,"FCLASS_ID":null,"FCLASS_PL":null,"FCLASS_GR":null,"FCLASS_IT":null,"FCLASS_NL":null,"FCLASS_SE":null,"FCLASS_BD":null,"FCLASS_UA":null,"FCLASS_TLC":null},"bbox":[80.250026,41.150006,80.250026,41.150006],"geometry":{"type":"Point","coordinates":[80.250026,41.150006]}},{"type":"Feature","properties":{"SCALERANK":6,"NATSCALE":30,"LABELRANK":1,"FEATURECLA":"Admin-1 capital","NAME":"Haikou","NAMEPAR":null,"NAMEALT":null,"NAMEASCII":"Haikou","ADM0CAP":0,"CAPIN":null,"WORLDCITY":0,"MEGACITY":0,"SOV0NAME":"China","SOV_A3":"CHN","ADM0NAME":"China","ADM0_A3":"CHN","ADM1NAME":"Hainan","ISO_A2":"CN","NOTE":null,"LATITUDE":20.050002,"LONGITUDE":110.320026,"POP_MAX":2046189,"POP_MIN":1167428,"POP_OTHER":1167428,"RANK_MAX":12,"RANK_MIN":12,"MEGANAME":null,"LS_NAME":"Haikou","MAX_POP10":1167268,"MAX_POP20":1167268,"MAX_POP50":0,"MAX_POP300":0,"MAX_POP310":0,"MAX_NATSCA":20,"MIN_AREAKM":230,"MAX_AREAKM":230,"MIN_AREAMI":89,"MAX_AREAMI":89,"MIN_PERKM":225,"MAX_PERKM":225,"MIN_PERMI":140,"MAX_PERMI":140,"MIN_BBXMIN":110.191667,"MAX_BBXMIN":110.191667,"MIN_BBXMAX":110.491667,"MAX_BBXMAX":110.491667,"MIN_BBYMIN":19.925,"MAX_BBYMIN":19.925,"MIN_BBYMAX":20.083333,"MAX_BBYMAX":20.083333,"MEAN_BBXC":110.357314,"MEAN_BBYC":20.005594,"TIMEZONE":"Asia/Chongqing","UN_FID":0,"POP1950":0,"POP1955":0,"POP1960":0,"POP1965":0,"POP1970":0,"POP1975":0,"POP1980":0,"POP1985":0,"POP1990":0,"POP1995":0,"POP2000":0,"POP2005":0,"POP2010":0,"POP2015":0,"POP2020":0,"POP2025":0,"POP2050":0,"MIN_ZOOM":6,"WIKIDATAID":"Q189823","WOF_ID":102027577,"CAPALT":0,"NAME_EN":"Haikou","NAME_DE":"Haikou","NAME_ES":"Haikou","NAME_FR":"Haikou","NAME_PT":"Haikou","NAME_RU":"Хайкоу","NAME_ZH":"海口","LABEL":null,"NAME_AR":"هايكو","NAME_BN":"হাইখৌ","NAME_EL":"Χαϊκού","NAME_HI":"हाइकोऊ","NAME_HU":"Hajkou","NAME_ID":"Haikou","NAME_IT":"Haikou","NAME_JA":"海口市","NAME_KO":"하이커우시","NAME_NL":"Haikou","NAME_PL":"Haikou","NAME_SV":"Haikou","NAME_TR":"Haikou","NAME_VI":"Hải Khẩu","NE_ID":1159146977,"NAME_FA":"هایکو","NAME_HE":"האיקואו","NAME_UK":"Хайкоу","NAME_UR":"ہائکو","NAME_ZHT":"海口市","GEONAMESID":1809078,"FCLASS_ISO":null,"FCLASS_US":null,"FCLASS_FR":null,"FCLASS_RU":null,"FCLASS_ES":null,"FCLASS_CN":null,"FCLASS_TW":null,"FCLASS_IN":null,"FCLASS_NP":null,"FCLASS_PK":null,"FCLASS_DE":null,"FCLASS_GB":null,"FCLASS_BR":null,"FCLASS_IL":null,"FCLASS_PS":null,"FCLASS_SA":null,"FCLASS_EG":null,"FCLASS_MA":null,"FCLASS_PT":null,"FCLASS_AR":null,"FCLASS_JP":null,"FCLASS_KO":null,"FCLASS_VN":null,"FCLASS_TR":null,"FCLASS_ID":null,"FCLASS_PL":null,"FCLASS_GR":null,"FCLASS_IT":null,"FCLASS_NL":null,"FCLASS_SE":null,"FCLASS_BD":null,"FCLASS_UA":null,"FCLASS_TLC":null},"bbox":[110.320026,20.050002,110.320026,20.050002],"geometry":{"type":"Point","coordinates":[110.320026,20.050002]}},{"type":"Feature","properties":{"SCALERANK":6,"NATSCALE":30,"LABELRANK":1,"FEATURECLA":"Populated place","NAME":"Baoji","NAMEPAR":null,"NAMEALT":null,"NAMEASCII":"Baoji","ADM0CAP":0,"CAPIN":null,"WORLDCITY":0,"MEGACITY":0,"SOV0NAME":"China","SOV_A3":"CHN","ADM0NAME":"China","ADM0_A3":"CHN","ADM1NAME":"Shaanxi","ISO_A2":"CN","NOTE":null,"LATITUDE":34.380006,"LONGITUDE":107.149987,"POP_MAX":800000,"POP_MIN":800000,"POP_OTHER":2570806,"RANK_MAX":11,"RANK_MIN":11,"MEGANAME":null,"LS_NAME":"Baoji","MAX_POP10":2668782,"MAX_POP20":2668782,"MAX_POP50":0,"MAX_POP300":0,"MAX_POP310":0,"MAX_NATSCA":20,"MIN_AREAKM":2017,"MAX_AREAKM":2017,"MIN_AREAMI":779,"MAX_AREAMI":779,"MIN_PERKM":1602,"MAX_PERKM":1602,"MIN_PERMI":995,"MAX_PERMI":995,"MIN_BBXMIN":107.041667,"MAX_BBXMIN":107.041667,"MIN_BBXMAX":108.030851,"MAX_BBXMAX":108.030851,"MIN_BBYMIN":34.141667,"MAX_BBYMIN":34.141667,"MIN_BBYMAX":34.616667,"MAX_BBYMAX":34.616667,"MEAN_BBXC":107.613886,"MEAN_BBYC":34.380321,"TIMEZONE":null,"UN_FID":0,"POP1950":0,"POP1955":0,"POP1960":0,"POP1965":0,"POP1970":0,"POP1975":0,"POP1980":0,"POP1985":0,"POP1990":0,"POP1995":0,"POP2000":0,"POP2005":0,"POP2010":0,"POP2015":0,"POP2020":0,"POP2025":0,"POP2050":0,"MIN_ZOOM":6,"WIKIDATAID":"Q514796","WOF_ID":1141908641,"CAPALT":0,"NAME_EN":"Baoji","NAME_DE":"Baoji","NAME_ES":"Baoji","NAME_FR":"Baoji","NAME_PT":"Baoji","NAME_RU":"Баоцзи","NAME_ZH":"宝鸡","LABEL":null,"NAME_AR":"باوجى","NAME_BN":"বাওজি","NAME_EL":"Μπάοτζι","NAME_HI":"बाओजी","NAME_HU":"Baoji","NAME_ID":"Baoji","NAME_IT":"Baoji","NAME_JA":"宝鶏市","NAME_KO":"바오지시","NAME_NL":"Baoji","NAME_PL":"Baoji","NAME_SV":"Baoji","NAME_TR":"Baoji","NAME_VI":"Bảo Kê","NE_ID":1159146983,"NAME_FA":"باوژی","NAME_HE":"באוג'י","NAME_UK":"Баоцзі","NAME_UR":"باوجی","NAME_ZHT":"寶雞市","GEONAMESID":-1,"FCLASS_ISO":null,"FCLASS_US":null,"FCLASS_FR":null,"FCLASS_RU":null,"FCLASS_ES":null,"FCLASS_CN":null,"FCLASS_TW":null,"FCLASS_IN":null,"FCLASS_NP":null,"FCLASS_PK":null,"FCLASS_DE":null,"FCLASS_GB":null,"FCLASS_BR":null,"FCLASS_IL":null,"FCLASS_PS":null,"FCLASS_SA":null,"FCLASS_EG":null,"FCLASS_MA":null,"FCLASS_PT":null,"FCLASS_AR":null,"FCLASS_JP":null,"FCLASS_KO":null,"FCLASS_VN":null,"FCLASS_TR":null,"FCLASS_ID":null,"FCLASS_PL":null,"FCLASS_GR":null,"FCLASS_IT":null,"FCLASS_NL":null,"FCLASS_SE":null,"FCLASS_BD":null,"FCLASS_UA":null,"FCLASS_TLC":null},"bbox":[107.149986,34.380006,107.149986,34.380006],"geometry":{"type":"Point","coordinates":[107.149986,34.380006]}},{"type":"Feature","properties":{"SCALERANK":6,"NATSCALE":30,"LABELRANK":1,"FEATURECLA":"Populated place","NAME":"Linfen","NAMEPAR":null,"NAMEALT":null,"NAMEASCII":"Linfen","ADM0CAP":0,"CAPIN":null,"WORLDCITY":0,"MEGACITY":1,"SOV0NAME":"China","SOV_A3":"CHN","ADM0NAME":"China","ADM0_A3":"CHN","ADM1NAME":"Shanxi","ISO_A2":"CN","NOTE":null,"LATITUDE":36.082288,"LONGITUDE":111.518058,"POP_MAX":834000,"POP_MIN":232566,"POP_OTHER":1371195,"RANK_MAX":11,"RANK_MIN":10,"MEGANAME":"Linfen","LS_NAME":"Linfen","MAX_POP10":1445332,"MAX_POP20":1445332,"MAX_POP50":0,"MAX_POP300":0,"MAX_POP310":0,"MAX_NATSCA":20,"MIN_AREAKM":1021,"MAX_AREAKM":1021,"MIN_AREAMI":394,"MAX_AREAMI":394,"MIN_PERKM":862,"MAX_PERKM":862,"MIN_PERMI":535,"MAX_PERMI":535,"MIN_BBXMIN":111.291667,"MAX_BBXMIN":111.291667,"MIN_BBXMAX":111.808333,"MAX_BBXMAX":111.808333,"MIN_BBYMIN":35.833333,"MAX_BBYMIN":35.833333,"MIN_BBYMAX":36.45,"MAX_BBYMAX":36.45,"MEAN_BBXC":111.564924,"MEAN_BBYC":36.142081,"TIMEZONE":"Asia/Chongqing","UN_FID":75,"POP1950":99,"POP1955":118,"POP1960":140,"POP1965":167,"POP1970":199,"POP1975":236,"POP1980":281,"POP1985":386,"POP1990":583,"POP1995":647,"POP2000":719,"POP2005":799,"POP2010":834,"POP2015":891,"POP2020":993,"POP2025":1087,"POP2050":1167,"MIN_ZOOM":6,"WIKIDATAID":"Q73156","WOF_ID":102027379,"CAPALT":0,"NAME_EN":"Linfen","NAME_DE":"Linfen","NAME_ES":"Linfen","NAME_FR":"Linfen","NAME_PT":"Linfen","NAME_RU":"Линьфэнь","NAME_ZH":"临汾","LABEL":null,"NAME_AR":"لينفن","NAME_BN":"লিনফেন","NAME_EL":"Λινφέν","NAME_HI":"लिनफेन","NAME_HU":"Linfen","NAME_ID":"Linfen","NAME_IT":"Linfen","NAME_JA":"臨汾市","NAME_KO":"린펀시","NAME_NL":"Linfen","NAME_PL":"Linfen","NAME_SV":"Linfen","NAME_TR":"Linfen","NAME_VI":"Lâm Phần","NE_ID":1159146987,"NAME_FA":"لینفن","NAME_HE":"לינפן","NAME_UK":"Ліньфень","NAME_UR":"لینفین","NAME_ZHT":"臨汾市","GEONAMESID":1803567,"FCLASS_ISO":null,"FCLASS_US":null,"FCLASS_FR":null,"FCLASS_RU":null,"FCLASS_ES":null,"FCLASS_CN":null,"FCLASS_TW":null,"FCLASS_IN":null,"FCLASS_NP":null,"FCLASS_PK":null,"FCLASS_DE":null,"FCLASS_GB":null,"FCLASS_BR":null,"FCLASS_IL":null,"FCLASS_PS":null,"FCLASS_SA":null,"FCLASS_EG":null,"FCLASS_MA":null,"FCLASS_PT":null,"FCLASS_AR":null,"FCLASS_JP":null,"FCLASS_KO":null,"FCLASS_VN":null,"FCLASS_TR":null,"FCLASS_ID":null,"FCLASS_PL":null,"FCLASS_GR":null,"FCLASS_IT":null,"FCLASS_NL":null,"FCLASS_SE":null,"FCLASS_BD":null,"FCLASS_UA":null,"FCLASS_TLC":null},"bbox":[111.518058,36.082287,111.518058,36.082287],"geometry":{"type":"Point","coordinates":[111.518058,36.082287]}},{"type":"Feature","properties":{"SCALERANK":6,"NATSCALE":30,"LABELRANK":1,"FEATURECLA":"Populated place","NAME":"Yuci","NAMEPAR":null,"NAMEALT":null,"NAMEASCII":"Yuci","ADM0CAP":0,"CAPIN":null,"WORLDCITY":0,"MEGACITY":1,"SOV0NAME":"China","SOV_A3":"CHN","ADM0NAME":"China","ADM0_A3":"CHN","ADM1NAME":"Shanxi","ISO_A2":"CN","NOTE":null,"LATITUDE":37.682345,"LONGITUDE":112.728062,"POP_MAX":840000,"POP_MIN":235929,"POP_OTHER":760679,"RANK_MAX":11,"RANK_MIN":10,"MEGANAME":"Yuci","LS_NAME":"Yuci","MAX_POP10":849611,"MAX_POP20":849611,"MAX_POP50":0,"MAX_POP300":0,"MAX_POP310":0,"MAX_NATSCA":20,"MIN_AREAKM":544,"MAX_AREAKM":544,"MIN_AREAMI":210,"MAX_AREAMI":210,"MIN_PERKM":586,"MAX_PERKM":586,"MIN_PERMI":364,"MAX_PERMI":364,"MIN_BBXMIN":112.423972,"MAX_BBXMIN":112.423972,"MIN_BBXMAX":112.85,"MAX_BBXMAX":112.85,"MIN_BBYMIN":37.375,"MAX_BBYMIN":37.375,"MIN_BBYMAX":37.791667,"MAX_BBYMAX":37.791667,"MEAN_BBXC":112.616163,"MEAN_BBYC":37.588947,"TIMEZONE":"Asia/Chongqing","UN_FID":146,"POP1950":88,"POP1955":105,"POP1960":125,"POP1965":149,"POP1970":177,"POP1975":210,"POP1980":250,"POP1985":330,"POP1990":467,"POP1995":555,"POP2000":660,"POP2005":785,"POP2010":840,"POP2015":921,"POP2020":1041,"POP2025":1141,"POP2050":1224,"MIN_ZOOM":6,"WIKIDATAID":null,"WOF_ID":102026949,"CAPALT":0,"NAME_EN":"Yuci","NAME_DE":"Yuci","NAME_ES":"Yuci","NAME_FR":"Yuci","NAME_PT":"Yuci","NAME_RU":"Юйцы","NAME_ZH":"榆次","LABEL":null,"NAME_AR":"يوتشي","NAME_BN":"ইউসি","NAME_EL":"Γιούτσι","NAME_HI":"यूकी","NAME_HU":"Yuci","NAME_ID":"Yuci","NAME_IT":"Yuci","NAME_JA":"楡次","NAME_KO":"유시","NAME_NL":"Yuci","NAME_PL":"Yuci","NAME_SV":"Yuci","NAME_TR":"Yuci","NAME_VI":"Du Thứ","NE_ID":1159146989,"NAME_FA":"یوچی","NAME_HE":"יוסי","NAME_UK":"Юкі","NAME_UR":"یوسی","NAME_ZHT":"榆次","GEONAMESID":1785974,"FCLASS_ISO":null,"FCLASS_US":null,"FCLASS_FR":null,"FCLASS_RU":null,"FCLASS_ES":null,"FCLASS_CN":null,"FCLASS_TW":null,"FCLASS_IN":null,"FCLASS_NP":null,"FCLASS_PK":null,"FCLASS_DE":null,"FCLASS_GB":null,"FCLASS_BR":null,"FCLASS_IL":null,"FCLASS_PS":null,"FCLASS_SA":null,"FCLASS_EG":null,"FCLASS_MA":null,"FCLASS_PT":null,"FCLASS_AR":null,"FCLASS_JP":null,"FCLASS_KO":null,"FCLASS_VN":null,"FCLASS_TR":null,"FCLASS_ID":null,"FCLASS_PL":null,"FCLASS_GR":null,"FCLASS_IT":null,"FCLASS_NL":null,"FCLASS_SE":null,"FCLASS_BD":null,"FCLASS_UA":null,"FCLASS_TLC":null},"bbox":[112.728062,37.682345,112.728062,37.682345],"geometry":{"type":"Point","coordinates":[112.728062,37.682345]}},{"type":"Feature","properties":{"SCALERANK":6,"NATSCALE":30,"LABELRANK":1,"FEATURECLA":"Populated place","NAME":"Datong","NAMEPAR":null,"NAMEALT":"Datong, Shanxi","NAMEASCII":"Datong","ADM0CAP":0,"CAPIN":null,"WORLDCITY":0,"MEGACITY":1,"SOV0NAME":"China","SOV_A3":"CHN","ADM0NAME":"China","ADM0_A3":"CHN","ADM1NAME":"Shanxi","ISO_A2":"CN","NOTE":null,"LATITUDE":40.081966,"LONGITUDE":113.298053,"POP_MAX":1873000,"POP_MIN":1052678,"POP_OTHER":1286074,"RANK_MAX":12,"RANK_MIN":12,"MEGANAME":"Datong, Shanxi","LS_NAME":"Datong","MAX_POP10":1345064,"MAX_POP20":1345064,"MAX_POP50":0,"MAX_POP300":0,"MAX_POP310":0,"MAX_NATSCA":20,"MIN_AREAKM":268,"MAX_AREAKM":268,"MIN_AREAMI":104,"MAX_AREAMI":104,"MIN_PERKM":305,"MAX_PERKM":305,"MIN_PERMI":190,"MAX_PERMI":190,"MIN_BBXMIN":113.1,"MAX_BBXMIN":113.1,"MIN_BBXMAX":113.416667,"MAX_BBXMAX":113.416667,"MIN_BBYMIN":39.941667,"MAX_BBYMIN":39.941667,"MIN_BBYMAX":40.175,"MAX_BBYMAX":40.175,"MEAN_BBXC":113.252267,"MEAN_BBYC":40.059579,"TIMEZONE":"Asia/Shanghai","UN_FID":37,"POP1950":618,"POP1955":662,"POP1960":711,"POP1965":762,"POP1970":818,"POP1975":877,"POP1980":941,"POP1985":1074,"POP1990":1277,"POP1995":1392,"POP2000":1518,"POP2005":1763,"POP2010":1873,"POP2015":2038,"POP2020":2283,"POP2025":2488,"POP2050":2653,"MIN_ZOOM":6,"WIKIDATAID":"Q72877","WOF_ID":102027935,"CAPALT":0,"NAME_EN":"Datong","NAME_DE":"Datong","NAME_ES":"Datong","NAME_FR":"Datong","NAME_PT":"Datong","NAME_RU":"Датун","NAME_ZH":"大同","LABEL":null,"NAME_AR":"داتونغ","NAME_BN":"তাথুং","NAME_EL":"Ντάτονγκ","NAME_HI":"दातोंग","NAME_HU":"Datong","NAME_ID":"Datong","NAME_IT":"Datong","NAME_JA":"大同市","NAME_KO":"다퉁시","NAME_NL":"Datong","NAME_PL":"Datong","NAME_SV":"Datong","NAME_TR":"Datong","NAME_VI":"Đại Đồng","NE_ID":1159146991,"NAME_FA":"داتونگ","NAME_HE":"דאטונג","NAME_UK":"Датун","NAME_UR":"داتونگ","NAME_ZHT":"大同市","GEONAMESID":2037799,"FCLASS_ISO":null,"FCLASS_US":null,"FCLASS_FR":null,"FCLASS_RU":null,"FCLASS_ES":null,"FCLASS_CN":null,"FCLASS_TW":null,"FCLASS_IN":null,"FCLASS_NP":null,"FCLASS_PK":null,"FCLASS_DE":null,"FCLASS_GB":null,"FCLASS_BR":null,"FCLASS_IL":null,"FCLASS_PS":null,"FCLASS_SA":null,"FCLASS_EG":null,"FCLASS_MA":null,"FCLASS_PT":null,"FCLASS_AR":null,"FCLASS_JP":null,"FCLASS_KO":null,"FCLASS_VN":null,"FCLASS_TR":null,"FCLASS_ID":null,"FCLASS_PL":null,"FCLASS_GR":null,"FCLASS_IT":null,"FCLASS_NL":null,"FCLASS_SE":null,"FCLASS_BD":null,"FCLASS_UA":null,"FCLASS_TLC":null},"bbox":[113.298053,40.081966,113.298053,40.081966],"geometry":{"type":"Point","coordinates":[113.298053,40.081966]}},{"type":"Feature","properties":{"SCALERANK":6,"NATSCALE":30,"LABELRANK":1,"FEATURECLA":"Populated place","NAME":"Jianmen","NAMEPAR":null,"NAMEALT":"Tianmen","NAMEASCII":"Jianmen","ADM0CAP":0,"CAPIN":null,"WORLDCITY":0,"MEGACITY":1,"SOV0NAME":"China","SOV_A3":"CHN","ADM0NAME":"China","ADM0_A3":"CHN","ADM1NAME":"Hubei","ISO_A2":"CN","NOTE":null,"LATITUDE":30.651999,"LONGITUDE":113.158061,"POP_MAX":1708000,"POP_MIN":167750,"POP_OTHER":2026667,"RANK_MAX":12,"RANK_MIN":9,"MEGANAME":"Tianmen","LS_NAME":"Tianmen","MAX_POP10":2245469,"MAX_POP20":0,"MAX_POP50":0,"MAX_POP300":0,"MAX_POP310":0,"MAX_NATSCA":10,"MIN_AREAKM":1945,"MAX_AREAKM":1945,"MIN_AREAMI":751,"MAX_AREAMI":751,"MIN_PERKM":2037,"MAX_PERKM":2037,"MIN_PERMI":1266,"MAX_PERMI":1266,"MIN_BBXMIN":112.612795,"MAX_BBXMIN":112.612795,"MIN_BBXMAX":113.491667,"MAX_BBXMAX":113.491667,"MIN_BBYMIN":30.143393,"MAX_BBYMIN":30.143393,"MIN_BBYMAX":31.05,"MAX_BBYMAX":31.05,"MEAN_BBXC":112.987333,"MEAN_BBYC":30.615987,"TIMEZONE":"Asia/Chongqing","UN_FID":115,"POP1950":1073,"POP1955":1118,"POP1960":1164,"POP1965":1212,"POP1970":1262,"POP1975":1314,"POP1980":1369,"POP1985":1425,"POP1990":1484,"POP1995":1545,"POP2000":1609,"POP2005":1676,"POP2010":1708,"POP2015":1777,"POP2020":1945,"POP2025":2118,"POP2050":2261,"MIN_ZOOM":6,"WIKIDATAID":"Q71323","WOF_ID":102027451,"CAPALT":0,"NAME_EN":"Jingmen City","NAME_DE":"Jingmen","NAME_ES":"Jingmen","NAME_FR":"Jingmen","NAME_PT":"Jingmen","NAME_RU":"Цзинмэнь","NAME_ZH":"荆门","LABEL":null,"NAME_AR":"مدينة جينغمن","NAME_BN":"চিংমেন","NAME_EL":"Τζίνγκμεν","NAME_HI":"जिंगमेन सिटी","NAME_HU":"Jianmen","NAME_ID":"Jingmen City","NAME_IT":"Jingmen","NAME_JA":"荊門市","NAME_KO":"징먼시","NAME_NL":"Jingmen","NAME_PL":"Jingmen","NAME_SV":"Jingmen","NAME_TR":"Jingmen","NAME_VI":"Kinh Môn","NE_ID":1159146993,"NAME_FA":"جینگمن","NAME_HE":"ג'יאנמן","NAME_UK":"Цзінмень","NAME_UR":"جنگمین","NAME_ZHT":"荊門市","GEONAMESID":1805611,"FCLASS_ISO":null,"FCLASS_US":null,"FCLASS_FR":null,"FCLASS_RU":null,"FCLASS_ES":null,"FCLASS_CN":null,"FCLASS_TW":null,"FCLASS_IN":null,"FCLASS_NP":null,"FCLASS_PK":null,"FCLASS_DE":null,"FCLASS_GB":null,"FCLASS_BR":null,"FCLASS_IL":null,"FCLASS_PS":null,"FCLASS_SA":null,"FCLASS_EG":null,"FCLASS_MA":null,"FCLASS_PT":null,"FCLASS_AR":null,"FCLASS_JP":null,"FCLASS_KO":null,"FCLASS_VN":null,"FCLASS_TR":null,"FCLASS_ID":null,"FCLASS_PL":null,"FCLASS_GR":null,"FCLASS_IT":null,"FCLASS_NL":null,"FCLASS_SE":null,"FCLASS_BD":null,"FCLASS_UA":null,"FCLASS_TLC":null},"bbox":[113.158061,30.651999,113.158061,30.651999],"geometry":{"type":"Point","coordinates":[113.158061,30.651999]}},{"type":"Feature","properties":{"SCALERANK":6,"NATSCALE":30,"LABELRANK":1,"FEATURECLA":"Populated place","NAME":"Yichang","NAMEPAR":null,"NAMEALT":null,"NAMEASCII":"Yichang","ADM0CAP":0,"CAPIN":null,"WORLDCITY":0,"MEGACITY":1,"SOV0NAME":"China","SOV_A3":"CHN","ADM0NAME":"China","ADM0_A3":"CHN","ADM1NAME":"Hubei","ISO_A2":"CN","NOTE":null,"LATITUDE":30.701918,"LONGITUDE":111.278073,"POP_MAX":875000,"POP_MIN":476725,"POP_OTHER":1058100,"RANK_MAX":11,"RANK_MIN":10,"MEGANAME":"Yichang","LS_NAME":"Yichang","MAX_POP10":1076562,"MAX_POP20":0,"MAX_POP50":0,"MAX_POP300":0,"MAX_POP310":0,"MAX_NATSCA":10,"MIN_AREAKM":459,"MAX_AREAKM":459,"MIN_AREAMI":177,"MAX_AREAMI":177,"MIN_PERKM":303,"MAX_PERKM":303,"MIN_PERMI":188,"MAX_PERMI":188,"MIN_BBXMIN":111.266667,"MAX_BBXMIN":111.266667,"MIN_BBXMAX":111.65,"MAX_BBXMAX":111.65,"MIN_BBYMIN":30.519251,"MAX_BBYMIN":30.519251,"MIN_BBYMAX":30.833333,"MAX_BBYMAX":30.833333,"MEAN_BBXC":111.450654,"MEAN_BBYC":30.671499,"TIMEZONE":"Asia/Chongqing","UN_FID":139,"POP1950":108,"POP1955":131,"POP1960":158,"POP1965":191,"POP1970":231,"POP1975":279,"POP1980":337,"POP1985":407,"POP1990":492,"POP1995":589,"POP2000":704,"POP2005":823,"POP2010":875,"POP2015":953,"POP2020":1072,"POP2025":1174,"POP2050":1259,"MIN_ZOOM":6,"WIKIDATAID":"Q71266","WOF_ID":102026963,"CAPALT":0,"NAME_EN":"Yichang","NAME_DE":"Yichang","NAME_ES":"Yichang","NAME_FR":"Yichang","NAME_PT":"Yichang","NAME_RU":"Ичан","NAME_ZH":"宜昌","LABEL":null,"NAME_AR":"ييتشانغ","NAME_BN":"ইছাং","NAME_EL":"Γιτσάνγκ","NAME_HI":"यिचांग","NAME_HU":"Jicsang","NAME_ID":"Yichang","NAME_IT":"Yichang","NAME_JA":"宜昌市","NAME_KO":"이창시","NAME_NL":"Yichang","NAME_PL":"Yichang","NAME_SV":"Yichang","NAME_TR":"Yichang","NAME_VI":"Nghi Xương","NE_ID":1159146995,"NAME_FA":"ایچانگ","NAME_HE":"ייצ'אנג","NAME_UK":"Ічан","NAME_UR":"یچنگ","NAME_ZHT":"宜昌市","GEONAMESID":1786764,"FCLASS_ISO":null,"FCLASS_US":null,"FCLASS_FR":null,"FCLASS_RU":null,"FCLASS_ES":null,"FCLASS_CN":null,"FCLASS_TW":null,"FCLASS_IN":null,"FCLASS_NP":null,"FCLASS_PK":null,"FCLASS_DE":null,"FCLASS_GB":null,"FCLASS_BR":null,"FCLASS_IL":null,"FCLASS_PS":null,"FCLASS_SA":null,"FCLASS_EG":null,"FCLASS_MA":null,"FCLASS_PT":null,"FCLASS_AR":null,"FCLASS_JP":null,"FCLASS_KO":null,"FCLASS_VN":null,"FCLASS_TR":null,"FCLASS_ID":null,"FCLASS_PL":null,"FCLASS_GR":null,"FCLASS_IT":null,"FCLASS_NL":null,"FCLASS_SE":null,"FCLASS_BD":null,"FCLASS_UA":null,"FCLASS_TLC":null},"bbox":[111.278073,30.701918,111.278073,30.701918],"geometry":{"type":"Point","coordinates":[111.278073,30.701918]}},{"type":"Feature","properties":{"SCALERANK":6,"NATSCALE":30,"LABELRANK":1,"FEATURECLA":"Populated place","NAME":"Xiantao","NAMEPAR":null,"NAMEALT":null,"NAMEASCII":"Xiantao","ADM0CAP":0,"CAPIN":null,"WORLDCITY":0,"MEGACITY":1,"SOV0NAME":"China","SOV_A3":"CHN","ADM0NAME":"China","ADM0_A3":"CHN","ADM1NAME":"Hubei","ISO_A2":"CN","NOTE":null,"LATITUDE":30.372352,"LONGITUDE":113.438096,"POP_MAX":1556000,"POP_MIN":239406,"POP_OTHER":1749643,"RANK_MAX":12,"RANK_MIN":10,"MEGANAME":"Xiantao","LS_NAME":"Xiantao","MAX_POP10":1861078,"MAX_POP20":3755298,"MAX_POP50":0,"MAX_POP300":0,"MAX_POP310":0,"MAX_NATSCA":20,"MIN_AREAKM":1750,"MAX_AREAKM":3316,"MIN_AREAMI":676,"MAX_AREAMI":1280,"MIN_PERKM":1984,"MAX_PERKM":3515,"MIN_PERMI":1233,"MAX_PERMI":2184,"MIN_BBXMIN":112.650983,"MAX_BBXMIN":112.921095,"MIN_BBXMAX":113.863461,"MAX_BBXMAX":113.863461,"MIN_BBYMIN":29.933333,"MAX_BBYMIN":29.933333,"MIN_BBYMAX":30.725,"MAX_BBYMAX":31.016667,"MEAN_BBXC":113.338101,"MEAN_BBYC":30.390483,"TIMEZONE":"Asia/Chongqing","UN_FID":127,"POP1950":1000,"POP1955":1040,"POP1960":1080,"POP1965":1123,"POP1970":1167,"POP1975":1213,"POP1980":1260,"POP1985":1310,"POP1990":1361,"POP1995":1415,"POP2000":1470,"POP2005":1528,"POP2010":1556,"POP2015":1618,"POP2020":1771,"POP2025":1930,"POP2050":2062,"MIN_ZOOM":6,"WIKIDATAID":"Q71455","WOF_ID":890512889,"CAPALT":0,"NAME_EN":"Xiantao City","NAME_DE":"Xiantao","NAME_ES":"Xiantao","NAME_FR":"Xiantao","NAME_PT":"Xiantao","NAME_RU":"Сяньтао","NAME_ZH":"仙桃","LABEL":null,"NAME_AR":"مدينة إكسيانتاو","NAME_BN":"শিয়েনথাও","NAME_EL":"Ξιαντάο","NAME_HI":"सिणताओ सिटी","NAME_HU":"Xiantao","NAME_ID":"Xiantao City","NAME_IT":"Xiantao","NAME_JA":"仙桃市","NAME_KO":"셴타오시","NAME_NL":"Xiantao","NAME_PL":"Xiantao","NAME_SV":"Xiantao","NAME_TR":"Xiantao","NAME_VI":"Tiên Đào","NE_ID":1159146997,"NAME_FA":"شیانتاو","NAME_HE":"קסינטאו","NAME_UK":"Сяньтао","NAME_UR":"شیانتاو","NAME_ZHT":"仙桃市","GEONAMESID":1790371,"FCLASS_ISO":null,"FCLASS_US":null,"FCLASS_FR":null,"FCLASS_RU":null,"FCLASS_ES":null,"FCLASS_CN":null,"FCLASS_TW":null,"FCLASS_IN":null,"FCLASS_NP":null,"FCLASS_PK":null,"FCLASS_DE":null,"FCLASS_GB":null,"FCLASS_BR":null,"FCLASS_IL":null,"FCLASS_PS":null,"FCLASS_SA":null,"FCLASS_EG":null,"FCLASS_MA":null,"FCLASS_PT":null,"FCLASS_AR":null,"FCLASS_JP":null,"FCLASS_KO":null,"FCLASS_VN":null,"FCLASS_TR":null,"FCLASS_ID":null,"FCLASS_PL":null,"FCLASS_GR":null,"FCLASS_IT":null,"FCLASS_NL":null,"FCLASS_SE":null,"FCLASS_BD":null,"FCLASS_UA":null,"FCLASS_TLC":null},"bbox":[113.438096,30.372352,113.438096,30.372352],"geometry":{"type":"Point","coordinates":[113.438096,30.372352]}},{"type":"Feature","properties":{"SCALERANK":6,"NATSCALE":30,"LABELRANK":1,"FEATURECLA":"Populated place","NAME":"Huangshi","NAMEPAR":null,"NAMEALT":null,"NAMEASCII":"Huangshi","ADM0CAP":0,"CAPIN":null,"WORLDCITY":0,"MEGACITY":0,"SOV0NAME":"China","SOV_A3":"CHN","ADM0NAME":"China","ADM0_A3":"CHN","ADM1NAME":"Hubei","ISO_A2":"CN","NOTE":null,"LATITUDE":30.220002,"LONGITUDE":115.099992,"POP_MAX":688090,"POP_MIN":688090,"POP_OTHER":4336399,"RANK_MAX":11,"RANK_MIN":11,"MEGANAME":null,"LS_NAME":"Huangshi","MAX_POP10":4439809,"MAX_POP20":4439809,"MAX_POP50":0,"MAX_POP300":0,"MAX_POP310":0,"MAX_NATSCA":20,"MIN_AREAKM":3557,"MAX_AREAKM":3557,"MIN_AREAMI":1373,"MAX_AREAMI":1373,"MIN_PERKM":3205,"MAX_PERKM":3205,"MIN_PERMI":1991,"MAX_PERMI":1991,"MIN_BBXMIN":114.505028,"MAX_BBXMIN":114.505028,"MIN_BBXMAX":115.825,"MAX_BBXMAX":115.825,"MIN_BBYMIN":29.908333,"MAX_BBYMIN":29.908333,"MIN_BBYMAX":30.724432,"MAX_BBYMAX":30.724432,"MEAN_BBXC":115.102382,"MEAN_BBYC":30.337977,"TIMEZONE":"Asia/Shanghai","UN_FID":0,"POP1950":0,"POP1955":0,"POP1960":0,"POP1965":0,"POP1970":0,"POP1975":0,"POP1980":0,"POP1985":0,"POP1990":0,"POP1995":0,"POP2000":0,"POP2005":0,"POP2010":0,"POP2015":0,"POP2020":0,"POP2025":0,"POP2050":0,"MIN_ZOOM":6,"WIKIDATAID":"Q71204","WOF_ID":102027521,"CAPALT":0,"NAME_EN":"Huangshi","NAME_DE":"Huangshi","NAME_ES":"Huangshi","NAME_FR":"Huangshi","NAME_PT":"Huangshi","NAME_RU":"Хуанши","NAME_ZH":"黄石","LABEL":null,"NAME_AR":"هوانغشي","NAME_BN":"হুয়াংশি","NAME_EL":"Χουάνγκσι","NAME_HI":"हुआंग्शी","NAME_HU":"Huangshi","NAME_ID":"Huangshi","NAME_IT":"Huangshi","NAME_JA":"黄石市","NAME_KO":"황스시","NAME_NL":"Huangshi","NAME_PL":"Huangshi","NAME_SV":"Huangshi","NAME_TR":"Huangshi","NAME_VI":"Hoàng Thạch","NE_ID":1159147003,"NAME_FA":"هوانگشی","NAME_HE":"חואנגשי","NAME_UK":"Хуанши","NAME_UR":"ہوانگشی","NAME_ZHT":"黃石市","GEONAMESID":1807234,"FCLASS_ISO":null,"FCLASS_US":null,"FCLASS_FR":null,"FCLASS_RU":null,"FCLASS_ES":null,"FCLASS_CN":null,"FCLASS_TW":null,"FCLASS_IN":null,"FCLASS_NP":null,"FCLASS_PK":null,"FCLASS_DE":null,"FCLASS_GB":null,"FCLASS_BR":null,"FCLASS_IL":null,"FCLASS_PS":null,"FCLASS_SA":null,"FCLASS_EG":null,"FCLASS_MA":null,"FCLASS_PT":null,"FCLASS_AR":null,"FCLASS_JP":null,"FCLASS_KO":null,"FCLASS_VN":null,"FCLASS_TR":null,"FCLASS_ID":null,"FCLASS_PL":null,"FCLASS_GR":null,"FCLASS_IT":null,"FCLASS_NL":null,"FCLASS_SE":null,"FCLASS_BD":null,"FCLASS_UA":null,"FCLASS_TLC":null},"bbox":[115.099992,30.220002,115.099992,30.220002],"geometry":{"type":"Point","coordinates":[115.099992,30.220002]}},{"type":"Feature","properties":{"SCALERANK":6,"NATSCALE":30,"LABELRANK":1,"FEATURECLA":"Populated place","NAME":"Zhuzhou","NAMEPAR":null,"NAMEALT":null,"NAMEASCII":"Zhuzhou","ADM0CAP":0,"CAPIN":null,"WORLDCITY":0,"MEGACITY":1,"SOV0NAME":"China","SOV_A3":"CHN","ADM0NAME":"China","ADM0_A3":"CHN","ADM1NAME":"Hunan","ISO_A2":"CN","NOTE":null,"LATITUDE":27.831938,"LONGITUDE":113.148088,"POP_MAX":1080000,"POP_MIN":709358,"POP_OTHER":1297635,"RANK_MAX":12,"RANK_MIN":11,"MEGANAME":"Zhuzhou","LS_NAME":"Zhuzhou","MAX_POP10":1298195,"MAX_POP20":0,"MAX_POP50":0,"MAX_POP300":0,"MAX_POP310":0,"MAX_NATSCA":10,"MIN_AREAKM":304,"MAX_AREAKM":304,"MIN_AREAMI":117,"MAX_AREAMI":117,"MIN_PERKM":170,"MAX_PERKM":170,"MIN_PERMI":106,"MAX_PERMI":106,"MIN_BBXMIN":113.058333,"MAX_BBXMIN":113.058333,"MIN_BBXMAX":113.283333,"MAX_BBXMAX":113.283333,"MIN_BBYMIN":27.8,"MAX_BBYMIN":27.8,"MIN_BBYMAX":28.041667,"MAX_BBYMAX":28.041667,"MEAN_BBXC":113.162313,"MEAN_BBYC":27.922496,"TIMEZONE":"Asia/Chongqing","UN_FID":156,"POP1950":127,"POP1955":151,"POP1960":180,"POP1965":214,"POP1970":254,"POP1975":302,"POP1980":360,"POP1985":451,"POP1990":585,"POP1995":713,"POP2000":868,"POP2005":1016,"POP2010":1080,"POP2015":1176,"POP2020":1322,"POP2025":1445,"POP2050":1548,"MIN_ZOOM":6,"WIKIDATAID":"Q198266","WOF_ID":102026877,"CAPALT":0,"NAME_EN":"Zhuzhou","NAME_DE":"Zhuzhou","NAME_ES":"Zhuzhou","NAME_FR":"Zhuzhou","NAME_PT":"Zhuzhou","NAME_RU":"Чжучжоу","NAME_ZH":"株洲","LABEL":null,"NAME_AR":"تشوتشو","NAME_BN":"চুচৌ","NAME_EL":"Ζούτζου","NAME_HI":"ज़हुज़्हौ","NAME_HU":"Hszücsou","NAME_ID":"Zhuzhou","NAME_IT":"Zhuzhou","NAME_JA":"株洲市","NAME_KO":"주저우시","NAME_NL":"Zhuzhou","NAME_PL":"Zhuzhou","NAME_SV":"Zhuzhou","NAME_TR":"Zhuzhou","NAME_VI":"Chu Châu","NE_ID":1159147005,"NAME_FA":"ژانژو","NAME_HE":"ז'וז'ואו","NAME_UK":"Чжучжоу","NAME_UR":"ژوژوو","NAME_ZHT":"株洲市","GEONAMESID":1783763,"FCLASS_ISO":null,"FCLASS_US":null,"FCLASS_FR":null,"FCLASS_RU":null,"FCLASS_ES":null,"FCLASS_CN":null,"FCLASS_TW":null,"FCLASS_IN":null,"FCLASS_NP":null,"FCLASS_PK":null,"FCLASS_DE":null,"FCLASS_GB":null,"FCLASS_BR":null,"FCLASS_IL":null,"FCLASS_PS":null,"FCLASS_SA":null,"FCLASS_EG":null,"FCLASS_MA":null,"FCLASS_PT":null,"FCLASS_AR":null,"FCLASS_JP":null,"FCLASS_KO":null,"FCLASS_VN":null,"FCLASS_TR":null,"FCLASS_ID":null,"FCLASS_PL":null,"FCLASS_GR":null,"FCLASS_IT":null,"FCLASS_NL":null,"FCLASS_SE":null,"FCLASS_BD":null,"FCLASS_UA":null,"FCLASS_TLC":null},"bbox":[113.148088,27.831938,113.148088,27.831938],"geometry":{"type":"Point","coordinates":[113.148088,27.831938]}},{"type":"Feature","properties":{"SCALERANK":6,"NATSCALE":30,"LABELRANK":1,"FEATURECLA":"Populated place","NAME":"Yongzhou","NAMEPAR":null,"NAMEALT":null,"NAMEASCII":"Yongzhou","ADM0CAP":0,"CAPIN":null,"WORLDCITY":0,"MEGACITY":1,"SOV0NAME":"China","SOV_A3":"CHN","ADM0NAME":"China","ADM0_A3":"CHN","ADM1NAME":"Hunan","ISO_A2":"CN","NOTE":null,"LATITUDE":26.23232,"LONGITUDE":111.618052,"POP_MAX":1000000,"POP_MIN":400361,"POP_OTHER":288789,"RANK_MAX":11,"RANK_MIN":10,"MEGANAME":"Yongzhou","LS_NAME":"Yongzhou","MAX_POP10":400361,"MAX_POP20":400361,"MAX_POP50":0,"MAX_POP300":0,"MAX_POP310":0,"MAX_NATSCA":20,"MIN_AREAKM":355,"MAX_AREAKM":355,"MIN_AREAMI":137,"MAX_AREAMI":137,"MIN_PERKM":434,"MAX_PERKM":434,"MIN_PERMI":270,"MAX_PERMI":270,"MIN_BBXMIN":111.458333,"MAX_BBXMIN":111.458333,"MIN_BBXMAX":111.9,"MAX_BBXMAX":111.9,"MIN_BBYMIN":26.175,"MAX_BBYMIN":26.175,"MIN_BBYMAX":26.441667,"MAX_BBYMAX":26.441667,"MEAN_BBXC":111.704257,"MEAN_BBYC":26.308496,"TIMEZONE":null,"UN_FID":145,"POP1950":835,"POP1955":848,"POP1960":861,"POP1965":875,"POP1970":889,"POP1975":903,"POP1980":917,"POP1985":931,"POP1990":946,"POP1995":960,"POP2000":976,"POP2005":991,"POP2010":1000,"POP2015":1032,"POP2020":1127,"POP2025":1231,"POP2050":1320,"MIN_ZOOM":6,"WIKIDATAID":"Q266014","WOF_ID":1141908643,"CAPALT":0,"NAME_EN":"Yongzhou","NAME_DE":"Yongzhou","NAME_ES":"Yongzhou","NAME_FR":"Yongzhou","NAME_PT":"Yongzhou","NAME_RU":"Юнчжоу","NAME_ZH":"永州","LABEL":null,"NAME_AR":"يونغتشو","NAME_BN":"ইয়ংঝু","NAME_EL":"Γιόνγκζου","NAME_HI":"योंग्ज़्हौ","NAME_HU":"Yongzhou","NAME_ID":"Yongzhou","NAME_IT":"Yongzhou","NAME_JA":"永州市","NAME_KO":"융저우시","NAME_NL":"Yongzhou","NAME_PL":"Yongzhou","NAME_SV":"Yongzhou","NAME_TR":"Yongzhou","NAME_VI":"Vĩnh Châu","NE_ID":1159147007,"NAME_FA":"یونگژو","NAME_HE":"יונגז'ו","NAME_UK":"Юнчжоу","NAME_UR":"یونگزحو","NAME_ZHT":"永州市","GEONAMESID":1786217,"FCLASS_ISO":null,"FCLASS_US":null,"FCLASS_FR":null,"FCLASS_RU":null,"FCLASS_ES":null,"FCLASS_CN":null,"FCLASS_TW":null,"FCLASS_IN":null,"FCLASS_NP":null,"FCLASS_PK":null,"FCLASS_DE":null,"FCLASS_GB":null,"FCLASS_BR":null,"FCLASS_IL":null,"FCLASS_PS":null,"FCLASS_SA":null,"FCLASS_EG":null,"FCLASS_MA":null,"FCLASS_PT":null,"FCLASS_AR":null,"FCLASS_JP":null,"FCLASS_KO":null,"FCLASS_VN":null,"FCLASS_TR":null,"FCLASS_ID":null,"FCLASS_PL":null,"FCLASS_GR":null,"FCLASS_IT":null,"FCLASS_NL":null,"FCLASS_SE":null,"FCLASS_BD":null,"FCLASS_UA":null,"FCLASS_TLC":null},"bbox":[111.609135,26.41792,111.609135,26.41792],"geometry":{"type":"Point","coordinates":[111.609135,26.41792]}},{"type":"Feature","properties":{"SCALERANK":6,"NATSCALE":30,"LABELRANK":1,"FEATURECLA":"Populated place","NAME":"Yiyang","NAMEPAR":null,"NAMEALT":"Yiyang, Hunan","NAMEASCII":"Yiyang","ADM0CAP":0,"CAPIN":null,"WORLDCITY":0,"MEGACITY":1,"SOV0NAME":"China","SOV_A3":"CHN","ADM0NAME":"China","ADM0_A3":"CHN","ADM1NAME":"Hunan","ISO_A2":"CN","NOTE":null,"LATITUDE":28.602356,"LONGITUDE":112.328086,"POP_MAX":1352000,"POP_MIN":202608,"POP_OTHER":2146371,"RANK_MAX":12,"RANK_MIN":10,"MEGANAME":"Yiyang, Hunan","LS_NAME":"Yiyang","MAX_POP10":2212809,"MAX_POP20":2212809,"MAX_POP50":0,"MAX_POP300":0,"MAX_POP310":0,"MAX_NATSCA":20,"MIN_AREAKM":1714,"MAX_AREAKM":1714,"MIN_AREAMI":662,"MAX_AREAMI":662,"MIN_PERKM":1901,"MAX_PERKM":1901,"MIN_PERMI":1181,"MAX_PERMI":1181,"MIN_BBXMIN":112.016667,"MAX_BBXMIN":112.016667,"MIN_BBXMAX":112.7,"MAX_BBXMAX":112.7,"MIN_BBYMIN":28.116667,"MAX_BBYMIN":28.116667,"MIN_BBYMAX":28.875,"MAX_BBYMAX":28.875,"MEAN_BBXC":112.378357,"MEAN_BBYC":28.484198,"TIMEZONE":"Asia/Chongqing","UN_FID":144,"POP1950":397,"POP1955":449,"POP1960":507,"POP1965":574,"POP1970":649,"POP1975":734,"POP1980":830,"POP1985":939,"POP1990":1062,"POP1995":1140,"POP2000":1223,"POP2005":1313,"POP2010":1352,"POP2015":1425,"POP2020":1571,"POP2025":1714,"POP2050":1833,"MIN_ZOOM":6,"WIKIDATAID":"Q416669","WOF_ID":102027545,"CAPALT":0,"NAME_EN":"Yiyang","NAME_DE":"Yiyang","NAME_ES":"Yiyang","NAME_FR":"Yiyang","NAME_PT":"Yiyang","NAME_RU":"Иян","NAME_ZH":"益阳","LABEL":null,"NAME_AR":"يييانغ","NAME_BN":"ইইয়াং","NAME_EL":"Γιγιάνγκ","NAME_HI":"यियांग","NAME_HU":"Yiyang","NAME_ID":"Yiyang","NAME_IT":"Yiyang","NAME_JA":"益陽市","NAME_KO":"이양시","NAME_NL":"Yiyang","NAME_PL":"Yiyang","NAME_SV":"Yiyang","NAME_TR":"Yiyang","NAME_VI":"Ích Dương","NE_ID":1159147009,"NAME_FA":"یایانگ","NAME_HE":"ייאנג","NAME_UK":"Їян","NAME_UR":"یینگ","NAME_ZHT":"益陽市","GEONAMESID":1808316,"FCLASS_ISO":null,"FCLASS_US":null,"FCLASS_FR":null,"FCLASS_RU":null,"FCLASS_ES":null,"FCLASS_CN":null,"FCLASS_TW":null,"FCLASS_IN":null,"FCLASS_NP":null,"FCLASS_PK":null,"FCLASS_DE":null,"FCLASS_GB":null,"FCLASS_BR":null,"FCLASS_IL":null,"FCLASS_PS":null,"FCLASS_SA":null,"FCLASS_EG":null,"FCLASS_MA":null,"FCLASS_PT":null,"FCLASS_AR":null,"FCLASS_JP":null,"FCLASS_KO":null,"FCLASS_VN":null,"FCLASS_TR":null,"FCLASS_ID":null,"FCLASS_PL":null,"FCLASS_GR":null,"FCLASS_IT":null,"FCLASS_NL":null,"FCLASS_SE":null,"FCLASS_BD":null,"FCLASS_UA":null,"FCLASS_TLC":null},"bbox":[112.328086,28.602356,112.328086,28.602356],"geometry":{"type":"Point","coordinates":[112.328086,28.602356]}},{"type":"Feature","properties":{"SCALERANK":6,"NATSCALE":30,"LABELRANK":1,"FEATURECLA":"Populated place","NAME":"Changde","NAMEPAR":null,"NAMEALT":null,"NAMEASCII":"Changde","ADM0CAP":0,"CAPIN":null,"WORLDCITY":0,"MEGACITY":1,"SOV0NAME":"China","SOV_A3":"CHN","ADM0NAME":"China","ADM0_A3":"CHN","ADM1NAME":"Hunan","ISO_A2":"CN","NOTE":null,"LATITUDE":29.031943,"LONGITUDE":111.6781,"POP_MAX":1469000,"POP_MIN":517780,"POP_OTHER":1043788,"RANK_MAX":12,"RANK_MIN":11,"MEGANAME":"Changde","LS_NAME":"Changde","MAX_POP10":1081449,"MAX_POP20":1081449,"MAX_POP50":0,"MAX_POP300":0,"MAX_POP310":0,"MAX_NATSCA":20,"MIN_AREAKM":526,"MAX_AREAKM":526,"MIN_AREAMI":203,"MAX_AREAMI":203,"MIN_PERKM":624,"MAX_PERKM":624,"MIN_PERMI":388,"MAX_PERMI":388,"MIN_BBXMIN":111.525,"MAX_BBXMIN":111.525,"MIN_BBXMAX":111.991667,"MAX_BBXMAX":111.991667,"MIN_BBYMIN":28.744439,"MAX_BBYMIN":28.744439,"MIN_BBYMAX":29.371052,"MAX_BBYMAX":29.371052,"MEAN_BBXC":111.756449,"MEAN_BBYC":28.989874,"TIMEZONE":"Asia/Chongqing","UN_FID":28,"POP1950":293,"POP1955":349,"POP1960":415,"POP1965":494,"POP1970":588,"POP1975":700,"POP1980":833,"POP1985":992,"POP1990":1180,"POP1995":1258,"POP2000":1341,"POP2005":1429,"POP2010":1469,"POP2015":1543,"POP2020":1699,"POP2025":1852,"POP2050":1979,"MIN_ZOOM":6,"WIKIDATAID":"Q416544","WOF_ID":102027057,"CAPALT":0,"NAME_EN":"Changde","NAME_DE":"Changde","NAME_ES":"Changde","NAME_FR":"Changde","NAME_PT":"Changde","NAME_RU":"Чандэ","NAME_ZH":"常德","LABEL":null,"NAME_AR":"تشانغده","NAME_BN":"ছাংতে","NAME_EL":"Τσανγκντέ","NAME_HI":"चांगदे","NAME_HU":"Changde","NAME_ID":"Changde","NAME_IT":"Changde","NAME_JA":"常徳市","NAME_KO":"창더시","NAME_NL":"Changde","NAME_PL":"Changde","NAME_SV":"Changde","NAME_TR":"Changde","NAME_VI":"Thường Đức","NE_ID":1159147011,"NAME_FA":"چانگدی","NAME_HE":"צ'אנגדה","NAME_UK":"Чанде","NAME_UR":"چانگدا","NAME_ZHT":"常德市","GEONAMESID":1791121,"FCLASS_ISO":null,"FCLASS_US":null,"FCLASS_FR":null,"FCLASS_RU":null,"FCLASS_ES":null,"FCLASS_CN":null,"FCLASS_TW":null,"FCLASS_IN":null,"FCLASS_NP":null,"FCLASS_PK":null,"FCLASS_DE":null,"FCLASS_GB":null,"FCLASS_BR":null,"FCLASS_IL":null,"FCLASS_PS":null,"FCLASS_SA":null,"FCLASS_EG":null,"FCLASS_MA":null,"FCLASS_PT":null,"FCLASS_AR":null,"FCLASS_JP":null,"FCLASS_KO":null,"FCLASS_VN":null,"FCLASS_TR":null,"FCLASS_ID":null,"FCLASS_PL":null,"FCLASS_GR":null,"FCLASS_IT":null,"FCLASS_NL":null,"FCLASS_SE":null,"FCLASS_BD":null,"FCLASS_UA":null,"FCLASS_TLC":null},"bbox":[111.6781,29.031943,111.6781,29.031943],"geometry":{"type":"Point","coordinates":[111.6781,29.031943]}},{"type":"Feature","properties":{"SCALERANK":6,"NATSCALE":30,"LABELRANK":1,"FEATURECLA":"Populated place","NAME":"Leshan","NAMEPAR":null,"NAMEALT":null,"NAMEASCII":"Leshan","ADM0CAP":0,"CAPIN":null,"WORLDCITY":0,"MEGACITY":1,"SOV0NAME":"China","SOV_A3":"CHN","ADM0NAME":"China","ADM0_A3":"CHN","ADM1NAME":"Sichuan","ISO_A2":"CN","NOTE":null,"LATITUDE":29.569042,"LONGITUDE":103.731402,"POP_MAX":1157000,"POP_MIN":154477,"POP_OTHER":2873082,"RANK_MAX":12,"RANK_MIN":9,"MEGANAME":"Leshan","LS_NAME":"Leshan","MAX_POP10":2947889,"MAX_POP20":3183215,"MAX_POP50":0,"MAX_POP300":0,"MAX_POP310":0,"MAX_NATSCA":20,"MIN_AREAKM":4122,"MAX_AREAKM":4624,"MIN_AREAMI":1591,"MAX_AREAMI":1785,"MIN_PERKM":2896,"MAX_PERKM":3206,"MIN_PERMI":1800,"MAX_PERMI":1992,"MIN_BBXMIN":103.541667,"MAX_BBXMIN":103.541667,"MIN_BBXMAX":104.33664,"MAX_BBXMAX":104.393201,"MIN_BBYMIN":29.091667,"MAX_BBYMIN":29.091667,"MIN_BBYMAX":30.175,"MAX_BBYMAX":30.175,"MEAN_BBXC":103.995021,"MEAN_BBYC":29.697922,"TIMEZONE":"Asia/Chongqing","UN_FID":72,"POP1950":604,"POP1955":649,"POP1960":697,"POP1965":748,"POP1970":804,"POP1975":863,"POP1980":927,"POP1985":996,"POP1990":1070,"POP1995":1094,"POP2000":1118,"POP2005":1143,"POP2010":1157,"POP2015":1197,"POP2020":1307,"POP2025":1427,"POP2050":1528,"MIN_ZOOM":6,"WIKIDATAID":"Q426868","WOF_ID":102027389,"CAPALT":0,"NAME_EN":"Leshan","NAME_DE":"Leshan","NAME_ES":"Leshan","NAME_FR":"Leshan","NAME_PT":"Leshan","NAME_RU":"Лэшань","NAME_ZH":"乐山","LABEL":null,"NAME_AR":"ليشان","NAME_BN":"লিসান","NAME_EL":"Λισάν","NAME_HI":"लेशान","NAME_HU":"Leshan","NAME_ID":"Leshan","NAME_IT":"Leshan","NAME_JA":"楽山市","NAME_KO":"러산시","NAME_NL":"Leshan","NAME_PL":"Leshan","NAME_SV":"Leshan","NAME_TR":"Leshan","NAME_VI":"Lạc Sơn","NE_ID":1159147015,"NAME_FA":"لیشان","NAME_HE":"לשאן","NAME_UK":"Лешань","NAME_UR":"لیشان","NAME_ZHT":"樂山市","GEONAMESID":1804153,"FCLASS_ISO":null,"FCLASS_US":null,"FCLASS_FR":null,"FCLASS_RU":null,"FCLASS_ES":null,"FCLASS_CN":null,"FCLASS_TW":null,"FCLASS_IN":null,"FCLASS_NP":null,"FCLASS_PK":null,"FCLASS_DE":null,"FCLASS_GB":null,"FCLASS_BR":null,"FCLASS_IL":null,"FCLASS_PS":null,"FCLASS_SA":null,"FCLASS_EG":null,"FCLASS_MA":null,"FCLASS_PT":null,"FCLASS_AR":null,"FCLASS_JP":null,"FCLASS_KO":null,"FCLASS_VN":null,"FCLASS_TR":null,"FCLASS_ID":null,"FCLASS_PL":null,"FCLASS_GR":null,"FCLASS_IT":null,"FCLASS_NL":null,"FCLASS_SE":null,"FCLASS_BD":null,"FCLASS_UA":null,"FCLASS_TLC":null},"bbox":[103.731402,29.569042,103.731402,29.569042],"geometry":{"type":"Point","coordinates":[103.731402,29.569042]}},{"type":"Feature","properties":{"SCALERANK":6,"NATSCALE":30,"LABELRANK":1,"FEATURECLA":"Populated place","NAME":"Panzhihua","NAMEPAR":null,"NAMEALT":null,"NAMEASCII":"Panzhihua","ADM0CAP":0,"CAPIN":null,"WORLDCITY":0,"MEGACITY":0,"SOV0NAME":"China","SOV_A3":"CHN","ADM0NAME":"China","ADM0_A3":"CHN","ADM1NAME":"Sichuan","ISO_A2":"CN","NOTE":null,"LATITUDE":26.549993,"LONGITUDE":101.730007,"POP_MAX":461513,"POP_MIN":431083,"POP_OTHER":0,"RANK_MAX":10,"RANK_MIN":10,"MEGANAME":null,"LS_NAME":"Panzhihua","MAX_POP10":431083,"MAX_POP20":0,"MAX_POP50":0,"MAX_POP300":0,"MAX_POP310":0,"MAX_NATSCA":10,"MIN_AREAKM":73,"MAX_AREAKM":73,"MIN_AREAMI":28,"MAX_AREAMI":28,"MIN_PERKM":105,"MAX_PERKM":105,"MIN_PERMI":65,"MAX_PERMI":65,"MIN_BBXMIN":101.65,"MAX_BBXMIN":101.65,"MIN_BBXMAX":101.791667,"MAX_BBXMAX":101.791667,"MIN_BBYMIN":26.458333,"MAX_BBYMIN":26.458333,"MIN_BBYMAX":26.641667,"MAX_BBYMAX":26.641667,"MEAN_BBXC":101.725395,"MEAN_BBYC":26.564518,"TIMEZONE":"Asia/Chongqing","UN_FID":0,"POP1950":0,"POP1955":0,"POP1960":0,"POP1965":0,"POP1970":0,"POP1975":0,"POP1980":0,"POP1985":0,"POP1990":0,"POP1995":0,"POP2000":0,"POP2005":0,"POP2010":0,"POP2015":0,"POP2020":0,"POP2025":0,"POP2050":0,"MIN_ZOOM":6,"WIKIDATAID":"Q425415","WOF_ID":890515763,"CAPALT":0,"NAME_EN":"Panzhihua","NAME_DE":"Panzhihua","NAME_ES":"Panzhihua","NAME_FR":"Panzhihua","NAME_PT":"Panzhihua","NAME_RU":"Паньчжихуа","NAME_ZH":"攀枝花","LABEL":null,"NAME_AR":"بانتشيهوا","NAME_BN":"পানঝিহুয়া","NAME_EL":"Πανζιχούα","NAME_HI":"पंज़्हीहुआ","NAME_HU":"Panzhihua","NAME_ID":"Panzhihua","NAME_IT":"Panzhihua","NAME_JA":"攀枝花市","NAME_KO":"판즈화시","NAME_NL":"Panzhihua","NAME_PL":"Panzhihua","NAME_SV":"Panzhihua","NAME_TR":"Panzhihua","NAME_VI":"Phàn Chi Hoa","NE_ID":1159147019,"NAME_FA":"پنژیهوا","NAME_HE":"פנצ'יהואה","NAME_UK":"Паньчжихуа","NAME_UR":"پانژیہوا","NAME_ZHT":"攀枝花市","GEONAMESID":1798998,"FCLASS_ISO":null,"FCLASS_US":null,"FCLASS_FR":null,"FCLASS_RU":null,"FCLASS_ES":null,"FCLASS_CN":null,"FCLASS_TW":null,"FCLASS_IN":null,"FCLASS_NP":null,"FCLASS_PK":null,"FCLASS_DE":null,"FCLASS_GB":null,"FCLASS_BR":null,"FCLASS_IL":null,"FCLASS_PS":null,"FCLASS_SA":null,"FCLASS_EG":null,"FCLASS_MA":null,"FCLASS_PT":null,"FCLASS_AR":null,"FCLASS_JP":null,"FCLASS_KO":null,"FCLASS_VN":null,"FCLASS_TR":null,"FCLASS_ID":null,"FCLASS_PL":null,"FCLASS_GR":null,"FCLASS_IT":null,"FCLASS_NL":null,"FCLASS_SE":null,"FCLASS_BD":null,"FCLASS_UA":null,"FCLASS_TLC":null},"bbox":[101.730007,26.549993,101.730007,26.549993],"geometry":{"type":"Point","coordinates":[101.730007,26.549993]}},{"type":"Feature","properties":{"SCALERANK":6,"NATSCALE":30,"LABELRANK":1,"FEATURECLA":"Populated place","NAME":"Guangyuan","NAMEPAR":null,"NAMEALT":null,"NAMEASCII":"Guangyuan","ADM0CAP":0,"CAPIN":null,"WORLDCITY":0,"MEGACITY":0,"SOV0NAME":"China","SOV_A3":"CHN","ADM0NAME":"China","ADM0_A3":"CHN","ADM1NAME":"Sichuan","ISO_A2":"CN","NOTE":null,"LATITUDE":32.429996,"LONGITUDE":105.870013,"POP_MAX":437435,"POP_MIN":213365,"POP_OTHER":430614,"RANK_MAX":10,"RANK_MIN":10,"MEGANAME":null,"LS_NAME":"Guangyuan","MAX_POP10":437435,"MAX_POP20":437435,"MAX_POP50":0,"MAX_POP300":0,"MAX_POP310":0,"MAX_NATSCA":20,"MIN_AREAKM":233,"MAX_AREAKM":233,"MIN_AREAMI":90,"MAX_AREAMI":90,"MIN_PERKM":244,"MAX_PERKM":244,"MIN_PERMI":152,"MAX_PERMI":152,"MIN_BBXMIN":105.591667,"MAX_BBXMIN":105.591667,"MIN_BBXMAX":106,"MAX_BBXMAX":106,"MIN_BBYMIN":32.258333,"MAX_BBYMIN":32.258333,"MIN_BBYMAX":32.516667,"MAX_BBYMAX":32.516667,"MEAN_BBXC":105.821196,"MEAN_BBYC":32.389001,"TIMEZONE":"Asia/Chongqing","UN_FID":0,"POP1950":0,"POP1955":0,"POP1960":0,"POP1965":0,"POP1970":0,"POP1975":0,"POP1980":0,"POP1985":0,"POP1990":0,"POP1995":0,"POP2000":0,"POP2005":0,"POP2010":0,"POP2015":0,"POP2020":0,"POP2025":0,"POP2050":0,"MIN_ZOOM":6,"WIKIDATAID":"Q426237","WOF_ID":102027493,"CAPALT":0,"NAME_EN":"Guangyuan","NAME_DE":"Guangyuan","NAME_ES":"Guangyuan","NAME_FR":"Guangyuan","NAME_PT":"Guangyuan","NAME_RU":"Гуанъюань","NAME_ZH":"广元","LABEL":null,"NAME_AR":"غوانغيوان","NAME_BN":"গুয়াংউয়ান","NAME_EL":"Κουανγκιουάν","NAME_HI":"ग्वांगयुआन","NAME_HU":"Kuangjüan","NAME_ID":"Guangyuan","NAME_IT":"Guangyuan","NAME_JA":"広元市","NAME_KO":"광위안시","NAME_NL":"Guangyuan","NAME_PL":"Guangyuan","NAME_SV":"Guangyuan","NAME_TR":"Guangyuan","NAME_VI":"Quảng Nguyên","NE_ID":1159147023,"NAME_FA":"گوانگیوان","NAME_HE":"גואנגיואן","NAME_UK":"Гуан'юань","NAME_UR":"گوانگیوان","NAME_ZHT":"廣元市","GEONAMESID":1806466,"FCLASS_ISO":null,"FCLASS_US":null,"FCLASS_FR":null,"FCLASS_RU":null,"FCLASS_ES":null,"FCLASS_CN":null,"FCLASS_TW":null,"FCLASS_IN":null,"FCLASS_NP":null,"FCLASS_PK":null,"FCLASS_DE":null,"FCLASS_GB":null,"FCLASS_BR":null,"FCLASS_IL":null,"FCLASS_PS":null,"FCLASS_SA":null,"FCLASS_EG":null,"FCLASS_MA":null,"FCLASS_PT":null,"FCLASS_AR":null,"FCLASS_JP":null,"FCLASS_KO":null,"FCLASS_VN":null,"FCLASS_TR":null,"FCLASS_ID":null,"FCLASS_PL":null,"FCLASS_GR":null,"FCLASS_IT":null,"FCLASS_NL":null,"FCLASS_SE":null,"FCLASS_BD":null,"FCLASS_UA":null,"FCLASS_TLC":null},"bbox":[105.870013,32.429996,105.870013,32.429996],"geometry":{"type":"Point","coordinates":[105.870013,32.429996]}},{"type":"Feature","properties":{"SCALERANK":6,"NATSCALE":30,"LABELRANK":1,"FEATURECLA":"Populated place","NAME":"Luzhou","NAMEPAR":null,"NAMEALT":null,"NAMEASCII":"Luzhou","ADM0CAP":0,"CAPIN":null,"WORLDCITY":0,"MEGACITY":1,"SOV0NAME":"China","SOV_A3":"CHN","ADM0NAME":"China","ADM0_A3":"CHN","ADM1NAME":"Sichuan","ISO_A2":"CN","NOTE":null,"LATITUDE":28.881926,"LONGITUDE":105.378071,"POP_MAX":1537000,"POP_MIN":1537000,"POP_OTHER":4709565,"RANK_MAX":12,"RANK_MIN":12,"MEGANAME":"Luzhou","LS_NAME":"Luzhou","MAX_POP10":4882225,"MAX_POP20":4955113,"MAX_POP50":0,"MAX_POP300":0,"MAX_POP310":0,"MAX_NATSCA":20,"MIN_AREAKM":5837,"MAX_AREAKM":5926,"MIN_AREAMI":2254,"MAX_AREAMI":2288,"MIN_PERKM":4791,"MAX_PERKM":4857,"MIN_PERMI":2977,"MAX_PERMI":3018,"MIN_BBXMIN":104.938805,"MAX_BBXMIN":104.952256,"MIN_BBXMAX":106.183333,"MAX_BBXMAX":106.183333,"MIN_BBYMIN":28.283333,"MAX_BBYMIN":28.283333,"MIN_BBYMAX":29.505787,"MAX_BBYMAX":29.505787,"MEAN_BBXC":105.492246,"MEAN_BBYC":28.937471,"TIMEZONE":null,"UN_FID":81,"POP1950":89,"POP1955":108,"POP1960":131,"POP1965":158,"POP1970":192,"POP1975":232,"POP1980":281,"POP1985":340,"POP1990":412,"POP1995":706,"POP2000":1208,"POP2005":1447,"POP2010":1537,"POP2015":1673,"POP2020":1877,"POP2025":2047,"POP2050":2187,"MIN_ZOOM":6,"WIKIDATAID":"Q425492","WOF_ID":102027337,"CAPALT":0,"NAME_EN":"Luzhou","NAME_DE":"Luzhou","NAME_ES":"Luzhou","NAME_FR":"Luzhou","NAME_PT":"Luzhou","NAME_RU":"Лучжоу","NAME_ZH":"泸州","LABEL":null,"NAME_AR":"لوزهاو","NAME_BN":"লুঝু","NAME_EL":"Λούζου","NAME_HI":"लुज़होउ","NAME_HU":"Lucsou","NAME_ID":"Luzhou","NAME_IT":"Luzhou","NAME_JA":"瀘州市","NAME_KO":"루저우시","NAME_NL":"Luzhou","NAME_PL":"Luzhou","NAME_SV":"Luzhou","NAME_TR":"Luzhou","NAME_VI":"Lô Châu","NE_ID":1159147025,"NAME_FA":"لوجو","NAME_HE":"לוז'ו","NAME_UK":"Лучжоу","NAME_UR":"لوژوو","NAME_ZHT":"瀘州市","GEONAMESID":1801640,"FCLASS_ISO":null,"FCLASS_US":null,"FCLASS_FR":null,"FCLASS_RU":null,"FCLASS_ES":null,"FCLASS_CN":null,"FCLASS_TW":null,"FCLASS_IN":null,"FCLASS_NP":null,"FCLASS_PK":null,"FCLASS_DE":null,"FCLASS_GB":null,"FCLASS_BR":null,"FCLASS_IL":null,"FCLASS_PS":null,"FCLASS_SA":null,"FCLASS_EG":null,"FCLASS_MA":null,"FCLASS_PT":null,"FCLASS_AR":null,"FCLASS_JP":null,"FCLASS_KO":null,"FCLASS_VN":null,"FCLASS_TR":null,"FCLASS_ID":null,"FCLASS_PL":null,"FCLASS_GR":null,"FCLASS_IT":null,"FCLASS_NL":null,"FCLASS_SE":null,"FCLASS_BD":null,"FCLASS_UA":null,"FCLASS_TLC":null},"bbox":[105.378071,28.881926,105.378071,28.881926],"geometry":{"type":"Point","coordinates":[105.378071,28.881926]}},{"type":"Feature","properties":{"SCALERANK":6,"NATSCALE":30,"LABELRANK":1,"FEATURECLA":"Populated place","NAME":"Yibin","NAMEPAR":null,"NAMEALT":null,"NAMEASCII":"Yibin","ADM0CAP":0,"CAPIN":null,"WORLDCITY":0,"MEGACITY":1,"SOV0NAME":"China","SOV_A3":"CHN","ADM0NAME":"China","ADM0_A3":"CHN","ADM1NAME":"Sichuan","ISO_A2":"CN","NOTE":null,"LATITUDE":28.771933,"LONGITUDE":104.568095,"POP_MAX":902000,"POP_MIN":242111,"POP_OTHER":2488467,"RANK_MAX":11,"RANK_MIN":10,"MEGANAME":"Yibin","LS_NAME":"Yibin","MAX_POP10":1225214,"MAX_POP20":1738252,"MAX_POP50":0,"MAX_POP300":0,"MAX_POP310":0,"MAX_NATSCA":20,"MIN_AREAKM":1508,"MAX_AREAKM":2302,"MIN_AREAMI":582,"MAX_AREAMI":889,"MIN_PERKM":1531,"MAX_PERKM":2162,"MIN_PERMI":951,"MAX_PERMI":1343,"MIN_BBXMIN":104.142156,"MAX_BBXMIN":104.142156,"MIN_BBXMAX":104.977281,"MAX_BBXMAX":104.977281,"MIN_BBYMIN":28.625,"MAX_BBYMIN":28.625,"MIN_BBYMAX":29.237477,"MAX_BBYMAX":29.42199,"MEAN_BBXC":104.578175,"MEAN_BBYC":28.992679,"TIMEZONE":"Asia/Chongqing","UN_FID":138,"POP1950":81,"POP1955":96,"POP1960":114,"POP1965":136,"POP1970":162,"POP1975":192,"POP1980":229,"POP1985":360,"POP1990":685,"POP1995":743,"POP2000":805,"POP2005":872,"POP2010":902,"POP2015":954,"POP2020":1057,"POP2025":1157,"POP2050":1240,"MIN_ZOOM":6,"WIKIDATAID":"Q427265","WOF_ID":102026965,"CAPALT":0,"NAME_EN":"Yibin","NAME_DE":"Yibin","NAME_ES":"Yibin","NAME_FR":"Yibin","NAME_PT":"Yibin","NAME_RU":"Ибинь","NAME_ZH":"宜宾","LABEL":null,"NAME_AR":"ييبن","NAME_BN":"ইবিন","NAME_EL":"Γιμπίν","NAME_HI":"यिबिन","NAME_HU":"Yibin","NAME_ID":"Yibin","NAME_IT":"Yibin","NAME_JA":"宜賓市","NAME_KO":"이빈시","NAME_NL":"Yibin","NAME_PL":"Yibin","NAME_SV":"Yibin","NAME_TR":"Yibin","NAME_VI":"Nghi Tân","NE_ID":1159147027,"NAME_FA":"ایبلین","NAME_HE":"ייבין","NAME_UK":"Ібінь","NAME_UR":"یبین","NAME_ZHT":"宜賓市","GEONAMESID":1786770,"FCLASS_ISO":null,"FCLASS_US":null,"FCLASS_FR":null,"FCLASS_RU":null,"FCLASS_ES":null,"FCLASS_CN":null,"FCLASS_TW":null,"FCLASS_IN":null,"FCLASS_NP":null,"FCLASS_PK":null,"FCLASS_DE":null,"FCLASS_GB":null,"FCLASS_BR":null,"FCLASS_IL":null,"FCLASS_PS":null,"FCLASS_SA":null,"FCLASS_EG":null,"FCLASS_MA":null,"FCLASS_PT":null,"FCLASS_AR":null,"FCLASS_JP":null,"FCLASS_KO":null,"FCLASS_VN":null,"FCLASS_TR":null,"FCLASS_ID":null,"FCLASS_PL":null,"FCLASS_GR":null,"FCLASS_IT":null,"FCLASS_NL":null,"FCLASS_SE":null,"FCLASS_BD":null,"FCLASS_UA":null,"FCLASS_TLC":null},"bbox":[104.568095,28.771933,104.568095,28.771933],"geometry":{"type":"Point","coordinates":[104.568095,28.771933]}},{"type":"Feature","properties":{"SCALERANK":6,"NATSCALE":30,"LABELRANK":1,"FEATURECLA":"Admin-1 capital","NAME":"Zhaotang","NAMEPAR":null,"NAMEALT":"Zhaotong","NAMEASCII":"Zhaotang","ADM0CAP":0,"CAPIN":null,"WORLDCITY":0,"MEGACITY":1,"SOV0NAME":"China","SOV_A3":"CHN","ADM0NAME":"China","ADM0_A3":"CHN","ADM1NAME":"Yunnan","ISO_A2":"CN","NOTE":null,"LATITUDE":27.322331,"LONGITUDE":103.718069,"POP_MAX":809000,"POP_MIN":109400,"POP_OTHER":457068,"RANK_MAX":11,"RANK_MIN":9,"MEGANAME":"Zhaotong","LS_NAME":"Zhaotang","MAX_POP10":473386,"MAX_POP20":473386,"MAX_POP50":0,"MAX_POP300":0,"MAX_POP310":0,"MAX_NATSCA":20,"MIN_AREAKM":372,"MAX_AREAKM":372,"MIN_AREAMI":144,"MAX_AREAMI":144,"MIN_PERKM":443,"MAX_PERKM":443,"MIN_PERMI":276,"MAX_PERMI":276,"MIN_BBXMIN":103.633333,"MAX_BBXMIN":103.633333,"MIN_BBXMAX":104.025,"MAX_BBXMAX":104.025,"MIN_BBYMIN":26.975,"MAX_BBYMIN":26.975,"MIN_BBYMAX":27.508333,"MAX_BBYMAX":27.508333,"MEAN_BBXC":103.802596,"MEAN_BBYC":27.240591,"TIMEZONE":"Asia/Chongqing","UN_FID":152,"POP1950":133,"POP1955":158,"POP1960":188,"POP1965":223,"POP1970":266,"POP1975":316,"POP1980":376,"POP1985":474,"POP1990":620,"POP1995":670,"POP2000":724,"POP2005":783,"POP2010":809,"POP2015":855,"POP2020":948,"POP2025":1038,"POP2050":1113,"MIN_ZOOM":6,"WIKIDATAID":"Q197519","WOF_ID":890513543,"CAPALT":0,"NAME_EN":"Zhaotong","NAME_DE":"Zhaotong","NAME_ES":"Zhaotong","NAME_FR":"Zhaotong","NAME_PT":"Zhaotong","NAME_RU":"Чжаотун","NAME_ZH":"昭通","LABEL":null,"NAME_AR":"تشاوتونغ","NAME_BN":"চাওথুং","NAME_EL":"Τσαοτόνγκ","NAME_HI":"ज़्हाओटोंग","NAME_HU":"Zhaotang","NAME_ID":"Zhaotong","NAME_IT":"Zhaotong","NAME_JA":"昭通市","NAME_KO":"자오퉁시","NAME_NL":"Zhaotong","NAME_PL":"Zhaotong","NAME_SV":"Zhaotong","NAME_TR":"Zhaotong","NAME_VI":"Chiêu Thông","NE_ID":1159147029,"NAME_FA":"ژاوتونگ","NAME_HE":"ג'אוטאנג","NAME_UK":"Чжаотун","NAME_UR":"ژاوتونگ","NAME_ZHT":"昭通市","GEONAMESID":1784841,"FCLASS_ISO":null,"FCLASS_US":null,"FCLASS_FR":null,"FCLASS_RU":null,"FCLASS_ES":null,"FCLASS_CN":null,"FCLASS_TW":null,"FCLASS_IN":null,"FCLASS_NP":null,"FCLASS_PK":null,"FCLASS_DE":null,"FCLASS_GB":null,"FCLASS_BR":null,"FCLASS_IL":null,"FCLASS_PS":null,"FCLASS_SA":null,"FCLASS_EG":null,"FCLASS_MA":null,"FCLASS_PT":null,"FCLASS_AR":null,"FCLASS_JP":null,"FCLASS_KO":null,"FCLASS_VN":null,"FCLASS_TR":null,"FCLASS_ID":null,"FCLASS_PL":null,"FCLASS_GR":null,"FCLASS_IT":null,"FCLASS_NL":null,"FCLASS_SE":null,"FCLASS_BD":null,"FCLASS_UA":null,"FCLASS_TLC":null},"bbox":[103.718069,27.322331,103.718069,27.322331],"geometry":{"type":"Point","coordinates":[103.718069,27.322331]}},{"type":"Feature","properties":{"SCALERANK":6,"NATSCALE":30,"LABELRANK":1,"FEATURECLA":"Populated place","NAME":"Qinhuangdao","NAMEPAR":null,"NAMEALT":null,"NAMEASCII":"Qinhuangdao","ADM0CAP":0,"CAPIN":null,"WORLDCITY":0,"MEGACITY":1,"SOV0NAME":"China","SOV_A3":"CHN","ADM0NAME":"China","ADM0_A3":"CHN","ADM1NAME":"Hebei","ISO_A2":"CN","NOTE":null,"LATITUDE":39.932311,"LONGITUDE":119.618081,"POP_MAX":1003000,"POP_MIN":759718,"POP_OTHER":1169052,"RANK_MAX":12,"RANK_MIN":11,"MEGANAME":"Qinhuangdao","LS_NAME":"Qinhuangdao","MAX_POP10":1820981,"MAX_POP20":1820981,"MAX_POP50":0,"MAX_POP300":0,"MAX_POP310":0,"MAX_NATSCA":20,"MIN_AREAKM":1206,"MAX_AREAKM":1206,"MIN_AREAMI":466,"MAX_AREAMI":466,"MIN_PERKM":1565,"MAX_PERKM":1565,"MIN_PERMI":972,"MAX_PERMI":972,"MIN_BBXMIN":118.879072,"MAX_BBXMIN":118.879072,"MIN_BBXMAX":119.916667,"MAX_BBXMAX":119.916667,"MIN_BBYMIN":39.491667,"MAX_BBYMIN":39.491667,"MIN_BBYMAX":40.091667,"MAX_BBYMAX":40.091667,"MEAN_BBXC":119.290744,"MEAN_BBYC":39.84988,"TIMEZONE":"Asia/Harbin","UN_FID":95,"POP1950":148,"POP1955":173,"POP1960":202,"POP1965":237,"POP1970":277,"POP1975":324,"POP1980":379,"POP1985":444,"POP1990":519,"POP1995":646,"POP2000":805,"POP2005":944,"POP2010":1003,"POP2015":1092,"POP2020":1228,"POP2025":1344,"POP2050":1440,"MIN_ZOOM":6,"WIKIDATAID":"Q58560","WOF_ID":102027225,"CAPALT":0,"NAME_EN":"Qinhuangdao","NAME_DE":"Qinhuangdao","NAME_ES":"Qinhuangdao","NAME_FR":"Qinhuangdao","NAME_PT":"Qinhuangdao","NAME_RU":"Циньхуандао","NAME_ZH":"秦皇岛","LABEL":null,"NAME_AR":"تشنهوانغداو","NAME_BN":"ছিনহুয়াংতাও","NAME_EL":"Κινχουανγκντάο","NAME_HI":"किनहुआंग्डो","NAME_HU":"Csinhuangtao","NAME_ID":"Qinhuangdao","NAME_IT":"Qinhuangdao","NAME_JA":"秦皇島市","NAME_KO":"친황다오시","NAME_NL":"Qinhuangdao","NAME_PL":"Qinhuangdao","NAME_SV":"Qinhuangdao","NAME_TR":"Qinhuangdao","NAME_VI":"Tần Hoàng Đảo","NE_ID":1159147039,"NAME_FA":"کینگهوانگداو","NAME_HE":"צ'ינחואנגדאו","NAME_UK":"Ціньхуандао","NAME_UR":"چینہوانگداو","NAME_ZHT":"秦皇島市","GEONAMESID":1797595,"FCLASS_ISO":null,"FCLASS_US":null,"FCLASS_FR":null,"FCLASS_RU":null,"FCLASS_ES":null,"FCLASS_CN":null,"FCLASS_TW":null,"FCLASS_IN":null,"FCLASS_NP":null,"FCLASS_PK":null,"FCLASS_DE":null,"FCLASS_GB":null,"FCLASS_BR":null,"FCLASS_IL":null,"FCLASS_PS":null,"FCLASS_SA":null,"FCLASS_EG":null,"FCLASS_MA":null,"FCLASS_PT":null,"FCLASS_AR":null,"FCLASS_JP":null,"FCLASS_KO":null,"FCLASS_VN":null,"FCLASS_TR":null,"FCLASS_ID":null,"FCLASS_PL":null,"FCLASS_GR":null,"FCLASS_IT":null,"FCLASS_NL":null,"FCLASS_SE":null,"FCLASS_BD":null,"FCLASS_UA":null,"FCLASS_TLC":null},"bbox":[119.618081,39.932311,119.618081,39.932311],"geometry":{"type":"Point","coordinates":[119.618081,39.932311]}},{"type":"Feature","properties":{"SCALERANK":6,"NATSCALE":30,"LABELRANK":1,"FEATURECLA":"Populated place","NAME":"Langfang","NAMEPAR":null,"NAMEALT":null,"NAMEASCII":"Langfang","ADM0CAP":0,"CAPIN":null,"WORLDCITY":0,"MEGACITY":1,"SOV0NAME":"China","SOV_A3":"CHN","ADM0NAME":"China","ADM0_A3":"CHN","ADM1NAME":"Hebei","ISO_A2":"CN","NOTE":null,"LATITUDE":39.52231,"LONGITUDE":116.678053,"POP_MAX":810000,"POP_MIN":578931,"POP_OTHER":2105357,"RANK_MAX":11,"RANK_MIN":11,"MEGANAME":"Langfang","LS_NAME":"Langfang","MAX_POP10":578931,"MAX_POP20":578931,"MAX_POP50":0,"MAX_POP300":0,"MAX_POP310":0,"MAX_NATSCA":20,"MIN_AREAKM":333,"MAX_AREAKM":333,"MIN_AREAMI":129,"MAX_AREAMI":129,"MIN_PERKM":457,"MAX_PERKM":457,"MIN_PERMI":284,"MAX_PERMI":284,"MIN_BBXMIN":116.499877,"MAX_BBXMIN":116.499877,"MIN_BBXMAX":116.933333,"MAX_BBXMAX":116.933333,"MIN_BBYMIN":39.433333,"MAX_BBYMIN":39.433333,"MIN_BBYMAX":39.708333,"MAX_BBYMAX":39.708333,"MEAN_BBXC":116.701906,"MEAN_BBYC":39.571478,"TIMEZONE":"Asia/Shanghai","UN_FID":70,"POP1950":57,"POP1955":67,"POP1960":80,"POP1965":95,"POP1970":113,"POP1975":135,"POP1980":160,"POP1985":273,"POP1990":591,"POP1995":648,"POP2000":711,"POP2005":780,"POP2010":810,"POP2015":861,"POP2020":957,"POP2025":1048,"POP2050":1124,"MIN_ZOOM":6,"WIKIDATAID":"Q58710","WOF_ID":102027403,"CAPALT":0,"NAME_EN":"Langfang","NAME_DE":"Langfang","NAME_ES":"Langfang","NAME_FR":"Langfang","NAME_PT":"Langfang","NAME_RU":"Ланфан","NAME_ZH":"廊坊","LABEL":null,"NAME_AR":"لانغ فانغ","NAME_BN":"লাংফাং","NAME_EL":"Λάνγκφανγκ","NAME_HI":"लैंगफ़ैंग","NAME_HU":"Langfang","NAME_ID":"Langfang","NAME_IT":"Langfang","NAME_JA":"廊坊市","NAME_KO":"랑팡시","NAME_NL":"Langfang","NAME_PL":"Langfang","NAME_SV":"Langfang","NAME_TR":"Langfang","NAME_VI":"Lang Phường","NE_ID":1159147041,"NAME_FA":"لانگ فنگ","NAME_HE":"לנגפנג","NAME_UK":"Ланфан","NAME_UR":"لانگفانگ","NAME_ZHT":"廊坊市","GEONAMESID":1804540,"FCLASS_ISO":null,"FCLASS_US":null,"FCLASS_FR":null,"FCLASS_RU":null,"FCLASS_ES":null,"FCLASS_CN":null,"FCLASS_TW":null,"FCLASS_IN":null,"FCLASS_NP":null,"FCLASS_PK":null,"FCLASS_DE":null,"FCLASS_GB":null,"FCLASS_BR":null,"FCLASS_IL":null,"FCLASS_PS":null,"FCLASS_SA":null,"FCLASS_EG":null,"FCLASS_MA":null,"FCLASS_PT":null,"FCLASS_AR":null,"FCLASS_JP":null,"FCLASS_KO":null,"FCLASS_VN":null,"FCLASS_TR":null,"FCLASS_ID":null,"FCLASS_PL":null,"FCLASS_GR":null,"FCLASS_IT":null,"FCLASS_NL":null,"FCLASS_SE":null,"FCLASS_BD":null,"FCLASS_UA":null,"FCLASS_TLC":null},"bbox":[116.678053,39.52231,116.678053,39.52231],"geometry":{"type":"Point","coordinates":[116.678053,39.52231]}},{"type":"Feature","properties":{"SCALERANK":6,"NATSCALE":30,"LABELRANK":1,"FEATURECLA":"Populated place","NAME":"Zhangjiakou","NAMEPAR":null,"NAMEALT":null,"NAMEASCII":"Zhangjiakou","ADM0CAP":0,"CAPIN":null,"WORLDCITY":0,"MEGACITY":1,"SOV0NAME":"China","SOV_A3":"CHN","ADM0NAME":"China","ADM0_A3":"CHN","ADM1NAME":"Hebei","ISO_A2":"CN","NOTE":null,"LATITUDE":40.831946,"LONGITUDE":114.928031,"POP_MAX":1046000,"POP_MIN":559641,"POP_OTHER":2866,"RANK_MAX":12,"RANK_MIN":11,"MEGANAME":"Zhangjiakou","LS_NAME":"Zhangjiakou","MAX_POP10":559641,"MAX_POP20":560505,"MAX_POP50":0,"MAX_POP300":0,"MAX_POP310":0,"MAX_NATSCA":20,"MIN_AREAKM":99,"MAX_AREAKM":102,"MIN_AREAMI":38,"MAX_AREAMI":39,"MIN_PERKM":105,"MAX_PERKM":109,"MIN_PERMI":65,"MAX_PERMI":68,"MIN_BBXMIN":114.791667,"MAX_BBXMIN":114.791667,"MIN_BBXMAX":114.988247,"MAX_BBXMAX":115,"MIN_BBYMIN":40.7,"MAX_BBYMIN":40.704685,"MIN_BBYMAX":40.875,"MAX_BBYMAX":40.875,"MEAN_BBXC":114.887083,"MEAN_BBYC":40.782158,"TIMEZONE":"Asia/Harbin","UN_FID":150,"POP1950":304,"POP1955":339,"POP1960":377,"POP1965":420,"POP1970":468,"POP1975":521,"POP1980":580,"POP1985":646,"POP1990":720,"POP1995":803,"POP2000":897,"POP2005":1001,"POP2010":1046,"POP2015":1120,"POP2020":1247,"POP2025":1364,"POP2050":1461,"MIN_ZOOM":6,"WIKIDATAID":"Q58650","WOF_ID":102027847,"CAPALT":0,"NAME_EN":"Zhangjiakou","NAME_DE":"Zhangjiakou","NAME_ES":"Zhangjiakou","NAME_FR":"Zhangjiakou","NAME_PT":"Zhangjiakou","NAME_RU":"Чжанцзякоу","NAME_ZH":"张家口","LABEL":null,"NAME_AR":"تشانغجياكو","NAME_BN":"চাংচিয়াখৌ","NAME_EL":"Τσανγκζιακού","NAME_HI":"जांजीकू","NAME_HU":"Zhangjiakou","NAME_ID":"Zhangjiakou","NAME_IT":"Zhangjiakou","NAME_JA":"張家口市","NAME_KO":"장자커우시","NAME_NL":"Zhangjiakou","NAME_PL":"Zhangjiakou","NAME_SV":"Zhangjiakou","NAME_TR":"Zhangjiakou","NAME_VI":"Trương Gia Khẩu","NE_ID":1159147043,"NAME_FA":"جانگجیاکو","NAME_HE":"ג'אנגג'יאקו","NAME_UK":"Чжанцзякоу","NAME_UR":"ژانگجیاکوو","NAME_ZHT":"張家口市","GEONAMESID":2033196,"FCLASS_ISO":null,"FCLASS_US":null,"FCLASS_FR":null,"FCLASS_RU":null,"FCLASS_ES":null,"FCLASS_CN":null,"FCLASS_TW":null,"FCLASS_IN":null,"FCLASS_NP":null,"FCLASS_PK":null,"FCLASS_DE":null,"FCLASS_GB":null,"FCLASS_BR":null,"FCLASS_IL":null,"FCLASS_PS":null,"FCLASS_SA":null,"FCLASS_EG":null,"FCLASS_MA":null,"FCLASS_PT":null,"FCLASS_AR":null,"FCLASS_JP":null,"FCLASS_KO":null,"FCLASS_VN":null,"FCLASS_TR":null,"FCLASS_ID":null,"FCLASS_PL":null,"FCLASS_GR":null,"FCLASS_IT":null,"FCLASS_NL":null,"FCLASS_SE":null,"FCLASS_BD":null,"FCLASS_UA":null,"FCLASS_TLC":null},"bbox":[114.852027,40.805255,114.852027,40.805255],"geometry":{"type":"Point","coordinates":[114.852027,40.805255]}},{"type":"Feature","properties":{"SCALERANK":6,"NATSCALE":30,"LABELRANK":1,"FEATURECLA":"Populated place","NAME":"Tangshan","NAMEPAR":null,"NAMEALT":"Tangshan, Hebei","NAMEASCII":"Tangshan","ADM0CAP":0,"CAPIN":null,"WORLDCITY":0,"MEGACITY":1,"SOV0NAME":"China","SOV_A3":"CHN","ADM0NAME":"China","ADM0_A3":"CHN","ADM1NAME":"Hebei","ISO_A2":"CN","NOTE":null,"LATITUDE":39.626283,"LONGITUDE":118.192431,"POP_MAX":1879000,"POP_MIN":1596949,"POP_OTHER":2730051,"RANK_MAX":12,"RANK_MIN":12,"MEGANAME":"Tangshan, Hebei","LS_NAME":"Tangshan","MAX_POP10":4804530,"MAX_POP20":4984850,"MAX_POP50":0,"MAX_POP300":0,"MAX_POP310":0,"MAX_NATSCA":20,"MIN_AREAKM":3111,"MAX_AREAKM":3252,"MIN_AREAMI":1201,"MAX_AREAMI":1256,"MIN_PERKM":3416,"MAX_PERKM":3605,"MIN_PERMI":2123,"MAX_PERMI":2240,"MIN_BBXMIN":117.403674,"MAX_BBXMIN":117.479437,"MIN_BBXMAX":119.004131,"MAX_BBXMAX":119.004131,"MIN_BBYMIN":39.25,"MAX_BBYMIN":39.258333,"MIN_BBYMAX":40.233333,"MAX_BBYMAX":40.233333,"MEAN_BBXC":118.384245,"MEAN_BBYC":39.725076,"TIMEZONE":"Asia/Harbin","UN_FID":113,"POP1950":640,"POP1955":731,"POP1960":835,"POP1965":948,"POP1970":1049,"POP1975":1161,"POP1980":1285,"POP1985":1391,"POP1990":1485,"POP1995":1590,"POP2000":1703,"POP2005":1825,"POP2010":1879,"POP2015":1977,"POP2020":2175,"POP2025":2367,"POP2050":2526,"MIN_ZOOM":6,"WIKIDATAID":"Q58422","WOF_ID":102027111,"CAPALT":0,"NAME_EN":"Tangshan","NAME_DE":"Tangshan","NAME_ES":"Tangshan","NAME_FR":"Tangshan","NAME_PT":"Tangshan","NAME_RU":"Таншань","NAME_ZH":"唐山","LABEL":null,"NAME_AR":"تانغشان","NAME_BN":"থাংশান","NAME_EL":"Τανγκσάν","NAME_HI":"तांगशान","NAME_HU":"Tangsan","NAME_ID":"Tangshan","NAME_IT":"Tangshan","NAME_JA":"唐山市","NAME_KO":"탕산시","NAME_NL":"Tangshan","NAME_PL":"Tangshan","NAME_SV":"Tangshan","NAME_TR":"Tangshan","NAME_VI":"Đường Sơn","NE_ID":1159147045,"NAME_FA":"تانگشان","NAME_HE":"טאנגשאן","NAME_UK":"Таншань","NAME_UR":"تانگشان","NAME_ZHT":"唐山市","GEONAMESID":1793346,"FCLASS_ISO":null,"FCLASS_US":null,"FCLASS_FR":null,"FCLASS_RU":null,"FCLASS_ES":null,"FCLASS_CN":null,"FCLASS_TW":null,"FCLASS_IN":null,"FCLASS_NP":null,"FCLASS_PK":null,"FCLASS_DE":null,"FCLASS_GB":null,"FCLASS_BR":null,"FCLASS_IL":null,"FCLASS_PS":null,"FCLASS_SA":null,"FCLASS_EG":null,"FCLASS_MA":null,"FCLASS_PT":null,"FCLASS_AR":null,"FCLASS_JP":null,"FCLASS_KO":null,"FCLASS_VN":null,"FCLASS_TR":null,"FCLASS_ID":null,"FCLASS_PL":null,"FCLASS_GR":null,"FCLASS_IT":null,"FCLASS_NL":null,"FCLASS_SE":null,"FCLASS_BD":null,"FCLASS_UA":null,"FCLASS_TLC":null},"bbox":[118.192431,39.626283,118.192431,39.626283],"geometry":{"type":"Point","coordinates":[118.192431,39.626283]}},{"type":"Feature","properties":{"SCALERANK":6,"NATSCALE":30,"LABELRANK":1,"FEATURECLA":"Populated place","NAME":"Anyang","NAMEPAR":null,"NAMEALT":null,"NAMEASCII":"Anyang","ADM0CAP":0,"CAPIN":null,"WORLDCITY":0,"MEGACITY":1,"SOV0NAME":"China","SOV_A3":"CHN","ADM0NAME":"China","ADM0_A3":"CHN","ADM1NAME":"Henan","ISO_A2":"CN","NOTE":null,"LATITUDE":36.081926,"LONGITUDE":114.348066,"POP_MAX":887000,"POP_MIN":781129,"POP_OTHER":2159473,"RANK_MAX":11,"RANK_MIN":11,"MEGANAME":"Anyang","LS_NAME":"Anyang","MAX_POP10":2463971,"MAX_POP20":0,"MAX_POP50":0,"MAX_POP300":0,"MAX_POP310":0,"MAX_NATSCA":10,"MIN_AREAKM":1752,"MAX_AREAKM":1752,"MIN_AREAMI":676,"MAX_AREAMI":676,"MIN_PERKM":1664,"MAX_PERKM":1664,"MIN_PERMI":1034,"MAX_PERMI":1034,"MIN_BBXMIN":114.041667,"MAX_BBXMIN":114.041667,"MIN_BBXMAX":114.860539,"MAX_BBXMAX":114.860539,"MIN_BBYMIN":35.75,"MAX_BBYMIN":35.75,"MIN_BBYMAX":36.405371,"MAX_BBYMAX":36.405371,"MEAN_BBXC":114.457335,"MEAN_BBYC":36.121348,"TIMEZONE":"Asia/Shanghai","UN_FID":21,"POP1950":108,"POP1955":138,"POP1960":175,"POP1965":223,"POP1970":283,"POP1975":360,"POP1980":458,"POP1985":544,"POP1990":617,"POP1995":686,"POP2000":763,"POP2005":849,"POP2010":887,"POP2015":948,"POP2020":1056,"POP2025":1156,"POP2050":1240,"MIN_ZOOM":6,"WIKIDATAID":"Q324293","WOF_ID":102027815,"CAPALT":0,"NAME_EN":"Anyang","NAME_DE":"Anyang","NAME_ES":"Anyang","NAME_FR":"Anyang","NAME_PT":"Anyang","NAME_RU":"Аньян","NAME_ZH":"安阳","LABEL":null,"NAME_AR":"انيانغ","NAME_BN":"আনইয়াং","NAME_EL":"Ανγιάνγκ","NAME_HI":"अंयांग","NAME_HU":"Anyang","NAME_ID":"Anyang","NAME_IT":"Anyang","NAME_JA":"安陽市","NAME_KO":"안양시","NAME_NL":"Anyang","NAME_PL":"Anyang","NAME_SV":"Anyang","NAME_TR":"Anyang","NAME_VI":"An Dương","NE_ID":1159147047,"NAME_FA":"آنیانگ","NAME_HE":"אניאנג","NAME_UK":"Аньян","NAME_UR":"آنیانگ","NAME_ZHT":"安陽市","GEONAMESID":1785294,"FCLASS_ISO":null,"FCLASS_US":null,"FCLASS_FR":null,"FCLASS_RU":null,"FCLASS_ES":null,"FCLASS_CN":null,"FCLASS_TW":null,"FCLASS_IN":null,"FCLASS_NP":null,"FCLASS_PK":null,"FCLASS_DE":null,"FCLASS_GB":null,"FCLASS_BR":null,"FCLASS_IL":null,"FCLASS_PS":null,"FCLASS_SA":null,"FCLASS_EG":null,"FCLASS_MA":null,"FCLASS_PT":null,"FCLASS_AR":null,"FCLASS_JP":null,"FCLASS_KO":null,"FCLASS_VN":null,"FCLASS_TR":null,"FCLASS_ID":null,"FCLASS_PL":null,"FCLASS_GR":null,"FCLASS_IT":null,"FCLASS_NL":null,"FCLASS_SE":null,"FCLASS_BD":null,"FCLASS_UA":null,"FCLASS_TLC":null},"bbox":[114.348066,36.081926,114.348066,36.081926],"geometry":{"type":"Point","coordinates":[114.348066,36.081926]}},{"type":"Feature","properties":{"SCALERANK":6,"NATSCALE":30,"LABELRANK":1,"FEATURECLA":"Populated place","NAME":"Jiaozuo","NAMEPAR":null,"NAMEALT":null,"NAMEASCII":"Jiaozuo","ADM0CAP":0,"CAPIN":null,"WORLDCITY":0,"MEGACITY":1,"SOV0NAME":"China","SOV_A3":"CHN","ADM0NAME":"China","ADM0_A3":"CHN","ADM1NAME":"Henan","ISO_A2":"CN","NOTE":null,"LATITUDE":35.251951,"LONGITUDE":113.218058,"POP_MAX":857000,"POP_MIN":517540,"POP_OTHER":2933577,"RANK_MAX":11,"RANK_MIN":11,"MEGANAME":"Jiaozuo","LS_NAME":"Jiaozuo","MAX_POP10":2731734,"MAX_POP20":0,"MAX_POP50":0,"MAX_POP300":0,"MAX_POP310":0,"MAX_NATSCA":10,"MIN_AREAKM":1805,"MAX_AREAKM":1805,"MIN_AREAMI":697,"MAX_AREAMI":697,"MIN_PERKM":1082,"MAX_PERKM":1082,"MIN_PERMI":672,"MAX_PERMI":672,"MIN_BBXMIN":112.800607,"MAX_BBXMIN":112.800607,"MIN_BBXMAX":113.562226,"MAX_BBXMAX":113.562226,"MIN_BBYMIN":34.883333,"MAX_BBYMIN":34.883333,"MIN_BBYMAX":35.441667,"MAX_BBYMAX":35.441667,"MEAN_BBXC":113.178584,"MEAN_BBYC":35.113524,"TIMEZONE":"Asia/Shanghai","UN_FID":59,"POP1950":206,"POP1955":236,"POP1960":270,"POP1965":309,"POP1970":353,"POP1975":404,"POP1980":462,"POP1985":529,"POP1990":605,"POP1995":670,"POP2000":742,"POP2005":822,"POP2010":857,"POP2015":915,"POP2020":1019,"POP2025":1115,"POP2050":1196,"MIN_ZOOM":6,"WIKIDATAID":"Q404429","WOF_ID":102027473,"CAPALT":0,"NAME_EN":"Jiaozuo","NAME_DE":"Jiaozuo","NAME_ES":"Jiaozuo","NAME_FR":"Jiaozuo","NAME_PT":"Jiaozuo","NAME_RU":"Цзяоцзо","NAME_ZH":"焦作","LABEL":null,"NAME_AR":"جياوتسو","NAME_BN":"চিয়াওসুও","NAME_EL":"Τζιαόζουο","NAME_HI":"जियाओजुओ","NAME_HU":"Csiaoco","NAME_ID":"Jiaozuo","NAME_IT":"Jiaozuo","NAME_JA":"焦作市","NAME_KO":"자오쭤시","NAME_NL":"Jiaozuo","NAME_PL":"Jiaozuo","NAME_SV":"Jiaozuo","NAME_TR":"Jiaozuo","NAME_VI":"Tiêu Tác","NE_ID":1159147049,"NAME_FA":"ژیاوزو","NAME_HE":"ג'יאוזו","NAME_UK":"Цзяоцзо","NAME_UR":"جیاوزوو","NAME_ZHT":"焦作市","GEONAMESID":1805987,"FCLASS_ISO":null,"FCLASS_US":null,"FCLASS_FR":null,"FCLASS_RU":null,"FCLASS_ES":null,"FCLASS_CN":null,"FCLASS_TW":null,"FCLASS_IN":null,"FCLASS_NP":null,"FCLASS_PK":null,"FCLASS_DE":null,"FCLASS_GB":null,"FCLASS_BR":null,"FCLASS_IL":null,"FCLASS_PS":null,"FCLASS_SA":null,"FCLASS_EG":null,"FCLASS_MA":null,"FCLASS_PT":null,"FCLASS_AR":null,"FCLASS_JP":null,"FCLASS_KO":null,"FCLASS_VN":null,"FCLASS_TR":null,"FCLASS_ID":null,"FCLASS_PL":null,"FCLASS_GR":null,"FCLASS_IT":null,"FCLASS_NL":null,"FCLASS_SE":null,"FCLASS_BD":null,"FCLASS_UA":null,"FCLASS_TLC":null},"bbox":[113.259553,35.200691,113.259553,35.200691],"geometry":{"type":"Point","coordinates":[113.259553,35.200691]}},{"type":"Feature","properties":{"SCALERANK":6,"NATSCALE":30,"LABELRANK":1,"FEATURECLA":"Populated place","NAME":"Kaifeng","NAMEPAR":null,"NAMEALT":null,"NAMEASCII":"Kaifeng","ADM0CAP":0,"CAPIN":null,"WORLDCITY":0,"MEGACITY":1,"SOV0NAME":"China","SOV_A3":"CHN","ADM0NAME":"China","ADM0_A3":"CHN","ADM1NAME":"Henan","ISO_A2":"CN","NOTE":null,"LATITUDE":34.851949,"LONGITUDE":114.348066,"POP_MAX":872000,"POP_MIN":872000,"POP_OTHER":5532112,"RANK_MAX":11,"RANK_MIN":11,"MEGANAME":"Kaifeng","LS_NAME":"Kaifeng","MAX_POP10":4056651,"MAX_POP20":0,"MAX_POP50":0,"MAX_POP300":0,"MAX_POP310":0,"MAX_NATSCA":10,"MIN_AREAKM":4433,"MAX_AREAKM":4433,"MIN_AREAMI":1712,"MAX_AREAMI":1712,"MIN_PERKM":2128,"MAX_PERKM":2128,"MIN_PERMI":1322,"MAX_PERMI":1322,"MIN_BBXMIN":114.008333,"MAX_BBXMIN":114.008333,"MIN_BBXMAX":115.016374,"MAX_BBXMAX":115.016374,"MIN_BBYMIN":34.223171,"MAX_BBYMIN":34.223171,"MIN_BBYMAX":35,"MAX_BBYMAX":35,"MEAN_BBXC":114.572444,"MEAN_BBYC":34.595949,"TIMEZONE":"Asia/Shanghai","UN_FID":67,"POP1950":349,"POP1955":380,"POP1960":414,"POP1965":451,"POP1970":492,"POP1975":536,"POP1980":584,"POP1985":636,"POP1990":693,"POP1995":741,"POP2000":793,"POP2005":848,"POP2010":872,"POP2015":918,"POP2020":1014,"POP2025":1110,"POP2050":1191,"MIN_ZOOM":6,"WIKIDATAID":"Q208471","WOF_ID":102027425,"CAPALT":0,"NAME_EN":"Kaifeng","NAME_DE":"Kaifeng","NAME_ES":"Kaifeng","NAME_FR":"Kaifeng","NAME_PT":"Kaifeng","NAME_RU":"Кайфэн","NAME_ZH":"开封","LABEL":null,"NAME_AR":"كايفنغ","NAME_BN":"খাইফেং","NAME_EL":"Κάιφενγκ","NAME_HI":"कैफेंग","NAME_HU":"Kajfeng","NAME_ID":"Kaifeng","NAME_IT":"Kaifeng","NAME_JA":"開封市","NAME_KO":"카이펑시","NAME_NL":"Kaifeng","NAME_PL":"Kaifeng","NAME_SV":"Kaifeng","NAME_TR":"Kaifeng","NAME_VI":"Khai Phong","NE_ID":1159147051,"NAME_FA":"کایفنگ","NAME_HE":"קאיפנג","NAME_UK":"Кайфен","NAME_UR":"کائفینگ","NAME_ZHT":"開封市","GEONAMESID":1804879,"FCLASS_ISO":null,"FCLASS_US":null,"FCLASS_FR":null,"FCLASS_RU":null,"FCLASS_ES":null,"FCLASS_CN":null,"FCLASS_TW":null,"FCLASS_IN":null,"FCLASS_NP":null,"FCLASS_PK":null,"FCLASS_DE":null,"FCLASS_GB":null,"FCLASS_BR":null,"FCLASS_IL":null,"FCLASS_PS":null,"FCLASS_SA":null,"FCLASS_EG":null,"FCLASS_MA":null,"FCLASS_PT":null,"FCLASS_AR":null,"FCLASS_JP":null,"FCLASS_KO":null,"FCLASS_VN":null,"FCLASS_TR":null,"FCLASS_ID":null,"FCLASS_PL":null,"FCLASS_GR":null,"FCLASS_IT":null,"FCLASS_NL":null,"FCLASS_SE":null,"FCLASS_BD":null,"FCLASS_UA":null,"FCLASS_TLC":null},"bbox":[114.354819,34.793814,114.354819,34.793814],"geometry":{"type":"Point","coordinates":[114.354819,34.793814]}},{"type":"Feature","properties":{"SCALERANK":6,"NATSCALE":30,"LABELRANK":1,"FEATURECLA":"Populated place","NAME":"Shangqiu","NAMEPAR":null,"NAMEALT":null,"NAMEASCII":"Shangqiu","ADM0CAP":0,"CAPIN":null,"WORLDCITY":0,"MEGACITY":1,"SOV0NAME":"China","SOV_A3":"CHN","ADM0NAME":"China","ADM0_A3":"CHN","ADM1NAME":"Henan","ISO_A2":"CN","NOTE":null,"LATITUDE":34.452361,"LONGITUDE":115.64809,"POP_MAX":1753000,"POP_MIN":181218,"POP_OTHER":7424379,"RANK_MAX":12,"RANK_MIN":9,"MEGANAME":"Shangqiu","LS_NAME":"Shangqiu","MAX_POP10":7689304,"MAX_POP20":8125913,"MAX_POP50":0,"MAX_POP300":0,"MAX_POP310":0,"MAX_NATSCA":20,"MIN_AREAKM":8372,"MAX_AREAKM":8920,"MIN_AREAMI":3232,"MAX_AREAMI":3444,"MIN_PERKM":4002,"MAX_PERKM":4171,"MIN_PERMI":2486,"MAX_PERMI":2591,"MIN_BBXMIN":114.676863,"MAX_BBXMIN":114.90303,"MIN_BBXMAX":116.198979,"MAX_BBXMAX":116.198979,"MIN_BBYMIN":33.739575,"MAX_BBYMIN":33.739575,"MIN_BBYMAX":34.870049,"MAX_BBYMAX":34.870049,"MEAN_BBXC":115.52072,"MEAN_BBYC":34.305077,"TIMEZONE":"Asia/Shanghai","UN_FID":99,"POP1950":58,"POP1955":69,"POP1960":83,"POP1965":100,"POP1970":119,"POP1975":143,"POP1980":171,"POP1985":204,"POP1990":245,"POP1995":574,"POP2000":1349,"POP2005":1650,"POP2010":1753,"POP2015":1907,"POP2020":2138,"POP2025":2331,"POP2050":2487,"MIN_ZOOM":6,"WIKIDATAID":"Q404817","WOF_ID":890512923,"CAPALT":0,"NAME_EN":"Shangqiu","NAME_DE":"Shangqiu","NAME_ES":"Shangqiu","NAME_FR":"Shangqiu","NAME_PT":"Shangqiu","NAME_RU":"Шанцю","NAME_ZH":"商丘","LABEL":null,"NAME_AR":"شانغكيو","NAME_BN":"শাংছিউ","NAME_EL":"Σάνγκιου","NAME_HI":"शांग्की","NAME_HU":"Sangcsiu","NAME_ID":"Shangqiu","NAME_IT":"Shangqiu","NAME_JA":"商丘市","NAME_KO":"상추시","NAME_NL":"Shangqiu","NAME_PL":"Shangqiu","NAME_SV":"Shangqiu","NAME_TR":"Shangqiu","NAME_VI":"Thương Khâu","NE_ID":1159147055,"NAME_FA":"شانگکیو","NAME_HE":"שאנגקיו","NAME_UK":"Шанцю","NAME_UR":"شانگچیو","NAME_ZHT":"商丘市","GEONAMESID":1783934,"FCLASS_ISO":null,"FCLASS_US":null,"FCLASS_FR":null,"FCLASS_RU":null,"FCLASS_ES":null,"FCLASS_CN":null,"FCLASS_TW":null,"FCLASS_IN":null,"FCLASS_NP":null,"FCLASS_PK":null,"FCLASS_DE":null,"FCLASS_GB":null,"FCLASS_BR":null,"FCLASS_IL":null,"FCLASS_PS":null,"FCLASS_SA":null,"FCLASS_EG":null,"FCLASS_MA":null,"FCLASS_PT":null,"FCLASS_AR":null,"FCLASS_JP":null,"FCLASS_KO":null,"FCLASS_VN":null,"FCLASS_TR":null,"FCLASS_ID":null,"FCLASS_PL":null,"FCLASS_GR":null,"FCLASS_IT":null,"FCLASS_NL":null,"FCLASS_SE":null,"FCLASS_BD":null,"FCLASS_UA":null,"FCLASS_TLC":null},"bbox":[115.64961,34.412942,115.64961,34.412942],"geometry":{"type":"Point","coordinates":[115.64961,34.412942]}},{"type":"Feature","properties":{"SCALERANK":6,"NATSCALE":30,"LABELRANK":1,"FEATURECLA":"Populated place","NAME":"Pingdingshan","NAMEPAR":null,"NAMEALT":"Pingdingshan, Henan","NAMEASCII":"Pingdingshan","ADM0CAP":0,"CAPIN":null,"WORLDCITY":0,"MEGACITY":1,"SOV0NAME":"China","SOV_A3":"CHN","ADM0NAME":"China","ADM0_A3":"CHN","ADM1NAME":"Henan","ISO_A2":"CN","NOTE":null,"LATITUDE":33.732353,"LONGITUDE":113.298053,"POP_MAX":849000,"POP_MIN":849000,"POP_OTHER":4658459,"RANK_MAX":11,"RANK_MIN":11,"MEGANAME":"Pingdingshan, Henan","LS_NAME":"Pingdingshan","MAX_POP10":5019366,"MAX_POP20":5707299,"MAX_POP50":0,"MAX_POP300":0,"MAX_POP310":0,"MAX_NATSCA":20,"MIN_AREAKM":4296,"MAX_AREAKM":5072,"MIN_AREAMI":1659,"MAX_AREAMI":1958,"MIN_PERKM":3616,"MAX_PERKM":4386,"MIN_PERMI":2247,"MAX_PERMI":2726,"MIN_BBXMIN":112.6,"MAX_BBXMIN":112.6,"MIN_BBXMAX":113.657669,"MAX_BBXMAX":113.929805,"MIN_BBYMIN":32.933333,"MAX_BBYMIN":32.933333,"MIN_BBYMAX":34.319402,"MAX_BBYMAX":34.319402,"MEAN_BBXC":113.274176,"MEAN_BBYC":33.718438,"TIMEZONE":"Asia/Chongqing","UN_FID":92,"POP1950":157,"POP1955":186,"POP1960":222,"POP1965":264,"POP1970":314,"POP1975":373,"POP1980":444,"POP1985":628,"POP1990":997,"POP1995":949,"POP2000":904,"POP2005":861,"POP2010":849,"POP2015":854,"POP2020":921,"POP2025":1006,"POP2050":1080,"MIN_ZOOM":6,"WIKIDATAID":"Q404116","WOF_ID":102027261,"CAPALT":0,"NAME_EN":"Pingdingshan","NAME_DE":"Pingdingshan","NAME_ES":"Pingdingshan","NAME_FR":"Pingdingshan","NAME_PT":"Pingdingshan","NAME_RU":"Пиндиншань","NAME_ZH":"平顶山","LABEL":null,"NAME_AR":"بينغدينغشان","NAME_BN":"ফিংতিংশান","NAME_EL":"Πίνγκντινγκσαν","NAME_HI":"पिंगदिंगशान","NAME_HU":"Pingdingshan","NAME_ID":"Pingdingshan","NAME_IT":"Pingdingshan","NAME_JA":"平頂山市","NAME_KO":"핑딩산시","NAME_NL":"Pingdingshan","NAME_PL":"Pingdingshan","NAME_SV":"Pingdingshan","NAME_TR":"Pingdingshan","NAME_VI":"Bình Đỉnh Sơn","NE_ID":1159147057,"NAME_FA":"پینگدینگشان","NAME_HE":"פינגדינגשאן","NAME_UK":"Піндіншань","NAME_UR":"پنگڈنگشان","NAME_ZHT":"平頂山市","GEONAMESID":1798827,"FCLASS_ISO":null,"FCLASS_US":null,"FCLASS_FR":null,"FCLASS_RU":null,"FCLASS_ES":null,"FCLASS_CN":null,"FCLASS_TW":null,"FCLASS_IN":null,"FCLASS_NP":null,"FCLASS_PK":null,"FCLASS_DE":null,"FCLASS_GB":null,"FCLASS_BR":null,"FCLASS_IL":null,"FCLASS_PS":null,"FCLASS_SA":null,"FCLASS_EG":null,"FCLASS_MA":null,"FCLASS_PT":null,"FCLASS_AR":null,"FCLASS_JP":null,"FCLASS_KO":null,"FCLASS_VN":null,"FCLASS_TR":null,"FCLASS_ID":null,"FCLASS_PL":null,"FCLASS_GR":null,"FCLASS_IT":null,"FCLASS_NL":null,"FCLASS_SE":null,"FCLASS_BD":null,"FCLASS_UA":null,"FCLASS_TLC":null},"bbox":[113.298053,33.732353,113.298053,33.732353],"geometry":{"type":"Point","coordinates":[113.298053,33.732353]}},{"type":"Feature","properties":{"SCALERANK":6,"NATSCALE":30,"LABELRANK":1,"FEATURECLA":"Populated place","NAME":"Xinyang","NAMEPAR":null,"NAMEALT":null,"NAMEASCII":"Xinyang","ADM0CAP":0,"CAPIN":null,"WORLDCITY":0,"MEGACITY":1,"SOV0NAME":"China","SOV_A3":"CHN","ADM0NAME":"China","ADM0_A3":"CHN","ADM1NAME":"Henan","ISO_A2":"CN","NOTE":null,"LATITUDE":32.132322,"LONGITUDE":114.068032,"POP_MAX":1541000,"POP_MIN":1282888,"POP_OTHER":2005459,"RANK_MAX":12,"RANK_MIN":12,"MEGANAME":"Xinyang","LS_NAME":"Xinyang","MAX_POP10":1282888,"MAX_POP20":1282888,"MAX_POP50":0,"MAX_POP300":0,"MAX_POP310":0,"MAX_NATSCA":20,"MIN_AREAKM":965,"MAX_AREAKM":965,"MIN_AREAMI":373,"MAX_AREAMI":373,"MIN_PERKM":1434,"MAX_PERKM":1434,"MIN_PERMI":891,"MAX_PERMI":891,"MIN_BBXMIN":113.991667,"MAX_BBXMIN":113.991667,"MIN_BBXMAX":115.064536,"MAX_BBXMAX":115.064536,"MIN_BBYMIN":31.883333,"MAX_BBYMIN":31.883333,"MIN_BBYMAX":32.558333,"MAX_BBYMAX":32.558333,"MEAN_BBXC":114.591027,"MEAN_BBYC":32.198998,"TIMEZONE":"Asia/Shanghai","UN_FID":132,"POP1950":94,"POP1955":107,"POP1960":122,"POP1965":140,"POP1970":160,"POP1975":183,"POP1980":209,"POP1985":239,"POP1990":273,"POP1995":571,"POP2000":1195,"POP2005":1450,"POP2010":1541,"POP2015":1677,"POP2020":1881,"POP2025":2052,"POP2050":2192,"MIN_ZOOM":6,"WIKIDATAID":"Q404873","WOF_ID":890512341,"CAPALT":0,"NAME_EN":"Xinyang","NAME_DE":"Xinyang","NAME_ES":"Xinyang","NAME_FR":"Xinyang","NAME_PT":"Xinyang","NAME_RU":"Синьян","NAME_ZH":"信阳","LABEL":null,"NAME_AR":"شينيانج","NAME_BN":"শিনইয়াং","NAME_EL":"Ξίνγιανγκ","NAME_HI":"सिनयांग","NAME_HU":"Hszinjang","NAME_ID":"Xinyang","NAME_IT":"Xinyang","NAME_JA":"信陽市","NAME_KO":"신양시","NAME_NL":"Xinyang","NAME_PL":"Xinyang","NAME_SV":"Xinyang","NAME_TR":"Xinyang","NAME_VI":"Tín Dương","NE_ID":1159147059,"NAME_FA":"شینیانگ","NAME_HE":"קסיניאנג","NAME_UK":"Сіньян","NAME_UR":"شنیانگ","NAME_ZHT":"信陽市","GEONAMESID":1788534,"FCLASS_ISO":null,"FCLASS_US":null,"FCLASS_FR":null,"FCLASS_RU":null,"FCLASS_ES":null,"FCLASS_CN":null,"FCLASS_TW":null,"FCLASS_IN":null,"FCLASS_NP":null,"FCLASS_PK":null,"FCLASS_DE":null,"FCLASS_GB":null,"FCLASS_BR":null,"FCLASS_IL":null,"FCLASS_PS":null,"FCLASS_SA":null,"FCLASS_EG":null,"FCLASS_MA":null,"FCLASS_PT":null,"FCLASS_AR":null,"FCLASS_JP":null,"FCLASS_KO":null,"FCLASS_VN":null,"FCLASS_TR":null,"FCLASS_ID":null,"FCLASS_PL":null,"FCLASS_GR":null,"FCLASS_IT":null,"FCLASS_NL":null,"FCLASS_SE":null,"FCLASS_BD":null,"FCLASS_UA":null,"FCLASS_TLC":null},"bbox":[114.068032,32.132322,114.068032,32.132322],"geometry":{"type":"Point","coordinates":[114.068032,32.132322]}},{"type":"Feature","properties":{"SCALERANK":6,"NATSCALE":30,"LABELRANK":1,"FEATURECLA":"Populated place","NAME":"Xinxiang","NAMEPAR":null,"NAMEALT":null,"NAMEASCII":"Xinxiang","ADM0CAP":0,"CAPIN":null,"WORLDCITY":0,"MEGACITY":1,"SOV0NAME":"China","SOV_A3":"CHN","ADM0NAME":"China","ADM0_A3":"CHN","ADM1NAME":"Henan","ISO_A2":"CN","NOTE":null,"LATITUDE":35.322386,"LONGITUDE":113.868044,"POP_MAX":903000,"POP_MIN":743601,"POP_OTHER":2785063,"RANK_MAX":11,"RANK_MIN":11,"MEGANAME":"Xinxiang","LS_NAME":"Xinxiang","MAX_POP10":2655835,"MAX_POP20":3056064,"MAX_POP50":0,"MAX_POP300":0,"MAX_POP310":0,"MAX_NATSCA":20,"MIN_AREAKM":1669,"MAX_AREAKM":1984,"MIN_AREAMI":645,"MAX_AREAMI":766,"MIN_PERKM":1557,"MAX_PERKM":1953,"MIN_PERMI":967,"MAX_PERMI":1214,"MIN_BBXMIN":113.31796,"MAX_BBXMIN":113.54068,"MIN_BBXMAX":114.316667,"MAX_BBXMAX":114.316667,"MIN_BBYMIN":35.058333,"MAX_BBYMIN":35.058333,"MIN_BBYMAX":35.591667,"MAX_BBYMAX":35.591667,"MEAN_BBXC":113.827485,"MEAN_BBYC":35.332232,"TIMEZONE":"Asia/Shanghai","UN_FID":131,"POP1950":240,"POP1955":270,"POP1960":304,"POP1965":342,"POP1970":384,"POP1975":432,"POP1980":485,"POP1985":546,"POP1990":613,"POP1995":687,"POP2000":770,"POP2005":863,"POP2010":903,"POP2015":968,"POP2020":1080,"POP2025":1182,"POP2050":1268,"MIN_ZOOM":6,"WIKIDATAID":"Q404362","WOF_ID":102026993,"CAPALT":0,"NAME_EN":"Xinxiang","NAME_DE":"Xinxiang","NAME_ES":"Xinxiang","NAME_FR":"Xinxiang","NAME_PT":"Xinxiang","NAME_RU":"Синьсян","NAME_ZH":"新乡","LABEL":null,"NAME_AR":"شينشيانغ","NAME_BN":"শিনশিয়াং","NAME_EL":"Σιντσιάνγκ","NAME_HI":"सिंसिआंग","NAME_HU":"Xinxiang","NAME_ID":"Xinxiang","NAME_IT":"Xinxiang","NAME_JA":"新郷市","NAME_KO":"신샹시","NAME_NL":"Xinxiang","NAME_PL":"Xinxiang","NAME_SV":"Xinxiang","NAME_TR":"Xinxiang","NAME_VI":"Tân Hương","NE_ID":1159147061,"NAME_FA":"شینشیانگ","NAME_HE":"קסינקסיאנג","NAME_UK":"Сіньсян","NAME_UR":"شنشیانگ","NAME_ZHT":"新鄉市","GEONAMESID":1788572,"FCLASS_ISO":null,"FCLASS_US":null,"FCLASS_FR":null,"FCLASS_RU":null,"FCLASS_ES":null,"FCLASS_CN":null,"FCLASS_TW":null,"FCLASS_IN":null,"FCLASS_NP":null,"FCLASS_PK":null,"FCLASS_DE":null,"FCLASS_GB":null,"FCLASS_BR":null,"FCLASS_IL":null,"FCLASS_PS":null,"FCLASS_SA":null,"FCLASS_EG":null,"FCLASS_MA":null,"FCLASS_PT":null,"FCLASS_AR":null,"FCLASS_JP":null,"FCLASS_KO":null,"FCLASS_VN":null,"FCLASS_TR":null,"FCLASS_ID":null,"FCLASS_PL":null,"FCLASS_GR":null,"FCLASS_IT":null,"FCLASS_NL":null,"FCLASS_SE":null,"FCLASS_BD":null,"FCLASS_UA":null,"FCLASS_TLC":null},"bbox":[113.908926,35.301575,113.908926,35.301575],"geometry":{"type":"Point","coordinates":[113.908926,35.301575]}},{"type":"Feature","properties":{"SCALERANK":6,"NATSCALE":30,"LABELRANK":1,"FEATURECLA":"Populated place","NAME":"Luoyang","NAMEPAR":null,"NAMEALT":null,"NAMEASCII":"Luoyang","ADM0CAP":0,"CAPIN":null,"WORLDCITY":0,"MEGACITY":1,"SOV0NAME":"China","SOV_A3":"CHN","ADM0NAME":"China","ADM0_A3":"CHN","ADM1NAME":"Henan","ISO_A2":"CN","NOTE":null,"LATITUDE":34.681934,"LONGITUDE":112.468129,"POP_MAX":1715000,"POP_MIN":1390581,"POP_OTHER":6515919,"RANK_MAX":12,"RANK_MIN":12,"MEGANAME":"Luoyang","LS_NAME":"Luoyang","MAX_POP10":6520257,"MAX_POP20":6645529,"MAX_POP50":0,"MAX_POP300":0,"MAX_POP310":0,"MAX_NATSCA":20,"MIN_AREAKM":5436,"MAX_AREAKM":5530,"MIN_AREAMI":2099,"MAX_AREAMI":2135,"MIN_PERKM":3962,"MAX_PERKM":4001,"MIN_PERMI":2462,"MAX_PERMI":2486,"MIN_BBXMIN":111.522982,"MAX_BBXMIN":111.522982,"MIN_BBXMAX":113.088548,"MAX_BBXMAX":113.088548,"MIN_BBYMIN":34.05,"MAX_BBYMIN":34.05,"MIN_BBYMAX":35.016667,"MAX_BBYMAX":35.016667,"MEAN_BBXC":112.439841,"MEAN_BBYC":34.53882,"TIMEZONE":"Asia/Chongqing","UN_FID":80,"POP1950":387,"POP1955":447,"POP1960":517,"POP1965":597,"POP1970":690,"POP1975":797,"POP1980":921,"POP1985":1055,"POP1990":1202,"POP1995":1334,"POP2000":1481,"POP2005":1644,"POP2010":1715,"POP2015":1830,"POP2020":2030,"POP2025":2212,"POP2050":2361,"MIN_ZOOM":6,"WIKIDATAID":"Q187136","WOF_ID":102027341,"CAPALT":0,"NAME_EN":"Luoyang","NAME_DE":"Luoyang","NAME_ES":"Luoyang","NAME_FR":"Luoyang","NAME_PT":"Luoyang","NAME_RU":"Лоян","NAME_ZH":"洛阳","LABEL":null,"NAME_AR":"لويانغ","NAME_BN":"লুওইয়াং","NAME_EL":"Λουογιάνγκ","NAME_HI":"लुओयांग","NAME_HU":"Lojang","NAME_ID":"Luoyang","NAME_IT":"Luoyang","NAME_JA":"洛陽市","NAME_KO":"뤄양시","NAME_NL":"Luoyang","NAME_PL":"Luoyang","NAME_SV":"Luoyang","NAME_TR":"Luoyang","NAME_VI":"Lạc Dương","NE_ID":1159147063,"NAME_FA":"لوئویانگ","NAME_HE":"לוו-יאנג","NAME_UK":"Лоян","NAME_UR":"لوویانگ","NAME_ZHT":"洛陽市","GEONAMESID":1801792,"FCLASS_ISO":null,"FCLASS_US":null,"FCLASS_FR":null,"FCLASS_RU":null,"FCLASS_ES":null,"FCLASS_CN":null,"FCLASS_TW":null,"FCLASS_IN":null,"FCLASS_NP":null,"FCLASS_PK":null,"FCLASS_DE":null,"FCLASS_GB":null,"FCLASS_BR":null,"FCLASS_IL":null,"FCLASS_PS":null,"FCLASS_SA":null,"FCLASS_EG":null,"FCLASS_MA":null,"FCLASS_PT":null,"FCLASS_AR":null,"FCLASS_JP":null,"FCLASS_KO":null,"FCLASS_VN":null,"FCLASS_TR":null,"FCLASS_ID":null,"FCLASS_PL":null,"FCLASS_GR":null,"FCLASS_IT":null,"FCLASS_NL":null,"FCLASS_SE":null,"FCLASS_BD":null,"FCLASS_UA":null,"FCLASS_TLC":null},"bbox":[112.444471,34.64377,112.444471,34.64377],"geometry":{"type":"Point","coordinates":[112.444471,34.64377]}},{"type":"Feature","properties":{"SCALERANK":6,"NATSCALE":30,"LABELRANK":1,"FEATURECLA":"Populated place","NAME":"Liaoyang","NAMEPAR":null,"NAMEALT":null,"NAMEASCII":"Liaoyang","ADM0CAP":0,"CAPIN":null,"WORLDCITY":0,"MEGACITY":1,"SOV0NAME":"China","SOV_A3":"CHN","ADM0NAME":"China","ADM0_A3":"CHN","ADM1NAME":"Liaoning","ISO_A2":"CN","NOTE":null,"LATITUDE":41.281944,"LONGITUDE":123.17807,"POP_MAX":794000,"POP_MIN":687890,"POP_OTHER":853508,"RANK_MAX":11,"RANK_MIN":11,"MEGANAME":"Liaoyang","LS_NAME":"Liaoyang","MAX_POP10":1002069,"MAX_POP20":0,"MAX_POP50":0,"MAX_POP300":0,"MAX_POP310":0,"MAX_NATSCA":10,"MIN_AREAKM":423,"MAX_AREAKM":423,"MIN_AREAMI":164,"MAX_AREAMI":164,"MIN_PERKM":448,"MAX_PERKM":448,"MIN_PERMI":278,"MAX_PERMI":278,"MIN_BBXMIN":122.960924,"MAX_BBXMIN":122.960924,"MIN_BBXMAX":123.466667,"MAX_BBXMAX":123.466667,"MIN_BBYMIN":41.108333,"MAX_BBYMIN":41.108333,"MIN_BBYMAX":41.391667,"MAX_BBYMAX":41.391667,"MEAN_BBXC":123.191687,"MEAN_BBYC":41.262917,"TIMEZONE":"Asia/Harbin","UN_FID":74,"POP1950":109,"POP1955":136,"POP1960":169,"POP1965":211,"POP1970":264,"POP1975":329,"POP1980":411,"POP1985":513,"POP1990":640,"POP1995":681,"POP2000":725,"POP2005":773,"POP2010":794,"POP2015":835,"POP2020":922,"POP2025":1009,"POP2050":1083,"MIN_ZOOM":6,"WIKIDATAID":"Q75203","WOF_ID":102027891,"CAPALT":0,"NAME_EN":"Liaoyang","NAME_DE":"Liaoyang","NAME_ES":"Liaoyang","NAME_FR":"Liaoyang","NAME_PT":"Liaoyang","NAME_RU":"Ляоян","NAME_ZH":"辽阳","LABEL":null,"NAME_AR":"لياويانغ","NAME_BN":"লিয়াওইয়াং","NAME_EL":"Λιαογιάνγκ","NAME_HI":"लिओयांग","NAME_HU":"Liaoyang","NAME_ID":"Liaoyang","NAME_IT":"Liaoyang","NAME_JA":"遼陽市","NAME_KO":"랴오양시","NAME_NL":"Liaoyang","NAME_PL":"Liaoyang","NAME_SV":"Liaoyang","NAME_TR":"Liaoyang","NAME_VI":"Liêu Dương","NE_ID":1159147065,"NAME_FA":"لیاویانگ","NAME_HE":"ליאויאנג","NAME_UK":"Ляоян","NAME_UR":"لیاویانگ","NAME_ZHT":"遼陽市","GEONAMESID":2036113,"FCLASS_ISO":null,"FCLASS_US":null,"FCLASS_FR":null,"FCLASS_RU":null,"FCLASS_ES":null,"FCLASS_CN":null,"FCLASS_TW":null,"FCLASS_IN":null,"FCLASS_NP":null,"FCLASS_PK":null,"FCLASS_DE":null,"FCLASS_GB":null,"FCLASS_BR":null,"FCLASS_IL":null,"FCLASS_PS":null,"FCLASS_SA":null,"FCLASS_EG":null,"FCLASS_MA":null,"FCLASS_PT":null,"FCLASS_AR":null,"FCLASS_JP":null,"FCLASS_KO":null,"FCLASS_VN":null,"FCLASS_TR":null,"FCLASS_ID":null,"FCLASS_PL":null,"FCLASS_GR":null,"FCLASS_IT":null,"FCLASS_NL":null,"FCLASS_SE":null,"FCLASS_BD":null,"FCLASS_UA":null,"FCLASS_TLC":null},"bbox":[123.17807,41.281944,123.17807,41.281944],"geometry":{"type":"Point","coordinates":[123.17807,41.281944]}},{"type":"Feature","properties":{"SCALERANK":6,"NATSCALE":30,"LABELRANK":1,"FEATURECLA":"Populated place","NAME":"Dandong","NAMEPAR":null,"NAMEALT":null,"NAMEASCII":"Dandong","ADM0CAP":0,"CAPIN":null,"WORLDCITY":0,"MEGACITY":1,"SOV0NAME":"China","SOV_A3":"CHN","ADM0NAME":"China","ADM0_A3":"CHN","ADM1NAME":"Liaoning","ISO_A2":"CN","NOTE":null,"LATITUDE":40.145554,"LONGITUDE":124.391639,"POP_MAX":870000,"POP_MIN":631973,"POP_OTHER":703894,"RANK_MAX":11,"RANK_MIN":11,"MEGANAME":"Dandong","LS_NAME":"Dandong","MAX_POP10":808915,"MAX_POP20":808915,"MAX_POP50":0,"MAX_POP300":0,"MAX_POP310":0,"MAX_NATSCA":20,"MIN_AREAKM":137,"MAX_AREAKM":137,"MIN_AREAMI":53,"MAX_AREAMI":53,"MIN_PERKM":188,"MAX_PERKM":188,"MIN_PERMI":117,"MAX_PERMI":117,"MIN_BBXMIN":124.25,"MAX_BBXMIN":124.25,"MIN_BBXMAX":124.5,"MAX_BBXMAX":124.5,"MIN_BBYMIN":40.046501,"MAX_BBYMIN":40.046501,"MIN_BBYMAX":40.241667,"MAX_BBYMAX":40.241667,"MEAN_BBXC":124.367517,"MEAN_BBYC":40.15753,"TIMEZONE":"Asia/Harbin","UN_FID":35,"POP1950":236,"POP1955":269,"POP1960":305,"POP1965":347,"POP1970":395,"POP1975":449,"POP1980":511,"POP1985":581,"POP1990":661,"POP1995":716,"POP2000":776,"POP2005":841,"POP2010":870,"POP2015":921,"POP2020":1020,"POP2025":1117,"POP2050":1198,"MIN_ZOOM":6,"WIKIDATAID":"Q75110","WOF_ID":102027939,"CAPALT":0,"NAME_EN":"Dandong","NAME_DE":"Dandong","NAME_ES":"Dandong","NAME_FR":"Dandong","NAME_PT":"Dandong","NAME_RU":"Даньдун","NAME_ZH":"丹东","LABEL":null,"NAME_AR":"داندونغ","NAME_BN":"তান্ডং","NAME_EL":"Ταντούνγκ","NAME_HI":"डानडोंग","NAME_HU":"Tandong","NAME_ID":"Dandong","NAME_IT":"Dandong","NAME_JA":"丹東市","NAME_KO":"단둥시","NAME_NL":"Dandong","NAME_PL":"Dandong","NAME_SV":"Dandong","NAME_TR":"Dandong","NAME_VI":"Đan Đông","NE_ID":1159147067,"NAME_FA":"داندونگ","NAME_HE":"דנדונג","NAME_UK":"Даньдун","NAME_UR":"داندونگ","NAME_ZHT":"丹東市","GEONAMESID":2037886,"FCLASS_ISO":null,"FCLASS_US":null,"FCLASS_FR":null,"FCLASS_RU":null,"FCLASS_ES":null,"FCLASS_CN":null,"FCLASS_TW":null,"FCLASS_IN":null,"FCLASS_NP":null,"FCLASS_PK":null,"FCLASS_DE":null,"FCLASS_GB":null,"FCLASS_BR":null,"FCLASS_IL":null,"FCLASS_PS":null,"FCLASS_SA":null,"FCLASS_EG":null,"FCLASS_MA":null,"FCLASS_PT":null,"FCLASS_AR":null,"FCLASS_JP":null,"FCLASS_KO":null,"FCLASS_VN":null,"FCLASS_TR":null,"FCLASS_ID":null,"FCLASS_PL":null,"FCLASS_GR":null,"FCLASS_IT":null,"FCLASS_NL":null,"FCLASS_SE":null,"FCLASS_BD":null,"FCLASS_UA":null,"FCLASS_TLC":null},"bbox":[124.391639,40.145554,124.391639,40.145554],"geometry":{"type":"Point","coordinates":[124.391639,40.145554]}},{"type":"Feature","properties":{"SCALERANK":6,"NATSCALE":30,"LABELRANK":1,"FEATURECLA":"Populated place","NAME":"Yingkow","NAMEPAR":null,"NAMEALT":"Yingkou","NAMEASCII":"Yingkow","ADM0CAP":0,"CAPIN":null,"WORLDCITY":0,"MEGACITY":1,"SOV0NAME":"China","SOV_A3":"CHN","ADM0NAME":"China","ADM0_A3":"CHN","ADM1NAME":"Liaoning","ISO_A2":"CN","NOTE":null,"LATITUDE":40.672292,"LONGITUDE":122.278073,"POP_MAX":795000,"POP_MIN":591159,"POP_OTHER":1363753,"RANK_MAX":11,"RANK_MIN":11,"MEGANAME":"Yingkou","LS_NAME":"Yingkow","MAX_POP10":1483900,"MAX_POP20":1483900,"MAX_POP50":0,"MAX_POP300":0,"MAX_POP310":0,"MAX_NATSCA":20,"MIN_AREAKM":886,"MAX_AREAKM":886,"MIN_AREAMI":342,"MAX_AREAMI":342,"MIN_PERKM":903,"MAX_PERKM":903,"MIN_PERMI":561,"MAX_PERMI":561,"MIN_BBXMIN":122.116667,"MAX_BBXMIN":122.116667,"MIN_BBXMAX":122.649922,"MAX_BBXMAX":122.649922,"MIN_BBYMIN":40.483333,"MAX_BBYMIN":40.483333,"MIN_BBYMAX":40.991667,"MAX_BBYMAX":40.991667,"MEAN_BBXC":122.421973,"MEAN_BBYC":40.750124,"TIMEZONE":"Asia/Harbin","UN_FID":143,"POP1950":122,"POP1955":148,"POP1960":179,"POP1965":218,"POP1970":264,"POP1975":320,"POP1980":388,"POP1985":471,"POP1990":572,"POP1995":630,"POP2000":694,"POP2005":764,"POP2010":795,"POP2015":847,"POP2020":942,"POP2025":1032,"POP2050":1107,"MIN_ZOOM":6,"WIKIDATAID":"Q75150","WOF_ID":102027851,"CAPALT":0,"NAME_EN":"Yingkou","NAME_DE":"Yingkou","NAME_ES":"Yingkou","NAME_FR":"Yingkou","NAME_PT":"Yingkou","NAME_RU":"Инкоу","NAME_ZH":"营口","LABEL":null,"NAME_AR":"ينغكو","NAME_BN":"ইংকু","NAME_EL":"Γίνγκου","NAME_HI":"यिन्गकॉ","NAME_HU":"Yingkow","NAME_ID":"Yingkou","NAME_IT":"Yingkou","NAME_JA":"営口市","NAME_KO":"잉커우시","NAME_NL":"Yingkou","NAME_PL":"Yingkou","NAME_SV":"Yingkou","NAME_TR":"Yingkou","NAME_VI":"Dinh Khẩu","NE_ID":1159147069,"NAME_FA":"یینگکو","NAME_HE":"ינגקו","NAME_UK":"Інкоу","NAME_UR":"ینگکو","NAME_ZHT":"營口市","GEONAMESID":2033370,"FCLASS_ISO":null,"FCLASS_US":null,"FCLASS_FR":null,"FCLASS_RU":null,"FCLASS_ES":null,"FCLASS_CN":null,"FCLASS_TW":null,"FCLASS_IN":null,"FCLASS_NP":null,"FCLASS_PK":null,"FCLASS_DE":null,"FCLASS_GB":null,"FCLASS_BR":null,"FCLASS_IL":null,"FCLASS_PS":null,"FCLASS_SA":null,"FCLASS_EG":null,"FCLASS_MA":null,"FCLASS_PT":null,"FCLASS_AR":null,"FCLASS_JP":null,"FCLASS_KO":null,"FCLASS_VN":null,"FCLASS_TR":null,"FCLASS_ID":null,"FCLASS_PL":null,"FCLASS_GR":null,"FCLASS_IT":null,"FCLASS_NL":null,"FCLASS_SE":null,"FCLASS_BD":null,"FCLASS_UA":null,"FCLASS_TLC":null},"bbox":[122.278073,40.672292,122.278073,40.672292],"geometry":{"type":"Point","coordinates":[122.278073,40.672292]}},{"type":"Feature","properties":{"SCALERANK":6,"NATSCALE":30,"LABELRANK":1,"FEATURECLA":"Populated place","NAME":"Jinzhou","NAMEPAR":null,"NAMEALT":null,"NAMEASCII":"Jinzhou","ADM0CAP":0,"CAPIN":null,"WORLDCITY":0,"MEGACITY":1,"SOV0NAME":"China","SOV_A3":"CHN","ADM0NAME":"China","ADM0_A3":"CHN","ADM1NAME":"Liaoning","ISO_A2":"CN","NOTE":null,"LATITUDE":41.122316,"LONGITUDE":121.098094,"POP_MAX":956000,"POP_MIN":604269,"POP_OTHER":859221,"RANK_MAX":11,"RANK_MIN":11,"MEGANAME":"Jinzhou","LS_NAME":"Jinzhou","MAX_POP10":877973,"MAX_POP20":877973,"MAX_POP50":0,"MAX_POP300":0,"MAX_POP310":0,"MAX_NATSCA":20,"MIN_AREAKM":223,"MAX_AREAKM":223,"MIN_AREAMI":86,"MAX_AREAMI":86,"MIN_PERKM":189,"MAX_PERKM":189,"MIN_PERMI":117,"MAX_PERMI":117,"MIN_BBXMIN":120.9,"MAX_BBXMIN":120.9,"MIN_BBXMAX":121.241667,"MAX_BBXMAX":121.241667,"MIN_BBYMIN":41.025,"MAX_BBYMIN":41.025,"MIN_BBYMAX":41.208333,"MAX_BBYMAX":41.208333,"MEAN_BBXC":121.10361,"MEAN_BBYC":41.119889,"TIMEZONE":"Asia/Harbin","UN_FID":65,"POP1950":326,"POP1955":371,"POP1960":421,"POP1965":472,"POP1970":500,"POP1975":530,"POP1980":562,"POP1985":631,"POP1990":736,"POP1995":795,"POP2000":858,"POP2005":925,"POP2010":956,"POP2015":1009,"POP2020":1117,"POP2025":1221,"POP2050":1309,"MIN_ZOOM":6,"WIKIDATAID":"Q28996","WOF_ID":102027899,"CAPALT":0,"NAME_EN":"Jinzhou","NAME_DE":"Jinzhou","NAME_ES":"Jinzhou","NAME_FR":"Jinzhou","NAME_PT":"Jinzhou","NAME_RU":"Цзиньчжоу","NAME_ZH":"锦州","LABEL":null,"NAME_AR":"جينتشو","NAME_BN":"জিনঝু","NAME_EL":"Τζίνζου","NAME_HI":"जिंज़होउ","NAME_HU":"Jinzhou","NAME_ID":"Jinzhou","NAME_IT":"Jinzhou","NAME_JA":"錦州市","NAME_KO":"진저우시","NAME_NL":"Jinzhou","NAME_PL":"Jinzhou","NAME_SV":"Jinzhou","NAME_TR":"Jinzhou","NAME_VI":"Cẩm Châu","NE_ID":1159147073,"NAME_FA":"جینجو","NAME_HE":"ג'ינז'ו","NAME_UK":"Цзіньчжоу","NAME_UR":"جنژوو","NAME_ZHT":"錦州市","GEONAMESID":2036427,"FCLASS_ISO":null,"FCLASS_US":null,"FCLASS_FR":null,"FCLASS_RU":null,"FCLASS_ES":null,"FCLASS_CN":null,"FCLASS_TW":null,"FCLASS_IN":null,"FCLASS_NP":null,"FCLASS_PK":null,"FCLASS_DE":null,"FCLASS_GB":null,"FCLASS_BR":null,"FCLASS_IL":null,"FCLASS_PS":null,"FCLASS_SA":null,"FCLASS_EG":null,"FCLASS_MA":null,"FCLASS_PT":null,"FCLASS_AR":null,"FCLASS_JP":null,"FCLASS_KO":null,"FCLASS_VN":null,"FCLASS_TR":null,"FCLASS_ID":null,"FCLASS_PL":null,"FCLASS_GR":null,"FCLASS_IT":null,"FCLASS_NL":null,"FCLASS_SE":null,"FCLASS_BD":null,"FCLASS_UA":null,"FCLASS_TLC":null},"bbox":[121.098094,41.122316,121.098094,41.122316],"geometry":{"type":"Point","coordinates":[121.098094,41.122316]}},{"type":"Feature","properties":{"SCALERANK":6,"NATSCALE":30,"LABELRANK":1,"FEATURECLA":"Populated place","NAME":"Fuxin","NAMEPAR":null,"NAMEALT":null,"NAMEASCII":"Fuxin","ADM0CAP":0,"CAPIN":null,"WORLDCITY":0,"MEGACITY":1,"SOV0NAME":"China","SOV_A3":"CHN","ADM0NAME":"China","ADM0_A3":"CHN","ADM1NAME":"Liaoning","ISO_A2":"CN","NOTE":null,"LATITUDE":42.012417,"LONGITUDE":121.658059,"POP_MAX":770000,"POP_MIN":689050,"POP_OTHER":818981,"RANK_MAX":11,"RANK_MIN":11,"MEGANAME":"Fuxin","LS_NAME":"Fuxin","MAX_POP10":863786,"MAX_POP20":863786,"MAX_POP50":0,"MAX_POP300":0,"MAX_POP310":0,"MAX_NATSCA":20,"MIN_AREAKM":220,"MAX_AREAKM":220,"MIN_AREAMI":85,"MAX_AREAMI":85,"MIN_PERKM":183,"MAX_PERKM":183,"MIN_PERMI":114,"MAX_PERMI":114,"MIN_BBXMIN":121.566667,"MAX_BBXMIN":121.566667,"MIN_BBXMAX":121.833333,"MAX_BBXMAX":121.833333,"MIN_BBYMIN":41.925,"MAX_BBYMIN":41.925,"MIN_BBYMAX":42.141667,"MAX_BBYMAX":42.141667,"MEAN_BBXC":121.695712,"MEAN_BBYC":42.030136,"TIMEZONE":"Asia/Harbin","UN_FID":41,"POP1950":166,"POP1955":205,"POP1960":254,"POP1965":314,"POP1970":387,"POP1975":479,"POP1980":592,"POP1985":680,"POP1990":743,"POP1995":685,"POP2000":631,"POP2005":725,"POP2010":770,"POP2015":839,"POP2020":945,"POP2025":1036,"POP2050":1112,"MIN_ZOOM":6,"WIKIDATAID":"Q34750","WOF_ID":890512599,"CAPALT":0,"NAME_EN":"Fuxin","NAME_DE":"Fuxin","NAME_ES":"Fuxin","NAME_FR":"Fuxin","NAME_PT":"Fuxin","NAME_RU":"Фусинь","NAME_ZH":"阜新","LABEL":null,"NAME_AR":"فوشين","NAME_BN":"ফুক্সিন","NAME_EL":"Φούξιν","NAME_HI":"फुक्सिन","NAME_HU":"Fuxin","NAME_ID":"Fuxin","NAME_IT":"Fuxin","NAME_JA":"阜新市","NAME_KO":"푸신시","NAME_NL":"Fuxin","NAME_PL":"Fuxin","NAME_SV":"Fuxin","NAME_TR":"Fuxin","NAME_VI":"Phụ Tân","NE_ID":1159147075,"NAME_FA":"فاکسین","NAME_HE":"פוקסין","NAME_UK":"Фусінь","NAME_UR":"فوشن","NAME_ZHT":"阜新市","GEONAMESID":2037346,"FCLASS_ISO":null,"FCLASS_US":null,"FCLASS_FR":null,"FCLASS_RU":null,"FCLASS_ES":null,"FCLASS_CN":null,"FCLASS_TW":null,"FCLASS_IN":null,"FCLASS_NP":null,"FCLASS_PK":null,"FCLASS_DE":null,"FCLASS_GB":null,"FCLASS_BR":null,"FCLASS_IL":null,"FCLASS_PS":null,"FCLASS_SA":null,"FCLASS_EG":null,"FCLASS_MA":null,"FCLASS_PT":null,"FCLASS_AR":null,"FCLASS_JP":null,"FCLASS_KO":null,"FCLASS_VN":null,"FCLASS_TR":null,"FCLASS_ID":null,"FCLASS_PL":null,"FCLASS_GR":null,"FCLASS_IT":null,"FCLASS_NL":null,"FCLASS_SE":null,"FCLASS_BD":null,"FCLASS_UA":null,"FCLASS_TLC":null},"bbox":[121.658059,42.012417,121.658059,42.012417],"geometry":{"type":"Point","coordinates":[121.658059,42.012417]}},{"type":"Feature","properties":{"SCALERANK":6,"NATSCALE":30,"LABELRANK":1,"FEATURECLA":"Populated place","NAME":"Benxi","NAMEPAR":null,"NAMEALT":null,"NAMEASCII":"Benxi","ADM0CAP":0,"CAPIN":null,"WORLDCITY":0,"MEGACITY":1,"SOV0NAME":"China","SOV_A3":"CHN","ADM0NAME":"China","ADM0_A3":"CHN","ADM1NAME":"Liaoning","ISO_A2":"CN","NOTE":null,"LATITUDE":41.332329,"LONGITUDE":123.748061,"POP_MAX":1012000,"POP_MIN":835866,"POP_OTHER":830822,"RANK_MAX":12,"RANK_MIN":11,"MEGANAME":"Benxi","LS_NAME":"Benxi","MAX_POP10":835866,"MAX_POP20":835866,"MAX_POP50":0,"MAX_POP300":0,"MAX_POP310":0,"MAX_NATSCA":20,"MIN_AREAKM":141,"MAX_AREAKM":141,"MIN_AREAMI":54,"MAX_AREAMI":54,"MIN_PERKM":128,"MAX_PERKM":128,"MIN_PERMI":79,"MAX_PERMI":79,"MIN_BBXMIN":123.675,"MAX_BBXMIN":123.675,"MIN_BBXMAX":123.916667,"MAX_BBXMAX":123.916667,"MIN_BBYMIN":41.241667,"MAX_BBYMIN":41.241667,"MIN_BBYMAX":41.391667,"MAX_BBYMAX":41.391667,"MEAN_BBXC":123.779931,"MEAN_BBYC":41.310283,"TIMEZONE":"Asia/Harbin","UN_FID":26,"POP1950":414,"POP1955":474,"POP1960":542,"POP1965":613,"POP1970":661,"POP1975":713,"POP1980":769,"POP1985":844,"POP1990":938,"POP1995":958,"POP2000":979,"POP2005":1000,"POP2010":1012,"POP2015":1046,"POP2020":1143,"POP2025":1249,"POP2050":1339,"MIN_ZOOM":6,"WIKIDATAID":"Q75091","WOF_ID":890516067,"CAPALT":0,"NAME_EN":"Benxi","NAME_DE":"Benxi","NAME_ES":"Benxi","NAME_FR":"Benxi","NAME_PT":"Benxi","NAME_RU":"Бэньси","NAME_ZH":"本溪","LABEL":null,"NAME_AR":"بنشي","NAME_BN":"পেনশি","NAME_EL":"Μπενσί","NAME_HI":"बैंक्सी","NAME_HU":"Penszi","NAME_ID":"Benxi","NAME_IT":"Benxi","NAME_JA":"本渓市","NAME_KO":"번시시","NAME_NL":"Benxi","NAME_PL":"Benxi","NAME_SV":"Benxi","NAME_TR":"Benxi","NAME_VI":"Bản Khê","NE_ID":1159147077,"NAME_FA":"بنشی","NAME_HE":"בנשי","NAME_UK":"Беньсі","NAME_UR":"بینشی","NAME_ZHT":"本溪市","GEONAMESID":2038300,"FCLASS_ISO":null,"FCLASS_US":null,"FCLASS_FR":null,"FCLASS_RU":null,"FCLASS_ES":null,"FCLASS_CN":null,"FCLASS_TW":null,"FCLASS_IN":null,"FCLASS_NP":null,"FCLASS_PK":null,"FCLASS_DE":null,"FCLASS_GB":null,"FCLASS_BR":null,"FCLASS_IL":null,"FCLASS_PS":null,"FCLASS_SA":null,"FCLASS_EG":null,"FCLASS_MA":null,"FCLASS_PT":null,"FCLASS_AR":null,"FCLASS_JP":null,"FCLASS_KO":null,"FCLASS_VN":null,"FCLASS_TR":null,"FCLASS_ID":null,"FCLASS_PL":null,"FCLASS_GR":null,"FCLASS_IT":null,"FCLASS_NL":null,"FCLASS_SE":null,"FCLASS_BD":null,"FCLASS_UA":null,"FCLASS_TLC":null},"bbox":[123.748061,41.332329,123.748061,41.332329],"geometry":{"type":"Point","coordinates":[123.748061,41.332329]}},{"type":"Feature","properties":{"SCALERANK":6,"NATSCALE":30,"LABELRANK":1,"FEATURECLA":"Admin-1 capital","NAME":"Fushun","NAMEPAR":null,"NAMEALT":"Fushun, Liaoning","NAMEASCII":"Fushun","ADM0CAP":0,"CAPIN":null,"WORLDCITY":0,"MEGACITY":1,"SOV0NAME":"China","SOV_A3":"CHN","ADM0NAME":"China","ADM0_A3":"CHN","ADM1NAME":"Liaoning","ISO_A2":"CN","NOTE":null,"LATITUDE":41.867335,"LONGITUDE":123.868054,"POP_MAX":1470000,"POP_MIN":1400646,"POP_OTHER":1451044,"RANK_MAX":12,"RANK_MIN":12,"MEGANAME":"Fushun, Liaoning","LS_NAME":"Fushun","MAX_POP10":1458127,"MAX_POP20":1458127,"MAX_POP50":0,"MAX_POP300":0,"MAX_POP310":0,"MAX_NATSCA":20,"MIN_AREAKM":249,"MAX_AREAKM":249,"MIN_AREAMI":96,"MAX_AREAMI":96,"MIN_PERKM":274,"MAX_PERKM":274,"MIN_PERMI":170,"MAX_PERMI":170,"MIN_BBXMIN":123.661405,"MAX_BBXMIN":123.661405,"MIN_BBXMAX":124.075,"MAX_BBXMAX":124.075,"MIN_BBYMIN":41.783333,"MAX_BBYMIN":41.783333,"MIN_BBYMAX":41.916667,"MAX_BBYMAX":41.916667,"MEAN_BBXC":123.874768,"MEAN_BBYC":41.852458,"TIMEZONE":"Asia/Harbin","UN_FID":40,"POP1950":634,"POP1955":726,"POP1960":832,"POP1965":941,"POP1970":1009,"POP1975":1082,"POP1980":1160,"POP1985":1263,"POP1990":1388,"POP1995":1410,"POP2000":1433,"POP2005":1456,"POP2010":1470,"POP2015":1516,"POP2020":1652,"POP2025":1800,"POP2050":1924,"MIN_ZOOM":6,"WIKIDATAID":"Q75026","WOF_ID":102027929,"CAPALT":0,"NAME_EN":"Fushun","NAME_DE":"Fushun","NAME_ES":"Fushun","NAME_FR":"Fushun","NAME_PT":"Fushun","NAME_RU":"Фушунь","NAME_ZH":"抚顺","LABEL":null,"NAME_AR":"فوشون","NAME_BN":"ফুশুন","NAME_EL":"Φουσούν","NAME_HI":"फुशुन","NAME_HU":"Fusun","NAME_ID":"Fushun","NAME_IT":"Fushun","NAME_JA":"撫順市","NAME_KO":"푸순시","NAME_NL":"Fushun","NAME_PL":"Fushun","NAME_SV":"Fushun","NAME_TR":"Fushun","NAME_VI":"Phủ Thuận","NE_ID":1159147079,"NAME_FA":"فوشون","NAME_HE":"פושון","NAME_UK":"Фушунь","NAME_UR":"فوشون","NAME_ZHT":"撫順市","GEONAMESID":2037355,"FCLASS_ISO":null,"FCLASS_US":null,"FCLASS_FR":null,"FCLASS_RU":null,"FCLASS_ES":null,"FCLASS_CN":null,"FCLASS_TW":null,"FCLASS_IN":null,"FCLASS_NP":null,"FCLASS_PK":null,"FCLASS_DE":null,"FCLASS_GB":null,"FCLASS_BR":null,"FCLASS_IL":null,"FCLASS_PS":null,"FCLASS_SA":null,"FCLASS_EG":null,"FCLASS_MA":null,"FCLASS_PT":null,"FCLASS_AR":null,"FCLASS_JP":null,"FCLASS_KO":null,"FCLASS_VN":null,"FCLASS_TR":null,"FCLASS_ID":null,"FCLASS_PL":null,"FCLASS_GR":null,"FCLASS_IT":null,"FCLASS_NL":null,"FCLASS_SE":null,"FCLASS_BD":null,"FCLASS_UA":null,"FCLASS_TLC":null},"bbox":[123.868054,41.867335,123.868054,41.867335],"geometry":{"type":"Point","coordinates":[123.868054,41.867335]}},{"type":"Feature","properties":{"SCALERANK":6,"NATSCALE":30,"LABELRANK":1,"FEATURECLA":"Populated place","NAME":"Jining","NAMEPAR":null,"NAMEALT":"Jining, Shandong","NAMEASCII":"Jining","ADM0CAP":0,"CAPIN":null,"WORLDCITY":0,"MEGACITY":1,"SOV0NAME":"China","SOV_A3":"CHN","ADM0NAME":"China","ADM0_A3":"CHN","ADM1NAME":"Shandong","ISO_A2":"CN","NOTE":null,"LATITUDE":35.402355,"LONGITUDE":116.548087,"POP_MAX":1186000,"POP_MIN":450327,"POP_OTHER":6638250,"RANK_MAX":12,"RANK_MIN":10,"MEGANAME":"Jining, Shandong","LS_NAME":"Jining2","MAX_POP10":6507339,"MAX_POP20":6990677,"MAX_POP50":0,"MAX_POP300":0,"MAX_POP310":0,"MAX_NATSCA":20,"MIN_AREAKM":5311,"MAX_AREAKM":5816,"MIN_AREAMI":2050,"MAX_AREAMI":2246,"MIN_PERKM":4013,"MAX_PERKM":4464,"MIN_PERMI":2494,"MAX_PERMI":2774,"MIN_BBXMIN":115.935523,"MAX_BBXMIN":115.935523,"MIN_BBXMAX":117.107586,"MAX_BBXMAX":117.107586,"MIN_BBYMIN":34.925,"MAX_BBYMIN":34.925,"MIN_BBYMAX":36.045141,"MAX_BBYMAX":36.101081,"MEAN_BBXC":116.543011,"MEAN_BBYC":35.516893,"TIMEZONE":"Asia/Shanghai","UN_FID":63,"POP1950":258,"POP1955":288,"POP1960":322,"POP1965":359,"POP1970":401,"POP1975":448,"POP1980":501,"POP1985":633,"POP1990":871,"POP1995":954,"POP2000":1044,"POP2005":1143,"POP2010":1186,"POP2015":1260,"POP2020":1396,"POP2025":1525,"POP2050":1632,"MIN_ZOOM":6,"WIKIDATAID":"Q372791","WOF_ID":102027443,"CAPALT":0,"NAME_EN":"Jining","NAME_DE":"Jining","NAME_ES":"Jining","NAME_FR":"Jining","NAME_PT":"Jining","NAME_RU":"Цзинин","NAME_ZH":"济宁","LABEL":null,"NAME_AR":"جينينغ","NAME_BN":"চিনিং","NAME_EL":"Τζινίνγκ","NAME_HI":"जिनिंग","NAME_HU":"Csining","NAME_ID":"Jining","NAME_IT":"Jining","NAME_JA":"済寧市","NAME_KO":"지닝시","NAME_NL":"Jining","NAME_PL":"Jining","NAME_SV":"Jining","NAME_TR":"Jining","NAME_VI":"Tế Ninh","NE_ID":1159147081,"NAME_FA":"جینینگ","NAME_HE":"ג'ינינג","NAME_UK":"Цзінін","NAME_UR":"جنینگ","NAME_ZHT":"濟寧市","GEONAMESID":1805518,"FCLASS_ISO":null,"FCLASS_US":null,"FCLASS_FR":null,"FCLASS_RU":null,"FCLASS_ES":null,"FCLASS_CN":null,"FCLASS_TW":null,"FCLASS_IN":null,"FCLASS_NP":null,"FCLASS_PK":null,"FCLASS_DE":null,"FCLASS_GB":null,"FCLASS_BR":null,"FCLASS_IL":null,"FCLASS_PS":null,"FCLASS_SA":null,"FCLASS_EG":null,"FCLASS_MA":null,"FCLASS_PT":null,"FCLASS_AR":null,"FCLASS_JP":null,"FCLASS_KO":null,"FCLASS_VN":null,"FCLASS_TR":null,"FCLASS_ID":null,"FCLASS_PL":null,"FCLASS_GR":null,"FCLASS_IT":null,"FCLASS_NL":null,"FCLASS_SE":null,"FCLASS_BD":null,"FCLASS_UA":null,"FCLASS_TLC":null},"bbox":[116.548087,35.402355,116.548087,35.402355],"geometry":{"type":"Point","coordinates":[116.548087,35.402355]}},{"type":"Feature","properties":{"SCALERANK":6,"NATSCALE":30,"LABELRANK":1,"FEATURECLA":"Populated place","NAME":"Weifang","NAMEPAR":null,"NAMEALT":null,"NAMEASCII":"Weifang","ADM0CAP":0,"CAPIN":null,"WORLDCITY":0,"MEGACITY":1,"SOV0NAME":"China","SOV_A3":"CHN","ADM0NAME":"China","ADM0_A3":"CHN","ADM1NAME":"Shandong","ISO_A2":"CN","NOTE":null,"LATITUDE":36.722352,"LONGITUDE":119.098164,"POP_MAX":1553000,"POP_MIN":394732,"POP_OTHER":3502261,"RANK_MAX":12,"RANK_MIN":10,"MEGANAME":"Weifang","LS_NAME":"Weifang","MAX_POP10":3927114,"MAX_POP20":4147147,"MAX_POP50":0,"MAX_POP300":0,"MAX_POP310":0,"MAX_NATSCA":20,"MIN_AREAKM":2811,"MAX_AREAKM":2990,"MIN_AREAMI":1085,"MAX_AREAMI":1154,"MIN_PERKM":2973,"MAX_PERKM":3195,"MIN_PERMI":1847,"MAX_PERMI":1985,"MIN_BBXMIN":118.548811,"MAX_BBXMIN":118.548811,"MIN_BBXMAX":119.521854,"MAX_BBXMAX":119.521854,"MIN_BBYMIN":36.141667,"MAX_BBYMIN":36.320453,"MIN_BBYMAX":37.208333,"MAX_BBYMAX":37.208333,"MEAN_BBXC":119.007274,"MEAN_BBYC":36.710963,"TIMEZONE":"Asia/Shanghai","UN_FID":119,"POP1950":183,"POP1955":221,"POP1960":268,"POP1965":323,"POP1970":391,"POP1975":472,"POP1980":571,"POP1985":779,"POP1990":1152,"POP1995":1257,"POP2000":1372,"POP2005":1498,"POP2010":1553,"POP2015":1646,"POP2020":1821,"POP2025":1985,"POP2050":2120,"MIN_ZOOM":6,"WIKIDATAID":"Q217698","WOF_ID":102027091,"CAPALT":0,"NAME_EN":"Weifang","NAME_DE":"Weifang","NAME_ES":"Weifang","NAME_FR":"Weifang","NAME_PT":"Weifang","NAME_RU":"Вэйфан","NAME_ZH":"潍坊","LABEL":null,"NAME_AR":"يفانغ","NAME_BN":"ওয়েইফাং","NAME_EL":"Γουέιφανγκ","NAME_HI":"वाइफ़ैंग","NAME_HU":"Weifang","NAME_ID":"Weifang","NAME_IT":"Weifang","NAME_JA":"濰坊市","NAME_KO":"웨이팡시","NAME_NL":"Weifang","NAME_PL":"Weifang","NAME_SV":"Weifang","NAME_TR":"Weifang","NAME_VI":"Duy Phường","NE_ID":1159147083,"NAME_FA":"ویفانگ","NAME_HE":"וויפנג","NAME_UK":"Вейфан","NAME_UR":"ویفانگ","NAME_ZHT":"濰坊市","GEONAMESID":1791681,"FCLASS_ISO":null,"FCLASS_US":null,"FCLASS_FR":null,"FCLASS_RU":null,"FCLASS_ES":null,"FCLASS_CN":null,"FCLASS_TW":null,"FCLASS_IN":null,"FCLASS_NP":null,"FCLASS_PK":null,"FCLASS_DE":null,"FCLASS_GB":null,"FCLASS_BR":null,"FCLASS_IL":null,"FCLASS_PS":null,"FCLASS_SA":null,"FCLASS_EG":null,"FCLASS_MA":null,"FCLASS_PT":null,"FCLASS_AR":null,"FCLASS_JP":null,"FCLASS_KO":null,"FCLASS_VN":null,"FCLASS_TR":null,"FCLASS_ID":null,"FCLASS_PL":null,"FCLASS_GR":null,"FCLASS_IT":null,"FCLASS_NL":null,"FCLASS_SE":null,"FCLASS_BD":null,"FCLASS_UA":null,"FCLASS_TLC":null},"bbox":[119.155626,36.702285,119.155626,36.702285],"geometry":{"type":"Point","coordinates":[119.155626,36.702285]}},{"type":"Feature","properties":{"SCALERANK":6,"NATSCALE":30,"LABELRANK":1,"FEATURECLA":"Populated place","NAME":"Taian","NAMEPAR":null,"NAMEALT":"Taian, Shandong","NAMEASCII":"Taian","ADM0CAP":0,"CAPIN":null,"WORLDCITY":0,"MEGACITY":1,"SOV0NAME":"China","SOV_A3":"CHN","ADM0NAME":"China","ADM0_A3":"CHN","ADM1NAME":"Shandong","ISO_A2":"CN","NOTE":null,"LATITUDE":36.201944,"LONGITUDE":117.11813,"POP_MAX":1629000,"POP_MIN":1629000,"POP_OTHER":2758049,"RANK_MAX":12,"RANK_MIN":12,"MEGANAME":"Taian, Shandong","LS_NAME":"Taian","MAX_POP10":2838900,"MAX_POP20":0,"MAX_POP50":0,"MAX_POP300":0,"MAX_POP310":0,"MAX_NATSCA":10,"MIN_AREAKM":2102,"MAX_AREAKM":2102,"MIN_AREAMI":812,"MAX_AREAMI":812,"MIN_PERKM":1763,"MAX_PERKM":1763,"MIN_PERMI":1096,"MAX_PERMI":1096,"MIN_BBXMIN":116.491059,"MAX_BBXMIN":116.491059,"MIN_BBXMAX":117.390048,"MAX_BBXMAX":117.390048,"MIN_BBYMIN":35.8,"MAX_BBYMIN":35.8,"MIN_BBYMAX":36.400418,"MAX_BBYMAX":36.400418,"MEAN_BBXC":116.980568,"MEAN_BBYC":36.079772,"TIMEZONE":"Asia/Shanghai","UN_FID":108,"POP1950":829,"POP1955":886,"POP1960":947,"POP1965":1012,"POP1970":1082,"POP1975":1157,"POP1980":1236,"POP1985":1322,"POP1990":1413,"POP1995":1472,"POP2000":1534,"POP2005":1598,"POP2010":1629,"POP2015":1696,"POP2020":1857,"POP2025":2022,"POP2050":2160,"MIN_ZOOM":6,"WIKIDATAID":"Q217681","WOF_ID":102027127,"CAPALT":0,"NAME_EN":"Tai'an","NAME_DE":"Tai'an","NAME_ES":"Tai'an","NAME_FR":"Tai'an","NAME_PT":"Tai'an","NAME_RU":"Тайань","NAME_ZH":"泰安","LABEL":null,"NAME_AR":"تايآن","NAME_BN":"থাই-আন","NAME_EL":"Ταΐαν","NAME_HI":"ताईआन","NAME_HU":"Taian","NAME_ID":"Tai'an","NAME_IT":"Tai'an","NAME_JA":"泰安市","NAME_KO":"타이안시","NAME_NL":"Tai'an","NAME_PL":"Tai'an","NAME_SV":"Tai'an","NAME_TR":"Tai'an","NAME_VI":"Thái An","NE_ID":1159147085,"NAME_FA":"تایان","NAME_HE":"טאיאן","NAME_UK":"Тайань","NAME_UR":"تائیآن","NAME_ZHT":"泰安市","GEONAMESID":1793724,"FCLASS_ISO":null,"FCLASS_US":null,"FCLASS_FR":null,"FCLASS_RU":null,"FCLASS_ES":null,"FCLASS_CN":null,"FCLASS_TW":null,"FCLASS_IN":null,"FCLASS_NP":null,"FCLASS_PK":null,"FCLASS_DE":null,"FCLASS_GB":null,"FCLASS_BR":null,"FCLASS_IL":null,"FCLASS_PS":null,"FCLASS_SA":null,"FCLASS_EG":null,"FCLASS_MA":null,"FCLASS_PT":null,"FCLASS_AR":null,"FCLASS_JP":null,"FCLASS_KO":null,"FCLASS_VN":null,"FCLASS_TR":null,"FCLASS_ID":null,"FCLASS_PL":null,"FCLASS_GR":null,"FCLASS_IT":null,"FCLASS_NL":null,"FCLASS_SE":null,"FCLASS_BD":null,"FCLASS_UA":null,"FCLASS_TLC":null},"bbox":[117.11813,36.201944,117.11813,36.201944],"geometry":{"type":"Point","coordinates":[117.11813,36.201944]}},{"type":"Feature","properties":{"SCALERANK":6,"NATSCALE":30,"LABELRANK":1,"FEATURECLA":"Populated place","NAME":"Heze","NAMEPAR":null,"NAMEALT":null,"NAMEASCII":"Heze","ADM0CAP":0,"CAPIN":null,"WORLDCITY":0,"MEGACITY":1,"SOV0NAME":"China","SOV_A3":"CHN","ADM0NAME":"China","ADM0_A3":"CHN","ADM1NAME":"Shandong","ISO_A2":"CN","NOTE":null,"LATITUDE":35.231926,"LONGITUDE":115.448103,"POP_MAX":1338000,"POP_MIN":254602,"POP_OTHER":4534283,"RANK_MAX":12,"RANK_MIN":10,"MEGANAME":"Heze","LS_NAME":"Heze","MAX_POP10":4707510,"MAX_POP20":5462316,"MAX_POP50":0,"MAX_POP300":0,"MAX_POP310":0,"MAX_NATSCA":20,"MIN_AREAKM":4963,"MAX_AREAKM":5855,"MIN_AREAMI":1916,"MAX_AREAMI":2261,"MIN_PERKM":4604,"MAX_PERKM":5006,"MIN_PERMI":2861,"MAX_PERMI":3111,"MIN_BBXMIN":114.628677,"MAX_BBXMIN":114.916714,"MIN_BBXMAX":115.996044,"MAX_BBXMAX":115.996044,"MIN_BBYMIN":34.61612,"MAX_BBYMIN":34.716063,"MIN_BBYMAX":35.816667,"MAX_BBYMAX":35.816667,"MEAN_BBXC":115.444157,"MEAN_BBYC":35.202136,"TIMEZONE":"Asia/Shanghai","UN_FID":52,"POP1950":381,"POP1955":440,"POP1960":507,"POP1965":586,"POP1970":676,"POP1975":780,"POP1980":901,"POP1985":1040,"POP1990":1200,"POP1995":1238,"POP2000":1277,"POP2005":1318,"POP2010":1338,"POP2015":1388,"POP2020":1518,"POP2025":1655,"POP2050":1771,"MIN_ZOOM":6,"WIKIDATAID":"Q332753","WOF_ID":102027543,"CAPALT":0,"NAME_EN":"Heze","NAME_DE":"Heze","NAME_ES":"Heze","NAME_FR":"Heze","NAME_PT":"Heze","NAME_RU":"Хэцзэ","NAME_ZH":"菏泽","LABEL":null,"NAME_AR":"هيزي","NAME_BN":"হেৎসে","NAME_EL":"Χετζέ","NAME_HI":"हैज़े","NAME_HU":"Heze","NAME_ID":"Heze","NAME_IT":"Heze","NAME_JA":"菏沢市","NAME_KO":"허쩌시","NAME_NL":"Heze","NAME_PL":"Heze","NAME_SV":"Heze","NAME_TR":"Heze","NAME_VI":"Hà Trạch","NE_ID":1159147087,"NAME_FA":"هزه","NAME_HE":"הזה","NAME_UK":"Хецзе","NAME_UR":"ہازا","NAME_ZHT":"菏澤市","GEONAMESID":1808198,"FCLASS_ISO":null,"FCLASS_US":null,"FCLASS_FR":null,"FCLASS_RU":null,"FCLASS_ES":null,"FCLASS_CN":null,"FCLASS_TW":null,"FCLASS_IN":null,"FCLASS_NP":null,"FCLASS_PK":null,"FCLASS_DE":null,"FCLASS_GB":null,"FCLASS_BR":null,"FCLASS_IL":null,"FCLASS_PS":null,"FCLASS_SA":null,"FCLASS_EG":null,"FCLASS_MA":null,"FCLASS_PT":null,"FCLASS_AR":null,"FCLASS_JP":null,"FCLASS_KO":null,"FCLASS_VN":null,"FCLASS_TR":null,"FCLASS_ID":null,"FCLASS_PL":null,"FCLASS_GR":null,"FCLASS_IT":null,"FCLASS_NL":null,"FCLASS_SE":null,"FCLASS_BD":null,"FCLASS_UA":null,"FCLASS_TLC":null},"bbox":[115.448103,35.231926,115.448103,35.231926],"geometry":{"type":"Point","coordinates":[115.448103,35.231926]}},{"type":"Feature","properties":{"SCALERANK":6,"NATSCALE":30,"LABELRANK":1,"FEATURECLA":"Populated place","NAME":"Xinyu","NAMEPAR":null,"NAMEALT":null,"NAMEASCII":"Xinyu","ADM0CAP":0,"CAPIN":null,"WORLDCITY":0,"MEGACITY":1,"SOV0NAME":"China","SOV_A3":"CHN","ADM0NAME":"China","ADM0_A3":"CHN","ADM1NAME":"Jiangxi","ISO_A2":"CN","NOTE":null,"LATITUDE":27.801966,"LONGITUDE":114.928031,"POP_MAX":913000,"POP_MIN":97480,"POP_OTHER":699290,"RANK_MAX":11,"RANK_MIN":8,"MEGANAME":"Xinyu","LS_NAME":"Xinyu","MAX_POP10":749664,"MAX_POP20":0,"MAX_POP50":0,"MAX_POP300":0,"MAX_POP310":0,"MAX_NATSCA":10,"MIN_AREAKM":620,"MAX_AREAKM":620,"MIN_AREAMI":239,"MAX_AREAMI":239,"MIN_PERKM":739,"MAX_PERKM":739,"MIN_PERMI":459,"MAX_PERMI":459,"MIN_BBXMIN":114.858333,"MAX_BBXMIN":114.858333,"MIN_BBXMAX":115.35,"MAX_BBXMAX":115.35,"MIN_BBYMIN":27.75,"MAX_BBYMIN":27.75,"MIN_BBYMAX":28.233333,"MAX_BBYMAX":28.233333,"MEAN_BBXC":115.095481,"MEAN_BBYC":27.945611,"TIMEZONE":"Asia/Shanghai","UN_FID":133,"POP1950":234,"POP1955":264,"POP1960":297,"POP1965":335,"POP1970":377,"POP1975":425,"POP1980":479,"POP1985":540,"POP1990":608,"POP1995":685,"POP2000":772,"POP2005":870,"POP2010":913,"POP2015":981,"POP2020":1095,"POP2025":1199,"POP2050":1285,"MIN_ZOOM":6,"WIKIDATAID":"Q362959","WOF_ID":102026991,"CAPALT":0,"NAME_EN":"Xinyu","NAME_DE":"Xinyu","NAME_ES":"Xinyu","NAME_FR":"Xinyu","NAME_PT":"Xinyu","NAME_RU":"Синьюй","NAME_ZH":"新余","LABEL":null,"NAME_AR":"شينيو","NAME_BN":"জিনউু","NAME_EL":"Ξινγού","NAME_HI":"सिन्यू","NAME_HU":"Xinyu","NAME_ID":"Xinyu","NAME_IT":"Xinyu","NAME_JA":"新余市","NAME_KO":"신위시","NAME_NL":"Xinyu","NAME_PL":"Xinyu","NAME_SV":"Xinyu","NAME_TR":"Xinyu","NAME_VI":"Tân Dư","NE_ID":1159147093,"NAME_FA":"شینیو","NAME_HE":"קסיניו","NAME_UK":"Сіньюй","NAME_UR":"شینیو","NAME_ZHT":"新余市","GEONAMESID":1788508,"FCLASS_ISO":null,"FCLASS_US":null,"FCLASS_FR":null,"FCLASS_RU":null,"FCLASS_ES":null,"FCLASS_CN":null,"FCLASS_TW":null,"FCLASS_IN":null,"FCLASS_NP":null,"FCLASS_PK":null,"FCLASS_DE":null,"FCLASS_GB":null,"FCLASS_BR":null,"FCLASS_IL":null,"FCLASS_PS":null,"FCLASS_SA":null,"FCLASS_EG":null,"FCLASS_MA":null,"FCLASS_PT":null,"FCLASS_AR":null,"FCLASS_JP":null,"FCLASS_KO":null,"FCLASS_VN":null,"FCLASS_TR":null,"FCLASS_ID":null,"FCLASS_PL":null,"FCLASS_GR":null,"FCLASS_IT":null,"FCLASS_NL":null,"FCLASS_SE":null,"FCLASS_BD":null,"FCLASS_UA":null,"FCLASS_TLC":null},"bbox":[114.928031,27.801966,114.928031,27.801966],"geometry":{"type":"Point","coordinates":[114.928031,27.801966]}},{"type":"Feature","properties":{"SCALERANK":6,"NATSCALE":30,"LABELRANK":1,"FEATURECLA":"Populated place","NAME":"Ganzhou","NAMEPAR":null,"NAMEALT":null,"NAMEASCII":"Ganzhou","ADM0CAP":0,"CAPIN":null,"WORLDCITY":0,"MEGACITY":0,"SOV0NAME":"China","SOV_A3":"CHN","ADM0NAME":"China","ADM0_A3":"CHN","ADM1NAME":"Jiangxi","ISO_A2":"CN","NOTE":null,"LATITUDE":25.91998,"LONGITUDE":114.950027,"POP_MAX":1500000,"POP_MIN":932269,"POP_OTHER":0,"RANK_MAX":12,"RANK_MIN":11,"MEGANAME":null,"LS_NAME":"Ganzhou","MAX_POP10":932269,"MAX_POP20":932269,"MAX_POP50":0,"MAX_POP300":0,"MAX_POP310":0,"MAX_NATSCA":20,"MIN_AREAKM":435,"MAX_AREAKM":435,"MIN_AREAMI":168,"MAX_AREAMI":168,"MIN_PERKM":0,"MAX_PERKM":0,"MIN_PERMI":0,"MAX_PERMI":0,"MIN_BBXMIN":114.608333,"MAX_BBXMIN":114.608333,"MIN_BBXMAX":115.033333,"MAX_BBXMAX":115.033333,"MIN_BBYMIN":25.625,"MAX_BBYMIN":25.625,"MIN_BBYMAX":25.933333,"MAX_BBYMAX":25.933333,"MEAN_BBXC":114.818011,"MEAN_BBYC":25.784634,"TIMEZONE":null,"UN_FID":0,"POP1950":0,"POP1955":0,"POP1960":0,"POP1965":0,"POP1970":0,"POP1975":0,"POP1980":0,"POP1985":0,"POP1990":0,"POP1995":0,"POP2000":0,"POP2005":0,"POP2010":0,"POP2015":0,"POP2020":0,"POP2025":0,"POP2050":0,"MIN_ZOOM":6,"WIKIDATAID":"Q363166","WOF_ID":1141908653,"CAPALT":0,"NAME_EN":"Ganzhou","NAME_DE":"Ganzhou","NAME_ES":"Ganzhou","NAME_FR":"Ganzhou","NAME_PT":"Ganzhou","NAME_RU":"Ганьчжоу","NAME_ZH":"赣州","LABEL":null,"NAME_AR":"غانتشو","NAME_BN":"কানচৌ","NAME_EL":"Γκανζού","NAME_HI":"गाँज़होउ","NAME_HU":"Kancsou","NAME_ID":"Ganzhou","NAME_IT":"Ganzhou","NAME_JA":"贛州市","NAME_KO":"간저우시","NAME_NL":"Ganzhou","NAME_PL":"Ganzhou","NAME_SV":"Ganzhou","NAME_TR":"Ganzhou","NAME_VI":"Cám Châu","NE_ID":1159147095,"NAME_FA":"گانژوو","NAME_HE":"גאנג'ואו","NAME_UK":"Ганьчжоу","NAME_UR":"گانژوو","NAME_ZHT":"贛州市","GEONAMESID":-1,"FCLASS_ISO":null,"FCLASS_US":null,"FCLASS_FR":null,"FCLASS_RU":null,"FCLASS_ES":null,"FCLASS_CN":null,"FCLASS_TW":null,"FCLASS_IN":null,"FCLASS_NP":null,"FCLASS_PK":null,"FCLASS_DE":null,"FCLASS_GB":null,"FCLASS_BR":null,"FCLASS_IL":null,"FCLASS_PS":null,"FCLASS_SA":null,"FCLASS_EG":null,"FCLASS_MA":null,"FCLASS_PT":null,"FCLASS_AR":null,"FCLASS_JP":null,"FCLASS_KO":null,"FCLASS_VN":null,"FCLASS_TR":null,"FCLASS_ID":null,"FCLASS_PL":null,"FCLASS_GR":null,"FCLASS_IT":null,"FCLASS_NL":null,"FCLASS_SE":null,"FCLASS_BD":null,"FCLASS_UA":null,"FCLASS_TLC":null},"bbox":[114.950027,25.91998,114.950027,25.91998],"geometry":{"type":"Point","coordinates":[114.950027,25.91998]}},{"type":"Feature","properties":{"SCALERANK":6,"NATSCALE":30,"LABELRANK":1,"FEATURECLA":"Populated place","NAME":"Jiujiang","NAMEPAR":null,"NAMEALT":null,"NAMEASCII":"Jiujiang","ADM0CAP":0,"CAPIN":null,"WORLDCITY":0,"MEGACITY":0,"SOV0NAME":"China","SOV_A3":"CHN","ADM0NAME":"China","ADM0_A3":"CHN","ADM1NAME":"Jiangxi","ISO_A2":"CN","NOTE":null,"LATITUDE":29.72998,"LONGITUDE":115.980042,"POP_MAX":545616,"POP_MIN":545616,"POP_OTHER":525421,"RANK_MAX":11,"RANK_MIN":11,"MEGANAME":null,"LS_NAME":"Jiujiang","MAX_POP10":449343,"MAX_POP20":449343,"MAX_POP50":0,"MAX_POP300":0,"MAX_POP310":0,"MAX_NATSCA":20,"MIN_AREAKM":184,"MAX_AREAKM":184,"MIN_AREAMI":71,"MAX_AREAMI":71,"MIN_PERKM":203,"MAX_PERKM":203,"MIN_PERMI":126,"MAX_PERMI":126,"MIN_BBXMIN":115.858333,"MAX_BBXMIN":115.858333,"MIN_BBXMAX":116.15,"MAX_BBXMAX":116.15,"MIN_BBYMIN":29.55,"MAX_BBYMIN":29.55,"MIN_BBYMAX":29.766667,"MAX_BBYMAX":29.766667,"MEAN_BBXC":115.986387,"MEAN_BBYC":29.674376,"TIMEZONE":"Asia/Shanghai","UN_FID":0,"POP1950":0,"POP1955":0,"POP1960":0,"POP1965":0,"POP1970":0,"POP1975":0,"POP1980":0,"POP1985":0,"POP1990":0,"POP1995":0,"POP2000":0,"POP2005":0,"POP2010":0,"POP2015":0,"POP2020":0,"POP2025":0,"POP2050":0,"MIN_ZOOM":6,"WIKIDATAID":"Q216077","WOF_ID":102027435,"CAPALT":0,"NAME_EN":"Jiujiang","NAME_DE":"Jiujiang","NAME_ES":"Jiujiang","NAME_FR":"Jiujiang","NAME_PT":"Jiujiang","NAME_RU":"Цзюцзян","NAME_ZH":"九江","LABEL":null,"NAME_AR":"جيوجيانغ","NAME_BN":"চিউচিয়াং","NAME_EL":"Τζιουτζιάνγκ","NAME_HI":"जिउजिआन्ग","NAME_HU":"Csiucsiang","NAME_ID":"Jiujiang","NAME_IT":"Jiujiang","NAME_JA":"九江市","NAME_KO":"주장시","NAME_NL":"Jiujiang","NAME_PL":"Jiujiang","NAME_SV":"Jiujiang","NAME_TR":"Ciuciang","NAME_VI":"Cửu Giang","NE_ID":1159147097,"NAME_FA":"جیاجیانگ","NAME_HE":"ג'יוג'יאנג","NAME_UK":"Цзюцзян","NAME_UR":"جیوجیانگ","NAME_ZHT":"九江市","GEONAMESID":1805179,"FCLASS_ISO":null,"FCLASS_US":null,"FCLASS_FR":null,"FCLASS_RU":null,"FCLASS_ES":null,"FCLASS_CN":null,"FCLASS_TW":null,"FCLASS_IN":null,"FCLASS_NP":null,"FCLASS_PK":null,"FCLASS_DE":null,"FCLASS_GB":null,"FCLASS_BR":null,"FCLASS_IL":null,"FCLASS_PS":null,"FCLASS_SA":null,"FCLASS_EG":null,"FCLASS_MA":null,"FCLASS_PT":null,"FCLASS_AR":null,"FCLASS_JP":null,"FCLASS_KO":null,"FCLASS_VN":null,"FCLASS_TR":null,"FCLASS_ID":null,"FCLASS_PL":null,"FCLASS_GR":null,"FCLASS_IT":null,"FCLASS_NL":null,"FCLASS_SE":null,"FCLASS_BD":null,"FCLASS_UA":null,"FCLASS_TLC":null},"bbox":[115.980042,29.72998,115.980042,29.72998],"geometry":{"type":"Point","coordinates":[115.980042,29.72998]}},{"type":"Feature","properties":{"SCALERANK":6,"NATSCALE":30,"LABELRANK":1,"FEATURECLA":"Populated place","NAME":"Changzhou","NAMEPAR":null,"NAMEALT":"Changzhou, Jiangsu","NAMEASCII":"Changzhou","ADM0CAP":0,"CAPIN":null,"WORLDCITY":0,"MEGACITY":1,"SOV0NAME":"China","SOV_A3":"CHN","ADM0NAME":"China","ADM0_A3":"CHN","ADM1NAME":"Jiangsu","ISO_A2":"CN","NOTE":null,"LATITUDE":31.78193,"LONGITUDE":119.968033,"POP_MAX":1327000,"POP_MIN":949018,"POP_OTHER":4497029,"RANK_MAX":12,"RANK_MIN":11,"MEGANAME":"Changzhou, Jiangsu","LS_NAME":"Changzhou","MAX_POP10":4229585,"MAX_POP20":0,"MAX_POP50":0,"MAX_POP300":0,"MAX_POP310":0,"MAX_NATSCA":10,"MIN_AREAKM":1900,"MAX_AREAKM":1900,"MIN_AREAMI":734,"MAX_AREAMI":734,"MIN_PERKM":1593,"MAX_PERKM":1593,"MIN_PERMI":990,"MAX_PERMI":990,"MIN_BBXMIN":119.267553,"MAX_BBXMIN":119.267553,"MIN_BBXMAX":120.29859,"MAX_BBXMAX":120.29859,"MIN_BBYMIN":31.29143,"MAX_BBYMIN":31.29143,"MIN_BBYMAX":32.130736,"MAX_BBYMAX":32.130736,"MEAN_BBXC":119.867874,"MEAN_BBYC":31.740671,"TIMEZONE":"Asia/Shanghai","UN_FID":30,"POP1950":111,"POP1955":140,"POP1960":178,"POP1965":225,"POP1970":285,"POP1975":360,"POP1980":456,"POP1985":577,"POP1990":730,"POP1995":883,"POP2000":1068,"POP2005":1249,"POP2010":1327,"POP2015":1445,"POP2020":1622,"POP2025":1772,"POP2050":1894,"MIN_ZOOM":6,"WIKIDATAID":"Q57970","WOF_ID":102027709,"CAPALT":0,"NAME_EN":"Changzhou","NAME_DE":"Changzhou","NAME_ES":"Changzhou","NAME_FR":"Changzhou","NAME_PT":"Changzhou","NAME_RU":"Чанчжоу","NAME_ZH":"常州","LABEL":null,"NAME_AR":"تشانغتشو","NAME_BN":"ছাংচৌ","NAME_EL":"Τσανγκτσόου","NAME_HI":"चंग्ज़्हौ","NAME_HU":"Csangcsou","NAME_ID":"Changzhou","NAME_IT":"Changzhou","NAME_JA":"常州市","NAME_KO":"창저우시","NAME_NL":"Changzhou","NAME_PL":"Changzhou","NAME_SV":"Changzhou","NAME_TR":"Changzhou","NAME_VI":"Thường Châu","NE_ID":1159147099,"NAME_FA":"چانگژو","NAME_HE":"צ'אנג ג'ואו","NAME_UK":"Чанчжоу","NAME_UR":"چانگژو","NAME_ZHT":"常州市","GEONAMESID":1815456,"FCLASS_ISO":null,"FCLASS_US":null,"FCLASS_FR":null,"FCLASS_RU":null,"FCLASS_ES":null,"FCLASS_CN":null,"FCLASS_TW":null,"FCLASS_IN":null,"FCLASS_NP":null,"FCLASS_PK":null,"FCLASS_DE":null,"FCLASS_GB":null,"FCLASS_BR":null,"FCLASS_IL":null,"FCLASS_PS":null,"FCLASS_SA":null,"FCLASS_EG":null,"FCLASS_MA":null,"FCLASS_PT":null,"FCLASS_AR":null,"FCLASS_JP":null,"FCLASS_KO":null,"FCLASS_VN":null,"FCLASS_TR":null,"FCLASS_ID":null,"FCLASS_PL":null,"FCLASS_GR":null,"FCLASS_IT":null,"FCLASS_NL":null,"FCLASS_SE":null,"FCLASS_BD":null,"FCLASS_UA":null,"FCLASS_TLC":null},"bbox":[119.968033,31.78193,119.968033,31.78193],"geometry":{"type":"Point","coordinates":[119.968033,31.78193]}},{"type":"Feature","properties":{"SCALERANK":6,"NATSCALE":30,"LABELRANK":1,"FEATURECLA":"Populated place","NAME":"Zhenjiang","NAMEPAR":null,"NAMEALT":"Zhenjiang, Jiangsu","NAMEASCII":"Zhenjiang","ADM0CAP":0,"CAPIN":null,"WORLDCITY":0,"MEGACITY":1,"SOV0NAME":"China","SOV_A3":"CHN","ADM0NAME":"China","ADM0_A3":"CHN","ADM1NAME":"Jiangsu","ISO_A2":"CN","NOTE":null,"LATITUDE":32.221929,"LONGITUDE":119.428066,"POP_MAX":854000,"POP_MIN":632552,"POP_OTHER":1931896,"RANK_MAX":11,"RANK_MIN":11,"MEGANAME":"Zhenjiang, Jiangsu","LS_NAME":"Zhenjiang","MAX_POP10":1405921,"MAX_POP20":0,"MAX_POP50":0,"MAX_POP300":0,"MAX_POP310":0,"MAX_NATSCA":10,"MIN_AREAKM":510,"MAX_AREAKM":510,"MIN_AREAMI":197,"MAX_AREAMI":197,"MIN_PERKM":504,"MAX_PERKM":504,"MIN_PERMI":313,"MAX_PERMI":313,"MIN_BBXMIN":119.35,"MAX_BBXMIN":119.35,"MIN_BBXMAX":119.788261,"MAX_BBXMAX":119.788261,"MIN_BBYMIN":31.856846,"MAX_BBYMIN":31.856846,"MIN_BBYMAX":32.241667,"MAX_BBYMAX":32.241667,"MEAN_BBXC":119.565621,"MEAN_BBYC":32.08442,"TIMEZONE":"Asia/Shanghai","UN_FID":154,"POP1950":86,"POP1955":107,"POP1960":133,"POP1965":165,"POP1970":205,"POP1975":255,"POP1980":317,"POP1985":394,"POP1990":490,"POP1995":581,"POP2000":688,"POP2005":803,"POP2010":854,"POP2015":930,"POP2020":1047,"POP2025":1147,"POP2050":1230,"MIN_ZOOM":6,"WIKIDATAID":"Q57958","WOF_ID":102026897,"CAPALT":0,"NAME_EN":"Zhenjiang","NAME_DE":"Zhenjiang","NAME_ES":"Zhenjiang","NAME_FR":"Zhenjiang","NAME_PT":"Zhenjiang","NAME_RU":"Чжэньцзян","NAME_ZH":"镇江","LABEL":null,"NAME_AR":"تشنجيانغ","NAME_BN":"চেনচিয়াং","NAME_EL":"Τσεντσιάνγκ","NAME_HI":"ज़हेनजियांग","NAME_HU":"Csencsiang","NAME_ID":"Zhenjiang","NAME_IT":"Zhenjiang","NAME_JA":"鎮江市","NAME_KO":"전장시","NAME_NL":"Zhenjiang","NAME_PL":"Zhenjiang","NAME_SV":"Zhenjiang","NAME_TR":"Zhenjiang","NAME_VI":"Trấn Giang","NE_ID":1159147101,"NAME_FA":"جنجیانگ","NAME_HE":"ז'נג'יאנג","NAME_UK":"Чженьцзян","NAME_UR":"ژینجیانگ","NAME_ZHT":"鎮江市","GEONAMESID":1784642,"FCLASS_ISO":null,"FCLASS_US":null,"FCLASS_FR":null,"FCLASS_RU":null,"FCLASS_ES":null,"FCLASS_CN":null,"FCLASS_TW":null,"FCLASS_IN":null,"FCLASS_NP":null,"FCLASS_PK":null,"FCLASS_DE":null,"FCLASS_GB":null,"FCLASS_BR":null,"FCLASS_IL":null,"FCLASS_PS":null,"FCLASS_SA":null,"FCLASS_EG":null,"FCLASS_MA":null,"FCLASS_PT":null,"FCLASS_AR":null,"FCLASS_JP":null,"FCLASS_KO":null,"FCLASS_VN":null,"FCLASS_TR":null,"FCLASS_ID":null,"FCLASS_PL":null,"FCLASS_GR":null,"FCLASS_IT":null,"FCLASS_NL":null,"FCLASS_SE":null,"FCLASS_BD":null,"FCLASS_UA":null,"FCLASS_TLC":null},"bbox":[119.430481,32.17573,119.430481,32.17573],"geometry":{"type":"Point","coordinates":[119.430481,32.17573]}},{"type":"Feature","properties":{"SCALERANK":6,"NATSCALE":30,"LABELRANK":1,"FEATURECLA":"Populated place","NAME":"Nantong","NAMEPAR":null,"NAMEALT":null,"NAMEASCII":"Nantong","ADM0CAP":0,"CAPIN":null,"WORLDCITY":0,"MEGACITY":1,"SOV0NAME":"China","SOV_A3":"CHN","ADM0NAME":"China","ADM0_A3":"CHN","ADM1NAME":"Jiangsu","ISO_A2":"CN","NOTE":null,"LATITUDE":32.032328,"LONGITUDE":120.823072,"POP_MAX":947000,"POP_MIN":666251,"POP_OTHER":7471660,"RANK_MAX":11,"RANK_MIN":11,"MEGANAME":"Nantong","LS_NAME":"Nantong","MAX_POP10":6046801,"MAX_POP20":6050678,"MAX_POP50":0,"MAX_POP300":0,"MAX_POP310":0,"MAX_NATSCA":20,"MIN_AREAKM":5567,"MAX_AREAKM":5574,"MIN_AREAMI":2149,"MAX_AREAMI":2152,"MIN_PERKM":2212,"MAX_PERKM":2223,"MIN_PERMI":1374,"MAX_PERMI":1382,"MIN_BBXMIN":120.333333,"MAX_BBXMIN":120.333333,"MIN_BBXMAX":121.687403,"MAX_BBXMAX":121.687403,"MIN_BBYMIN":31.8,"MAX_BBYMIN":31.8,"MIN_BBYMAX":33.083333,"MAX_BBYMAX":33.083333,"MEAN_BBXC":120.936823,"MEAN_BBYC":32.249342,"TIMEZONE":"Asia/Shanghai","UN_FID":88,"POP1950":185,"POP1955":208,"POP1960":234,"POP1965":262,"POP1970":295,"POP1975":331,"POP1980":372,"POP1985":418,"POP1990":470,"POP1995":597,"POP2000":759,"POP2005":891,"POP2010":947,"POP2015":1031,"POP2020":1160,"POP2025":1269,"POP2050":1360,"MIN_ZOOM":6,"WIKIDATAID":"Q57947","WOF_ID":102027279,"CAPALT":0,"NAME_EN":"Nantong","NAME_DE":"Nantong","NAME_ES":"Nantong","NAME_FR":"Nantong","NAME_PT":"Nantong","NAME_RU":"Наньтун","NAME_ZH":"南通","LABEL":null,"NAME_AR":"نانتونغ","NAME_BN":"নানথুং","NAME_EL":"Ναντόνγκ","NAME_HI":"नानटोंग","NAME_HU":"Nantung","NAME_ID":"Nantong","NAME_IT":"Nantong","NAME_JA":"南通市","NAME_KO":"난퉁시","NAME_NL":"Nantong","NAME_PL":"Nantong","NAME_SV":"Nantong","NAME_TR":"Nantong","NAME_VI":"Nam Thông","NE_ID":1159147103,"NAME_FA":"نانتانگ","NAME_HE":"נאנטונג","NAME_UK":"Наньтун","NAME_UR":"نانتونگ","NAME_ZHT":"南通市","GEONAMESID":1799722,"FCLASS_ISO":null,"FCLASS_US":null,"FCLASS_FR":null,"FCLASS_RU":null,"FCLASS_ES":null,"FCLASS_CN":null,"FCLASS_TW":null,"FCLASS_IN":null,"FCLASS_NP":null,"FCLASS_PK":null,"FCLASS_DE":null,"FCLASS_GB":null,"FCLASS_BR":null,"FCLASS_IL":null,"FCLASS_PS":null,"FCLASS_SA":null,"FCLASS_EG":null,"FCLASS_MA":null,"FCLASS_PT":null,"FCLASS_AR":null,"FCLASS_JP":null,"FCLASS_KO":null,"FCLASS_VN":null,"FCLASS_TR":null,"FCLASS_ID":null,"FCLASS_PL":null,"FCLASS_GR":null,"FCLASS_IT":null,"FCLASS_NL":null,"FCLASS_SE":null,"FCLASS_BD":null,"FCLASS_UA":null,"FCLASS_TLC":null},"bbox":[120.924587,31.982269,120.924587,31.982269],"geometry":{"type":"Point","coordinates":[120.924587,31.982269]}},{"type":"Feature","properties":{"SCALERANK":6,"NATSCALE":30,"LABELRANK":1,"FEATURECLA":"Populated place","NAME":"Jiaxing","NAMEPAR":null,"NAMEALT":null,"NAMEASCII":"Jiaxing","ADM0CAP":0,"CAPIN":null,"WORLDCITY":0,"MEGACITY":1,"SOV0NAME":"China","SOV_A3":"CHN","ADM0NAME":"China","ADM0_A3":"CHN","ADM1NAME":"Zhejiang","ISO_A2":"CN","NOTE":null,"LATITUDE":30.772353,"LONGITUDE":120.748037,"POP_MAX":988000,"POP_MIN":466101,"POP_OTHER":3400521,"RANK_MAX":11,"RANK_MIN":10,"MEGANAME":"Jiaxing","LS_NAME":"Jiaxing","MAX_POP10":3611092,"MAX_POP20":3611092,"MAX_POP50":0,"MAX_POP300":0,"MAX_POP310":0,"MAX_NATSCA":20,"MIN_AREAKM":2363,"MAX_AREAKM":2363,"MIN_AREAMI":912,"MAX_AREAMI":912,"MIN_PERKM":2470,"MAX_PERKM":2470,"MIN_PERMI":1535,"MAX_PERMI":1535,"MIN_BBXMIN":120.389399,"MAX_BBXMIN":120.389399,"MIN_BBXMAX":121.283952,"MAX_BBXMAX":121.283952,"MIN_BBYMIN":30.356188,"MAX_BBYMIN":30.356188,"MIN_BBYMAX":31.075494,"MAX_BBYMAX":31.075494,"MEAN_BBXC":120.770921,"MEAN_BBYC":30.715077,"TIMEZONE":"Asia/Shanghai","UN_FID":60,"POP1950":448,"POP1955":477,"POP1960":508,"POP1965":541,"POP1970":576,"POP1975":613,"POP1980":653,"POP1985":696,"POP1990":741,"POP1995":806,"POP2000":877,"POP2005":954,"POP2010":988,"POP2015":1047,"POP2020":1160,"POP2025":1268,"POP2050":1359,"MIN_ZOOM":6,"WIKIDATAID":"Q58178","WOF_ID":102027471,"CAPALT":0,"NAME_EN":"Jiaxing","NAME_DE":"Jiaxing","NAME_ES":"Jiaxing","NAME_FR":"Jiaxing","NAME_PT":"Jiaxing","NAME_RU":"Цзясин","NAME_ZH":"嘉兴","LABEL":null,"NAME_AR":"جياشينغ","NAME_BN":"চিয়াশিং","NAME_EL":"Τζίαξινγκ","NAME_HI":"जियाक्सिंग","NAME_HU":"Csiahszing","NAME_ID":"Jiaxing","NAME_IT":"Jiaxing","NAME_JA":"嘉興市","NAME_KO":"자싱시","NAME_NL":"Jiaxing","NAME_PL":"Jiaxing","NAME_SV":"Jiaxing","NAME_TR":"Jiaxing","NAME_VI":"Gia Hưng","NE_ID":1159147105,"NAME_FA":"جیشانگ","NAME_HE":"ג'יאשׂינג","NAME_UK":"Цзясін","NAME_UR":"جیاشنگ","NAME_ZHT":"嘉興市","GEONAMESID":1805953,"FCLASS_ISO":null,"FCLASS_US":null,"FCLASS_FR":null,"FCLASS_RU":null,"FCLASS_ES":null,"FCLASS_CN":null,"FCLASS_TW":null,"FCLASS_IN":null,"FCLASS_NP":null,"FCLASS_PK":null,"FCLASS_DE":null,"FCLASS_GB":null,"FCLASS_BR":null,"FCLASS_IL":null,"FCLASS_PS":null,"FCLASS_SA":null,"FCLASS_EG":null,"FCLASS_MA":null,"FCLASS_PT":null,"FCLASS_AR":null,"FCLASS_JP":null,"FCLASS_KO":null,"FCLASS_VN":null,"FCLASS_TR":null,"FCLASS_ID":null,"FCLASS_PL":null,"FCLASS_GR":null,"FCLASS_IT":null,"FCLASS_NL":null,"FCLASS_SE":null,"FCLASS_BD":null,"FCLASS_UA":null,"FCLASS_TLC":null},"bbox":[120.748037,30.772353,120.748037,30.772353],"geometry":{"type":"Point","coordinates":[120.748037,30.772353]}},{"type":"Feature","properties":{"SCALERANK":6,"NATSCALE":30,"LABELRANK":1,"FEATURECLA":"Populated place","NAME":"Huzhou","NAMEPAR":null,"NAMEALT":null,"NAMEASCII":"Huzhou","ADM0CAP":0,"CAPIN":null,"WORLDCITY":0,"MEGACITY":1,"SOV0NAME":"China","SOV_A3":"CHN","ADM0NAME":"China","ADM0_A3":"CHN","ADM1NAME":"Zhejiang","ISO_A2":"CN","NOTE":null,"LATITUDE":30.872321,"LONGITUDE":120.098051,"POP_MAX":1231000,"POP_MIN":158320,"POP_OTHER":1913652,"RANK_MAX":12,"RANK_MIN":9,"MEGANAME":"Huzhou","LS_NAME":"Huzhou","MAX_POP10":1920405,"MAX_POP20":1920405,"MAX_POP50":0,"MAX_POP300":0,"MAX_POP310":0,"MAX_NATSCA":20,"MIN_AREAKM":1487,"MAX_AREAKM":1487,"MIN_AREAMI":574,"MAX_AREAMI":574,"MIN_PERKM":1678,"MAX_PERKM":1678,"MIN_PERMI":1043,"MAX_PERMI":1043,"MIN_BBXMIN":119.358333,"MAX_BBXMIN":119.358333,"MIN_BBXMAX":120.446259,"MAX_BBXMAX":120.446259,"MIN_BBYMIN":30.561692,"MAX_BBYMIN":30.561692,"MIN_BBYMAX":31.141667,"MAX_BBYMAX":31.141667,"MEAN_BBXC":119.975122,"MEAN_BBYC":30.862037,"TIMEZONE":"Asia/Shanghai","UN_FID":57,"POP1950":678,"POP1955":714,"POP1960":752,"POP1965":793,"POP1970":835,"POP1975":879,"POP1980":926,"POP1985":976,"POP1990":1028,"POP1995":1083,"POP2000":1141,"POP2005":1203,"POP2010":1231,"POP2015":1288,"POP2020":1416,"POP2025":1545,"POP2050":1654,"MIN_ZOOM":6,"WIKIDATAID":"Q42664","WOF_ID":102027497,"CAPALT":0,"NAME_EN":"Huzhou","NAME_DE":"Huzhou","NAME_ES":"Huzhou","NAME_FR":"Huzhou","NAME_PT":"Huzhou","NAME_RU":"Хучжоу","NAME_ZH":"湖州","LABEL":null,"NAME_AR":"هوتشو","NAME_BN":"হুচৌ","NAME_EL":"Χούτζοου","NAME_HI":"हुज़ोउ","NAME_HU":"Huzhou","NAME_ID":"Huzhou","NAME_IT":"Huzhou","NAME_JA":"湖州市","NAME_KO":"후저우시","NAME_NL":"Huzhou","NAME_PL":"Huzhou","NAME_SV":"Huzhou","NAME_TR":"Huzhou","NAME_VI":"Hồ Châu","NE_ID":1159147109,"NAME_FA":"هوجا","NAME_HE":"הוז'ואו","NAME_UK":"Хучжоу","NAME_UR":"ہوثوو","NAME_ZHT":"湖州市","GEONAMESID":1806535,"FCLASS_ISO":null,"FCLASS_US":null,"FCLASS_FR":null,"FCLASS_RU":null,"FCLASS_ES":null,"FCLASS_CN":null,"FCLASS_TW":null,"FCLASS_IN":null,"FCLASS_NP":null,"FCLASS_PK":null,"FCLASS_DE":null,"FCLASS_GB":null,"FCLASS_BR":null,"FCLASS_IL":null,"FCLASS_PS":null,"FCLASS_SA":null,"FCLASS_EG":null,"FCLASS_MA":null,"FCLASS_PT":null,"FCLASS_AR":null,"FCLASS_JP":null,"FCLASS_KO":null,"FCLASS_VN":null,"FCLASS_TR":null,"FCLASS_ID":null,"FCLASS_PL":null,"FCLASS_GR":null,"FCLASS_IT":null,"FCLASS_NL":null,"FCLASS_SE":null,"FCLASS_BD":null,"FCLASS_UA":null,"FCLASS_TLC":null},"bbox":[120.098051,30.872321,120.098051,30.872321],"geometry":{"type":"Point","coordinates":[120.098051,30.872321]}},{"type":"Feature","properties":{"SCALERANK":6,"NATSCALE":30,"LABELRANK":1,"FEATURECLA":"Populated place","NAME":"Shaoxing","NAMEPAR":null,"NAMEALT":null,"NAMEASCII":"Shaoxing","ADM0CAP":0,"CAPIN":null,"WORLDCITY":0,"MEGACITY":1,"SOV0NAME":"China","SOV_A3":"CHN","ADM0NAME":"China","ADM0_A3":"CHN","ADM1NAME":"Zhejiang","ISO_A2":"CN","NOTE":null,"LATITUDE":30.002323,"LONGITUDE":120.5681,"POP_MAX":777000,"POP_MIN":421283,"POP_OTHER":3412544,"RANK_MAX":11,"RANK_MIN":10,"MEGANAME":"Shaoxing","LS_NAME":"Shaoxing","MAX_POP10":2443367,"MAX_POP20":2443367,"MAX_POP50":0,"MAX_POP300":0,"MAX_POP310":0,"MAX_NATSCA":20,"MIN_AREAKM":1151,"MAX_AREAKM":1151,"MIN_AREAMI":445,"MAX_AREAMI":445,"MIN_PERKM":869,"MAX_PERKM":869,"MIN_PERMI":540,"MAX_PERMI":540,"MIN_BBXMIN":120.375,"MAX_BBXMIN":120.375,"MIN_BBXMAX":121.092894,"MAX_BBXMAX":121.092894,"MIN_BBYMIN":29.875,"MAX_BBYMIN":29.875,"MIN_BBYMAX":30.35,"MAX_BBYMAX":30.35,"MEAN_BBXC":120.670607,"MEAN_BBYC":30.083009,"TIMEZONE":"Asia/Shanghai","UN_FID":101,"POP1950":64,"POP1955":78,"POP1960":94,"POP1965":114,"POP1970":138,"POP1975":166,"POP1980":201,"POP1985":243,"POP1990":293,"POP1995":426,"POP2000":617,"POP2005":731,"POP2010":777,"POP2015":846,"POP2020":953,"POP2025":1045,"POP2050":1121,"MIN_ZOOM":6,"WIKIDATAID":"Q42666","WOF_ID":102027169,"CAPALT":0,"NAME_EN":"Shaoxing","NAME_DE":"Shaoxing","NAME_ES":"Shaoxing","NAME_FR":"Shaoxing","NAME_PT":"Shaoxing","NAME_RU":"Шаосин","NAME_ZH":"绍兴","LABEL":null,"NAME_AR":"شاوكسينج","NAME_BN":"শাওশিং","NAME_EL":"Σάοσιν","NAME_HI":"शाओसिंग","NAME_HU":"Saohszing","NAME_ID":"Shaoxing","NAME_IT":"Shaoxing","NAME_JA":"紹興市","NAME_KO":"사오싱시","NAME_NL":"Shaoxing","NAME_PL":"Shaoxing","NAME_SV":"Shaoxing","NAME_TR":"Shaoxing","NAME_VI":"Thiệu Hưng","NE_ID":1159147111,"NAME_FA":"شاوشینگ","NAME_HE":"שאושינג","NAME_UK":"Шаосін","NAME_UR":"شاوشنگ","NAME_ZHT":"紹興市","GEONAMESID":1795855,"FCLASS_ISO":null,"FCLASS_US":null,"FCLASS_FR":null,"FCLASS_RU":null,"FCLASS_ES":null,"FCLASS_CN":null,"FCLASS_TW":null,"FCLASS_IN":null,"FCLASS_NP":null,"FCLASS_PK":null,"FCLASS_DE":null,"FCLASS_GB":null,"FCLASS_BR":null,"FCLASS_IL":null,"FCLASS_PS":null,"FCLASS_SA":null,"FCLASS_EG":null,"FCLASS_MA":null,"FCLASS_PT":null,"FCLASS_AR":null,"FCLASS_JP":null,"FCLASS_KO":null,"FCLASS_VN":null,"FCLASS_TR":null,"FCLASS_ID":null,"FCLASS_PL":null,"FCLASS_GR":null,"FCLASS_IT":null,"FCLASS_NL":null,"FCLASS_SE":null,"FCLASS_BD":null,"FCLASS_UA":null,"FCLASS_TLC":null},"bbox":[120.5681,30.002323,120.5681,30.002323],"geometry":{"type":"Point","coordinates":[120.5681,30.002323]}},{"type":"Feature","properties":{"SCALERANK":6,"NATSCALE":30,"LABELRANK":1,"FEATURECLA":"Populated place","NAME":"Jinhua","NAMEPAR":null,"NAMEALT":null,"NAMEASCII":"Jinhua","ADM0CAP":0,"CAPIN":null,"WORLDCITY":0,"MEGACITY":0,"SOV0NAME":"China","SOV_A3":"CHN","ADM0NAME":"China","ADM0_A3":"CHN","ADM1NAME":"Zhejiang","ISO_A2":"CN","NOTE":null,"LATITUDE":29.120043,"LONGITUDE":119.649999,"POP_MAX":1092852,"POP_MIN":142206,"POP_OTHER":2928352,"RANK_MAX":12,"RANK_MIN":9,"MEGANAME":null,"LS_NAME":"Jinhua","MAX_POP10":1159114,"MAX_POP20":1159114,"MAX_POP50":1172475,"MAX_POP300":0,"MAX_POP310":0,"MAX_NATSCA":50,"MIN_AREAKM":688,"MAX_AREAKM":702,"MIN_AREAMI":266,"MAX_AREAMI":271,"MIN_PERKM":691,"MAX_PERKM":715,"MIN_PERMI":429,"MAX_PERMI":444,"MIN_BBXMIN":119.158333,"MAX_BBXMIN":119.220568,"MIN_BBXMAX":119.8,"MAX_BBXMAX":119.8,"MIN_BBYMIN":28.991667,"MAX_BBYMIN":28.991667,"MIN_BBYMAX":29.35,"MAX_BBYMAX":29.35,"MEAN_BBXC":119.496222,"MEAN_BBYC":29.160836,"TIMEZONE":"Asia/Shanghai","UN_FID":0,"POP1950":0,"POP1955":0,"POP1960":0,"POP1965":0,"POP1970":0,"POP1975":0,"POP1980":0,"POP1985":0,"POP1990":0,"POP1995":0,"POP2000":0,"POP2005":0,"POP2010":0,"POP2015":0,"POP2020":0,"POP2025":0,"POP2050":0,"MIN_ZOOM":6,"WIKIDATAID":"Q58210","WOF_ID":102027445,"CAPALT":0,"NAME_EN":"Jinhua","NAME_DE":"Jinhua","NAME_ES":"Jinhua","NAME_FR":"Jinhua","NAME_PT":"Jinhua","NAME_RU":"Цзиньхуа","NAME_ZH":"金华","LABEL":null,"NAME_AR":"جينهوا","NAME_BN":"চিনহুয়া","NAME_EL":"Τζινχούα","NAME_HI":"जिन्हुआ","NAME_HU":"Jinhua","NAME_ID":"Jinhua","NAME_IT":"Jinhua","NAME_JA":"金華市","NAME_KO":"진화시","NAME_NL":"Jinhua","NAME_PL":"Jinhua","NAME_SV":"Jinhua","NAME_TR":"Jinhua","NAME_VI":"Kim Hoa","NE_ID":1159147113,"NAME_FA":"جینهوا","NAME_HE":"יוחווה","NAME_UK":"Цзіньхуа","NAME_UR":"جنہوا","NAME_ZHT":"金華市","GEONAMESID":1805528,"FCLASS_ISO":null,"FCLASS_US":null,"FCLASS_FR":null,"FCLASS_RU":null,"FCLASS_ES":null,"FCLASS_CN":null,"FCLASS_TW":null,"FCLASS_IN":null,"FCLASS_NP":null,"FCLASS_PK":null,"FCLASS_DE":null,"FCLASS_GB":null,"FCLASS_BR":null,"FCLASS_IL":null,"FCLASS_PS":null,"FCLASS_SA":null,"FCLASS_EG":null,"FCLASS_MA":null,"FCLASS_PT":null,"FCLASS_AR":null,"FCLASS_JP":null,"FCLASS_KO":null,"FCLASS_VN":null,"FCLASS_TR":null,"FCLASS_ID":null,"FCLASS_PL":null,"FCLASS_GR":null,"FCLASS_IT":null,"FCLASS_NL":null,"FCLASS_SE":null,"FCLASS_BD":null,"FCLASS_UA":null,"FCLASS_TLC":null},"bbox":[119.649999,29.120043,119.649999,29.120043],"geometry":{"type":"Point","coordinates":[119.649999,29.120043]}},{"type":"Feature","properties":{"SCALERANK":6,"NATSCALE":30,"LABELRANK":1,"FEATURECLA":"Populated place","NAME":"Liaoyuan","NAMEPAR":null,"NAMEALT":null,"NAMEASCII":"Liaoyuan","ADM0CAP":0,"CAPIN":null,"WORLDCITY":0,"MEGACITY":0,"SOV0NAME":"China","SOV_A3":"CHN","ADM0NAME":"China","ADM0_A3":"CHN","ADM1NAME":"Jilin","ISO_A2":"CN","NOTE":null,"LATITUDE":42.899977,"LONGITUDE":125.129974,"POP_MAX":506548,"POP_MIN":465249,"POP_OTHER":475728,"RANK_MAX":11,"RANK_MIN":10,"MEGANAME":null,"LS_NAME":"Liaoyuan","MAX_POP10":506548,"MAX_POP20":0,"MAX_POP50":0,"MAX_POP300":0,"MAX_POP310":0,"MAX_NATSCA":10,"MIN_AREAKM":153,"MAX_AREAKM":153,"MIN_AREAMI":59,"MAX_AREAMI":59,"MIN_PERKM":154,"MAX_PERKM":154,"MIN_PERMI":96,"MAX_PERMI":96,"MIN_BBXMIN":124.95,"MAX_BBXMIN":124.95,"MIN_BBXMAX":125.233333,"MAX_BBXMAX":125.233333,"MIN_BBYMIN":42.833333,"MAX_BBYMIN":42.833333,"MIN_BBYMAX":43,"MAX_BBYMAX":43,"MEAN_BBXC":125.108145,"MEAN_BBYC":42.918398,"TIMEZONE":"Asia/Harbin","UN_FID":0,"POP1950":0,"POP1955":0,"POP1960":0,"POP1965":0,"POP1970":0,"POP1975":0,"POP1980":0,"POP1985":0,"POP1990":0,"POP1995":0,"POP2000":0,"POP2005":0,"POP2010":0,"POP2015":0,"POP2020":0,"POP2025":0,"POP2050":0,"MIN_ZOOM":6,"WIKIDATAID":"Q92311","WOF_ID":890512903,"CAPALT":0,"NAME_EN":"Liaoyuan","NAME_DE":"Liaoyuan","NAME_ES":"Liaoyuan","NAME_FR":"Liaoyuan","NAME_PT":"Liaoyuan","NAME_RU":"Ляоюань","NAME_ZH":"辽源","LABEL":null,"NAME_AR":"لياويوان","NAME_BN":"লিয়াওউয়ান","NAME_EL":"Λιαογιουάν","NAME_HI":"लिआओयूआन","NAME_HU":"Liaoyuan","NAME_ID":"Liaoyuan","NAME_IT":"Liaoyuan","NAME_JA":"遼源市","NAME_KO":"랴오위안시","NAME_NL":"Liaoyuan","NAME_PL":"Liaoyuan","NAME_SV":"Liaoyuan","NAME_TR":"Liaoyuan","NAME_VI":"Liêu Nguyên","NE_ID":1159147115,"NAME_FA":"لیاویوان","NAME_HE":"ליאויואן","NAME_UK":"Ляоюань","NAME_UR":"لیاویوان","NAME_ZHT":"遼源市","GEONAMESID":2036109,"FCLASS_ISO":null,"FCLASS_US":null,"FCLASS_FR":null,"FCLASS_RU":null,"FCLASS_ES":null,"FCLASS_CN":null,"FCLASS_TW":null,"FCLASS_IN":null,"FCLASS_NP":null,"FCLASS_PK":null,"FCLASS_DE":null,"FCLASS_GB":null,"FCLASS_BR":null,"FCLASS_IL":null,"FCLASS_PS":null,"FCLASS_SA":null,"FCLASS_EG":null,"FCLASS_MA":null,"FCLASS_PT":null,"FCLASS_AR":null,"FCLASS_JP":null,"FCLASS_KO":null,"FCLASS_VN":null,"FCLASS_TR":null,"FCLASS_ID":null,"FCLASS_PL":null,"FCLASS_GR":null,"FCLASS_IT":null,"FCLASS_NL":null,"FCLASS_SE":null,"FCLASS_BD":null,"FCLASS_UA":null,"FCLASS_TLC":null},"bbox":[125.129974,42.899977,125.129974,42.899977],"geometry":{"type":"Point","coordinates":[125.129974,42.899977]}},{"type":"Feature","properties":{"SCALERANK":6,"NATSCALE":30,"LABELRANK":1,"FEATURECLA":"Populated place","NAME":"Siping","NAMEPAR":null,"NAMEALT":null,"NAMEASCII":"Siping","ADM0CAP":0,"CAPIN":null,"WORLDCITY":0,"MEGACITY":0,"SOV0NAME":"China","SOV_A3":"CHN","ADM0NAME":"China","ADM0_A3":"CHN","ADM1NAME":"Jilin","ISO_A2":"CN","NOTE":null,"LATITUDE":43.170012,"LONGITUDE":124.330023,"POP_MAX":555609,"POP_MIN":502013,"POP_OTHER":487166,"RANK_MAX":11,"RANK_MIN":11,"MEGANAME":null,"LS_NAME":"Siping","MAX_POP10":502013,"MAX_POP20":502013,"MAX_POP50":502013,"MAX_POP300":0,"MAX_POP310":0,"MAX_NATSCA":50,"MIN_AREAKM":188,"MAX_AREAKM":188,"MIN_AREAMI":72,"MAX_AREAMI":72,"MIN_PERKM":213,"MAX_PERKM":213,"MIN_PERMI":132,"MAX_PERMI":132,"MIN_BBXMIN":124.225,"MAX_BBXMIN":124.225,"MIN_BBXMAX":124.466667,"MAX_BBXMAX":124.466667,"MIN_BBYMIN":43.066667,"MAX_BBYMIN":43.066667,"MIN_BBYMAX":43.258333,"MAX_BBYMAX":43.258333,"MEAN_BBXC":124.358403,"MEAN_BBYC":43.165203,"TIMEZONE":"Asia/Harbin","UN_FID":0,"POP1950":0,"POP1955":0,"POP1960":0,"POP1965":0,"POP1970":0,"POP1975":0,"POP1980":0,"POP1985":0,"POP1990":0,"POP1995":0,"POP2000":0,"POP2005":0,"POP2010":0,"POP2015":0,"POP2020":0,"POP2025":0,"POP2050":0,"MIN_ZOOM":6,"WIKIDATAID":"Q92297","WOF_ID":102027873,"CAPALT":0,"NAME_EN":"Siping","NAME_DE":"Siping","NAME_ES":"Siping","NAME_FR":"Siping","NAME_PT":"Siping","NAME_RU":"Сыпин","NAME_ZH":"四平","LABEL":null,"NAME_AR":"سينبينغ","NAME_BN":"সিপিং","NAME_EL":"Σίπινγκ","NAME_HI":"सिपिंग","NAME_HU":"Szeping","NAME_ID":"Siping","NAME_IT":"Siping","NAME_JA":"四平市","NAME_KO":"쓰핑시","NAME_NL":"Siping","NAME_PL":"Siping","NAME_SV":"Siping","NAME_TR":"Siping","NAME_VI":"Tứ Bình","NE_ID":1159147119,"NAME_FA":"سیپینگ","NAME_HE":"סיפינג","NAME_UK":"Сипін","NAME_UR":"سپنگ","NAME_ZHT":"四平市","GEONAMESID":2034714,"FCLASS_ISO":null,"FCLASS_US":null,"FCLASS_FR":null,"FCLASS_RU":null,"FCLASS_ES":null,"FCLASS_CN":null,"FCLASS_TW":null,"FCLASS_IN":null,"FCLASS_NP":null,"FCLASS_PK":null,"FCLASS_DE":null,"FCLASS_GB":null,"FCLASS_BR":null,"FCLASS_IL":null,"FCLASS_PS":null,"FCLASS_SA":null,"FCLASS_EG":null,"FCLASS_MA":null,"FCLASS_PT":null,"FCLASS_AR":null,"FCLASS_JP":null,"FCLASS_KO":null,"FCLASS_VN":null,"FCLASS_TR":null,"FCLASS_ID":null,"FCLASS_PL":null,"FCLASS_GR":null,"FCLASS_IT":null,"FCLASS_NL":null,"FCLASS_SE":null,"FCLASS_BD":null,"FCLASS_UA":null,"FCLASS_TLC":null},"bbox":[124.330023,43.170012,124.330023,43.170012],"geometry":{"type":"Point","coordinates":[124.330023,43.170012]}},{"type":"Feature","properties":{"SCALERANK":6,"NATSCALE":30,"LABELRANK":1,"FEATURECLA":"Populated place","NAME":"Qitaihe","NAMEPAR":null,"NAMEALT":null,"NAMEASCII":"Qitaihe","ADM0CAP":0,"CAPIN":null,"WORLDCITY":0,"MEGACITY":0,"SOV0NAME":"China","SOV_A3":"CHN","ADM0NAME":"China","ADM0_A3":"CHN","ADM1NAME":"Heilongjiang","ISO_A2":"CN","NOTE":null,"LATITUDE":45.799981,"LONGITUDE":130.850039,"POP_MAX":450617,"POP_MIN":345033,"POP_OTHER":410728,"RANK_MAX":10,"RANK_MIN":10,"MEGANAME":null,"LS_NAME":"Qitaihe","MAX_POP10":450617,"MAX_POP20":0,"MAX_POP50":0,"MAX_POP300":0,"MAX_POP310":0,"MAX_NATSCA":10,"MIN_AREAKM":211,"MAX_AREAKM":211,"MIN_AREAMI":81,"MAX_AREAMI":81,"MIN_PERKM":165,"MAX_PERKM":165,"MIN_PERMI":103,"MAX_PERMI":103,"MIN_BBXMIN":130.791667,"MAX_BBXMIN":130.791667,"MIN_BBXMAX":131.225,"MAX_BBXMAX":131.225,"MIN_BBYMIN":45.733333,"MAX_BBYMIN":45.733333,"MIN_BBYMAX":45.858333,"MAX_BBYMAX":45.858333,"MEAN_BBXC":130.971712,"MEAN_BBYC":45.794979,"TIMEZONE":"Asia/Harbin","UN_FID":0,"POP1950":0,"POP1955":0,"POP1960":0,"POP1965":0,"POP1970":0,"POP1975":0,"POP1980":0,"POP1985":0,"POP1990":0,"POP1995":0,"POP2000":0,"POP2005":0,"POP2010":0,"POP2015":0,"POP2020":0,"POP2025":0,"POP2050":0,"MIN_ZOOM":6,"WIKIDATAID":"Q349979","WOF_ID":890516381,"CAPALT":0,"NAME_EN":"Qitaihe","NAME_DE":"Qitaihe","NAME_ES":"Qitaihe","NAME_FR":"Qitaihe","NAME_PT":"Qitaihe","NAME_RU":"Цитайхэ","NAME_ZH":"七台河","LABEL":null,"NAME_AR":"كيتايهي","NAME_BN":"ছিথাইহো","NAME_EL":"Τσιτάιχε","NAME_HI":"कविताहै","NAME_HU":"Qitaihe","NAME_ID":"Qitaihe","NAME_IT":"Qitaihe","NAME_JA":"七台河市","NAME_KO":"치타이허시","NAME_NL":"Qitaihe","NAME_PL":"Qitaihe","NAME_SV":"Qitaihe","NAME_TR":"Qitaihe","NAME_VI":"Thất Đài Hà","NE_ID":1159147145,"NAME_FA":"کیتایهی","NAME_HE":"קיטאיחה","NAME_UK":"Цітайхе","NAME_UR":"چیتائہے","NAME_ZHT":"七台河市","GEONAMESID":2035261,"FCLASS_ISO":null,"FCLASS_US":null,"FCLASS_FR":null,"FCLASS_RU":null,"FCLASS_ES":null,"FCLASS_CN":null,"FCLASS_TW":null,"FCLASS_IN":null,"FCLASS_NP":null,"FCLASS_PK":null,"FCLASS_DE":null,"FCLASS_GB":null,"FCLASS_BR":null,"FCLASS_IL":null,"FCLASS_PS":null,"FCLASS_SA":null,"FCLASS_EG":null,"FCLASS_MA":null,"FCLASS_PT":null,"FCLASS_AR":null,"FCLASS_JP":null,"FCLASS_KO":null,"FCLASS_VN":null,"FCLASS_TR":null,"FCLASS_ID":null,"FCLASS_PL":null,"FCLASS_GR":null,"FCLASS_IT":null,"FCLASS_NL":null,"FCLASS_SE":null,"FCLASS_BD":null,"FCLASS_UA":null,"FCLASS_TLC":null},"bbox":[131.00906,45.767852,131.00906,45.767852],"geometry":{"type":"Point","coordinates":[131.00906,45.767852]}},{"type":"Feature","properties":{"SCALERANK":6,"NATSCALE":30,"LABELRANK":1,"FEATURECLA":"Populated place","NAME":"Mudangiang","NAMEPAR":null,"NAMEALT":"Mudanjiang","NAMEASCII":"Mudangiang","ADM0CAP":0,"CAPIN":null,"WORLDCITY":0,"MEGACITY":1,"SOV0NAME":"China","SOV_A3":"CHN","ADM0NAME":"China","ADM0_A3":"CHN","ADM1NAME":"Heilongjiang","ISO_A2":"CN","NOTE":null,"LATITUDE":44.576963,"LONGITUDE":129.588066,"POP_MAX":1244000,"POP_MIN":665915,"POP_OTHER":702067,"RANK_MAX":12,"RANK_MIN":11,"MEGANAME":"Mudanjiang","LS_NAME":"Mudangiang","MAX_POP10":732112,"MAX_POP20":732112,"MAX_POP50":732112,"MAX_POP300":0,"MAX_POP310":0,"MAX_NATSCA":50,"MIN_AREAKM":175,"MAX_AREAKM":175,"MIN_AREAMI":68,"MAX_AREAMI":68,"MIN_PERKM":178,"MAX_PERKM":178,"MIN_PERMI":110,"MAX_PERMI":110,"MIN_BBXMIN":129.516667,"MAX_BBXMIN":129.516667,"MIN_BBXMAX":129.725,"MAX_BBXMAX":129.725,"MIN_BBYMIN":44.475,"MAX_BBYMIN":44.475,"MIN_BBYMAX":44.708333,"MAX_BBYMAX":44.708333,"MEAN_BBXC":129.622582,"MEAN_BBYC":44.587179,"TIMEZONE":"Asia/Harbin","UN_FID":83,"POP1950":209,"POP1955":245,"POP1960":287,"POP1965":337,"POP1970":396,"POP1975":464,"POP1980":545,"POP1985":640,"POP1990":751,"POP1995":868,"POP2000":1004,"POP2005":1171,"POP2010":1244,"POP2015":1355,"POP2020":1521,"POP2025":1662,"POP2050":1778,"MIN_ZOOM":6,"WIKIDATAID":"Q217646","WOF_ID":102027885,"CAPALT":0,"NAME_EN":"Mudanjiang","NAME_DE":"Mudanjiang","NAME_ES":"Mudanjiang","NAME_FR":"Mudanjiang","NAME_PT":"Mudanjiang","NAME_RU":"Муданьцзян","NAME_ZH":"牡丹江","LABEL":null,"NAME_AR":"مودانجيانغ","NAME_BN":"মুতানচিয়াং","NAME_EL":"Μουνταντζιάνγκ","NAME_HI":"मुदान्जियांग","NAME_HU":"Mudangiang","NAME_ID":"Mudanjiang","NAME_IT":"Mudanjiang","NAME_JA":"牡丹江市","NAME_KO":"무단장시","NAME_NL":"Mudanjiang","NAME_PL":"Mudanjiang","NAME_SV":"Mudanjiang","NAME_TR":"Mudanjiang","NAME_VI":"Mẫu Đơn Giang","NE_ID":1159147155,"NAME_FA":"مودانجیانگ","NAME_HE":"מודנגיאנג","NAME_UK":"Муданьцзян","NAME_UR":"مودانجیانگ","NAME_ZHT":"牡丹江市","GEONAMESID":2035715,"FCLASS_ISO":null,"FCLASS_US":null,"FCLASS_FR":null,"FCLASS_RU":null,"FCLASS_ES":null,"FCLASS_CN":null,"FCLASS_TW":null,"FCLASS_IN":null,"FCLASS_NP":null,"FCLASS_PK":null,"FCLASS_DE":null,"FCLASS_GB":null,"FCLASS_BR":null,"FCLASS_IL":null,"FCLASS_PS":null,"FCLASS_SA":null,"FCLASS_EG":null,"FCLASS_MA":null,"FCLASS_PT":null,"FCLASS_AR":null,"FCLASS_JP":null,"FCLASS_KO":null,"FCLASS_VN":null,"FCLASS_TR":null,"FCLASS_ID":null,"FCLASS_PL":null,"FCLASS_GR":null,"FCLASS_IT":null,"FCLASS_NL":null,"FCLASS_SE":null,"FCLASS_BD":null,"FCLASS_UA":null,"FCLASS_TLC":null},"bbox":[129.588066,44.576963,129.588066,44.576963],"geometry":{"type":"Point","coordinates":[129.588066,44.576963]}},{"type":"Feature","properties":{"SCALERANK":6,"NATSCALE":30,"LABELRANK":1,"FEATURECLA":"Populated place","NAME":"Warangal","NAMEPAR":null,"NAMEALT":null,"NAMEASCII":"Warangal","ADM0CAP":0,"CAPIN":null,"WORLDCITY":0,"MEGACITY":0,"SOV0NAME":"India","SOV_A3":"IND","ADM0NAME":"India","ADM0_A3":"IND","ADM1NAME":"Telangana","ISO_A2":"IN","NOTE":null,"LATITUDE":18.009998,"LONGITUDE":79.57999,"POP_MAX":1203853,"POP_MIN":865527,"POP_OTHER":1506917,"RANK_MAX":12,"RANK_MIN":11,"MEGANAME":null,"LS_NAME":"Warangal","MAX_POP10":1203853,"MAX_POP20":1203853,"MAX_POP50":0,"MAX_POP300":0,"MAX_POP310":0,"MAX_NATSCA":20,"MIN_AREAKM":691,"MAX_AREAKM":691,"MIN_AREAMI":267,"MAX_AREAMI":267,"MIN_PERKM":832,"MAX_PERKM":832,"MIN_PERMI":517,"MAX_PERMI":517,"MIN_BBXMIN":79.441667,"MAX_BBXMIN":79.441667,"MIN_BBXMAX":79.991667,"MAX_BBXMAX":79.991667,"MIN_BBYMIN":17.925,"MAX_BBYMIN":17.925,"MIN_BBYMAX":18.408333,"MAX_BBYMAX":18.408333,"MEAN_BBXC":79.695147,"MEAN_BBYC":18.109735,"TIMEZONE":"Asia/Kolkata","UN_FID":0,"POP1950":0,"POP1955":0,"POP1960":0,"POP1965":0,"POP1970":0,"POP1975":0,"POP1980":0,"POP1985":0,"POP1990":0,"POP1995":0,"POP2000":0,"POP2005":0,"POP2010":0,"POP2015":0,"POP2020":0,"POP2025":0,"POP2050":0,"MIN_ZOOM":6,"WIKIDATAID":"Q25563103","WOF_ID":102028231,"CAPALT":0,"NAME_EN":"Warangal","NAME_DE":"Varangal","NAME_ES":"Warangal","NAME_FR":"Varangal","NAME_PT":"Warangal","NAME_RU":"Варангал","NAME_ZH":"瓦朗加尔","LABEL":null,"NAME_AR":"ورنجل","NAME_BN":"ওয়ারঙ্গল","NAME_EL":"Γουαράνγκαλ","NAME_HI":"वरंगल","NAME_HU":"Varangal","NAME_ID":"Warangal","NAME_IT":"Warangal","NAME_JA":"ワランガル","NAME_KO":"와랑갈","NAME_NL":"Warangal","NAME_PL":"Warangal","NAME_SV":"Warangal","NAME_TR":"Warangal","NAME_VI":"Warangal","NE_ID":1159147191,"NAME_FA":"وارانگل","NAME_HE":"וורנגל","NAME_UK":"Варангал","NAME_UR":"وارنگل","NAME_ZHT":"瓦朗加尔","GEONAMESID":1252948,"FCLASS_ISO":null,"FCLASS_US":null,"FCLASS_FR":null,"FCLASS_RU":null,"FCLASS_ES":null,"FCLASS_CN":null,"FCLASS_TW":null,"FCLASS_IN":null,"FCLASS_NP":null,"FCLASS_PK":null,"FCLASS_DE":null,"FCLASS_GB":null,"FCLASS_BR":null,"FCLASS_IL":null,"FCLASS_PS":null,"FCLASS_SA":null,"FCLASS_EG":null,"FCLASS_MA":null,"FCLASS_PT":null,"FCLASS_AR":null,"FCLASS_JP":null,"FCLASS_KO":null,"FCLASS_VN":null,"FCLASS_TR":null,"FCLASS_ID":null,"FCLASS_PL":null,"FCLASS_GR":null,"FCLASS_IT":null,"FCLASS_NL":null,"FCLASS_SE":null,"FCLASS_BD":null,"FCLASS_UA":null,"FCLASS_TLC":null},"bbox":[79.57999,18.009998,79.57999,18.009998],"geometry":{"type":"Point","coordinates":[79.57999,18.009998]}},{"type":"Feature","properties":{"SCALERANK":6,"NATSCALE":30,"LABELRANK":1,"FEATURECLA":"Populated place","NAME":"Bhiwandi","NAMEPAR":null,"NAMEALT":null,"NAMEASCII":"Bhiwandi","ADM0CAP":0,"CAPIN":null,"WORLDCITY":0,"MEGACITY":1,"SOV0NAME":"India","SOV_A3":"IND","ADM0NAME":"India","ADM0_A3":"IND","ADM1NAME":"Maharashtra","ISO_A2":"IN","NOTE":null,"LATITUDE":19.351965,"LONGITUDE":73.12805,"POP_MAX":795000,"POP_MIN":707035,"POP_OTHER":2352668,"RANK_MAX":11,"RANK_MIN":11,"MEGANAME":"Bhiwandi","LS_NAME":"Bhiwandi","MAX_POP10":1528686,"MAX_POP20":0,"MAX_POP50":0,"MAX_POP300":0,"MAX_POP310":0,"MAX_NATSCA":10,"MIN_AREAKM":230,"MAX_AREAKM":230,"MIN_AREAMI":89,"MAX_AREAMI":89,"MIN_PERKM":227,"MAX_PERKM":227,"MIN_PERMI":141,"MAX_PERMI":141,"MIN_BBXMIN":72.95,"MAX_BBXMIN":72.95,"MIN_BBXMAX":73.241667,"MAX_BBXMAX":73.241667,"MIN_BBYMIN":19.246186,"MAX_BBYMIN":19.246186,"MIN_BBYMAX":19.491667,"MAX_BBYMAX":19.491667,"MEAN_BBXC":73.082832,"MEAN_BBYC":19.340562,"TIMEZONE":"Asia/Kolkata","UN_FID":221,"POP1950":25,"POP1955":34,"POP1960":46,"POP1965":59,"POP1970":77,"POP1975":93,"POP1980":112,"POP1985":196,"POP1990":362,"POP1995":479,"POP2000":603,"POP2005":745,"POP2010":795,"POP2015":860,"POP2020":964,"POP2025":1081,"POP2050":1212,"MIN_ZOOM":6,"WIKIDATAID":"Q645725","WOF_ID":102030681,"CAPALT":0,"NAME_EN":"Bhiwandi","NAME_DE":"Bhiwandi","NAME_ES":"Bhiwandi","NAME_FR":"Bhiwandi","NAME_PT":"Bhiwandi","NAME_RU":"Бхиванди","NAME_ZH":"皮文迪","LABEL":null,"NAME_AR":"بيواندي","NAME_BN":"ভিওয়ান্দি","NAME_EL":"Μπιγουάντι","NAME_HI":"भिवंडी","NAME_HU":"Bhivándi","NAME_ID":"Bhiwandi","NAME_IT":"Bhiwandi","NAME_JA":"ビワンディー","NAME_KO":"비완디","NAME_NL":"Bhiwandi","NAME_PL":"Bhiwandi","NAME_SV":"Bhiwandi","NAME_TR":"Bhiwandi","NAME_VI":"Bhiwandi","NE_ID":1159147199,"NAME_FA":"بیواندی","NAME_HE":"בחיוונדי","NAME_UK":"Бхіванді","NAME_UR":"بھیونڈی","NAME_ZHT":"皮文迪","GEONAMESID":1275901,"FCLASS_ISO":null,"FCLASS_US":null,"FCLASS_FR":null,"FCLASS_RU":null,"FCLASS_ES":null,"FCLASS_CN":null,"FCLASS_TW":null,"FCLASS_IN":null,"FCLASS_NP":null,"FCLASS_PK":null,"FCLASS_DE":null,"FCLASS_GB":null,"FCLASS_BR":null,"FCLASS_IL":null,"FCLASS_PS":null,"FCLASS_SA":null,"FCLASS_EG":null,"FCLASS_MA":null,"FCLASS_PT":null,"FCLASS_AR":null,"FCLASS_JP":null,"FCLASS_KO":null,"FCLASS_VN":null,"FCLASS_TR":null,"FCLASS_ID":null,"FCLASS_PL":null,"FCLASS_GR":null,"FCLASS_IT":null,"FCLASS_NL":null,"FCLASS_SE":null,"FCLASS_BD":null,"FCLASS_UA":null,"FCLASS_TLC":null},"bbox":[73.12805,19.351965,73.12805,19.351965],"geometry":{"type":"Point","coordinates":[73.12805,19.351965]}},{"type":"Feature","properties":{"SCALERANK":6,"NATSCALE":30,"LABELRANK":1,"FEATURECLA":"Populated place","NAME":"Chandrapur","NAMEPAR":null,"NAMEALT":null,"NAMEASCII":"Chandrapur","ADM0CAP":0,"CAPIN":null,"WORLDCITY":0,"MEGACITY":0,"SOV0NAME":"India","SOV_A3":"IND","ADM0NAME":"India","ADM0_A3":"IND","ADM1NAME":"Maharashtra","ISO_A2":"IN","NOTE":null,"LATITUDE":19.969981,"LONGITUDE":79.300007,"POP_MAX":595118,"POP_MIN":328351,"POP_OTHER":595278,"RANK_MAX":11,"RANK_MIN":10,"MEGANAME":null,"LS_NAME":"Chandrapur","MAX_POP10":595118,"MAX_POP20":595118,"MAX_POP50":0,"MAX_POP300":0,"MAX_POP310":0,"MAX_NATSCA":20,"MIN_AREAKM":205,"MAX_AREAKM":205,"MIN_AREAMI":79,"MAX_AREAMI":79,"MIN_PERKM":167,"MAX_PERKM":167,"MIN_PERMI":104,"MAX_PERMI":104,"MIN_BBXMIN":79.183333,"MAX_BBXMIN":79.183333,"MIN_BBXMAX":79.458333,"MAX_BBXMAX":79.458333,"MIN_BBYMIN":19.808333,"MAX_BBYMIN":19.808333,"MIN_BBYMAX":20.066667,"MAX_BBYMAX":20.066667,"MEAN_BBXC":79.302271,"MEAN_BBYC":19.943742,"TIMEZONE":"Asia/Kolkata","UN_FID":0,"POP1950":0,"POP1955":0,"POP1960":0,"POP1965":0,"POP1970":0,"POP1975":0,"POP1980":0,"POP1985":0,"POP1990":0,"POP1995":0,"POP2000":0,"POP2005":0,"POP2010":0,"POP2015":0,"POP2020":0,"POP2025":0,"POP2050":0,"MIN_ZOOM":6,"WIKIDATAID":"Q861194","WOF_ID":102030555,"CAPALT":0,"NAME_EN":"Chandrapur","NAME_DE":"Chandrapur","NAME_ES":"Chandrapur","NAME_FR":"Chandrapur","NAME_PT":"Chandrapur","NAME_RU":"Чандрапур","NAME_ZH":"钱德拉普尔","LABEL":null,"NAME_AR":"شاندرابور","NAME_BN":"চন্দ্রপুর","NAME_EL":"Τσαντραπούρ","NAME_HI":"चन्द्रपुर","NAME_HU":"Chandrapur","NAME_ID":"Chandrapur","NAME_IT":"Chandrapur","NAME_JA":"チャンドラプル","NAME_KO":"찬다푸르","NAME_NL":"Chandrapur","NAME_PL":"Ćandrapur","NAME_SV":"Chandrapur","NAME_TR":"Chandrapur","NAME_VI":"Chandrapur","NE_ID":1159147205,"NAME_FA":"چندراپور","NAME_HE":"צ'אנדראפור","NAME_UK":"Чандрапур","NAME_UR":"چندرپور","NAME_ZHT":"錢德拉普爾","GEONAMESID":1274693,"FCLASS_ISO":null,"FCLASS_US":null,"FCLASS_FR":null,"FCLASS_RU":null,"FCLASS_ES":null,"FCLASS_CN":null,"FCLASS_TW":null,"FCLASS_IN":null,"FCLASS_NP":null,"FCLASS_PK":null,"FCLASS_DE":null,"FCLASS_GB":null,"FCLASS_BR":null,"FCLASS_IL":null,"FCLASS_PS":null,"FCLASS_SA":null,"FCLASS_EG":null,"FCLASS_MA":null,"FCLASS_PT":null,"FCLASS_AR":null,"FCLASS_JP":null,"FCLASS_KO":null,"FCLASS_VN":null,"FCLASS_TR":null,"FCLASS_ID":null,"FCLASS_PL":null,"FCLASS_GR":null,"FCLASS_IT":null,"FCLASS_NL":null,"FCLASS_SE":null,"FCLASS_BD":null,"FCLASS_UA":null,"FCLASS_TLC":null},"bbox":[79.300007,19.969981,79.300007,19.969981],"geometry":{"type":"Point","coordinates":[79.300007,19.969981]}},{"type":"Feature","properties":{"SCALERANK":6,"NATSCALE":30,"LABELRANK":1,"FEATURECLA":"Populated place","NAME":"Amravati","NAMEPAR":null,"NAMEALT":null,"NAMEASCII":"Amravati","ADM0CAP":0,"CAPIN":null,"WORLDCITY":0,"MEGACITY":0,"SOV0NAME":"India","SOV_A3":"IND","ADM0NAME":"India","ADM0_A3":"IND","ADM1NAME":"Maharashtra","ISO_A2":"IN","NOTE":null,"LATITUDE":20.949973,"LONGITUDE":77.770023,"POP_MAX":734451,"POP_MIN":603837,"POP_OTHER":704913,"RANK_MAX":11,"RANK_MIN":11,"MEGANAME":null,"LS_NAME":"Amravati","MAX_POP10":734451,"MAX_POP20":734451,"MAX_POP50":0,"MAX_POP300":0,"MAX_POP310":0,"MAX_NATSCA":20,"MIN_AREAKM":146,"MAX_AREAKM":146,"MIN_AREAMI":57,"MAX_AREAMI":57,"MIN_PERKM":95,"MAX_PERKM":95,"MIN_PERMI":59,"MAX_PERMI":59,"MIN_BBXMIN":77.691667,"MAX_BBXMIN":77.691667,"MIN_BBXMAX":77.841667,"MAX_BBXMAX":77.841667,"MIN_BBYMIN":20.825,"MAX_BBYMIN":20.825,"MIN_BBYMAX":21.016667,"MAX_BBYMAX":21.016667,"MEAN_BBXC":77.753165,"MEAN_BBYC":20.92862,"TIMEZONE":"Asia/Kolkata","UN_FID":0,"POP1950":0,"POP1955":0,"POP1960":0,"POP1965":0,"POP1970":0,"POP1975":0,"POP1980":0,"POP1985":0,"POP1990":0,"POP1995":0,"POP2000":0,"POP2005":0,"POP2010":0,"POP2015":0,"POP2020":0,"POP2025":0,"POP2050":0,"MIN_ZOOM":6,"WIKIDATAID":"Q269899","WOF_ID":102030961,"CAPALT":0,"NAME_EN":"Amravati","NAME_DE":"Amravati","NAME_ES":"Amravati","NAME_FR":"Amravati","NAME_PT":"Amravati","NAME_RU":"Амравати","NAME_ZH":"阿姆劳蒂","LABEL":null,"NAME_AR":"أمرافاتي","NAME_BN":"অমরাবতী","NAME_EL":"Αμραβάτι","NAME_HI":"अमरावती","NAME_HU":"Amrávati","NAME_ID":"Amravati","NAME_IT":"Amravati","NAME_JA":"アムラーワティー","NAME_KO":"암라바티","NAME_NL":"Amravati","NAME_PL":"Amravati","NAME_SV":"Amravati","NAME_TR":"Amravati","NAME_VI":"Amravati","NE_ID":1159147207,"NAME_FA":"امراواتی","NAME_HE":"אמראוואטי","NAME_UK":"Амраваті","NAME_UR":"امراوتی","NAME_ZHT":"阿姆勞蒂","GEONAMESID":1278718,"FCLASS_ISO":null,"FCLASS_US":null,"FCLASS_FR":null,"FCLASS_RU":null,"FCLASS_ES":null,"FCLASS_CN":null,"FCLASS_TW":null,"FCLASS_IN":null,"FCLASS_NP":null,"FCLASS_PK":null,"FCLASS_DE":null,"FCLASS_GB":null,"FCLASS_BR":null,"FCLASS_IL":null,"FCLASS_PS":null,"FCLASS_SA":null,"FCLASS_EG":null,"FCLASS_MA":null,"FCLASS_PT":null,"FCLASS_AR":null,"FCLASS_JP":null,"FCLASS_KO":null,"FCLASS_VN":null,"FCLASS_TR":null,"FCLASS_ID":null,"FCLASS_PL":null,"FCLASS_GR":null,"FCLASS_IT":null,"FCLASS_NL":null,"FCLASS_SE":null,"FCLASS_BD":null,"FCLASS_UA":null,"FCLASS_TLC":null},"bbox":[77.78181,20.925616,77.78181,20.925616],"geometry":{"type":"Point","coordinates":[77.78181,20.925616]}},{"type":"Feature","properties":{"SCALERANK":6,"NATSCALE":30,"LABELRANK":1,"FEATURECLA":"Populated place","NAME":"Dhule","NAMEPAR":null,"NAMEALT":null,"NAMEASCII":"Dhule","ADM0CAP":0,"CAPIN":null,"WORLDCITY":0,"MEGACITY":0,"SOV0NAME":"India","SOV_A3":"IND","ADM0NAME":"India","ADM0_A3":"IND","ADM1NAME":"Maharashtra","ISO_A2":"IN","NOTE":null,"LATITUDE":20.899976,"LONGITUDE":74.769999,"POP_MAX":479073,"POP_MIN":366980,"POP_OTHER":470808,"RANK_MAX":10,"RANK_MIN":10,"MEGANAME":null,"LS_NAME":"Dhule","MAX_POP10":479073,"MAX_POP20":479073,"MAX_POP50":0,"MAX_POP300":0,"MAX_POP310":0,"MAX_NATSCA":20,"MIN_AREAKM":150,"MAX_AREAKM":150,"MIN_AREAMI":58,"MAX_AREAMI":58,"MIN_PERKM":154,"MAX_PERKM":154,"MIN_PERMI":96,"MAX_PERMI":96,"MIN_BBXMIN":74.708333,"MAX_BBXMIN":74.708333,"MIN_BBXMAX":74.9,"MAX_BBXMAX":74.9,"MIN_BBYMIN":20.833333,"MAX_BBYMIN":20.833333,"MIN_BBYMAX":21.091667,"MAX_BBYMAX":21.091667,"MEAN_BBXC":74.78883,"MEAN_BBYC":20.929167,"TIMEZONE":"Asia/Kolkata","UN_FID":0,"POP1950":0,"POP1955":0,"POP1960":0,"POP1965":0,"POP1970":0,"POP1975":0,"POP1980":0,"POP1985":0,"POP1990":0,"POP1995":0,"POP2000":0,"POP2005":0,"POP2010":0,"POP2015":0,"POP2020":0,"POP2025":0,"POP2050":0,"MIN_ZOOM":6,"WIKIDATAID":"Q773603","WOF_ID":102030365,"CAPALT":0,"NAME_EN":"Dhule","NAME_DE":"Dhule","NAME_ES":"Dhule","NAME_FR":"Dhule","NAME_PT":"Dhule","NAME_RU":"Дхуле","NAME_ZH":"图莱","LABEL":null,"NAME_AR":"ديول","NAME_BN":"ধুলে","NAME_EL":"Ντούλε","NAME_HI":"धुले","NAME_HU":"Dhule","NAME_ID":"Dhule","NAME_IT":"Dhule","NAME_JA":"ドゥーレ","NAME_KO":"듈","NAME_NL":"Dhule","NAME_PL":"Dhule","NAME_SV":"Dhule","NAME_TR":"Dhule","NAME_VI":"Dhule","NE_ID":1159147209,"NAME_FA":"دوله","NAME_HE":"דולה","NAME_UK":"Дхулія","NAME_UR":"دھولیہ","NAME_ZHT":"圖萊","GEONAMESID":1272691,"FCLASS_ISO":null,"FCLASS_US":null,"FCLASS_FR":null,"FCLASS_RU":null,"FCLASS_ES":null,"FCLASS_CN":null,"FCLASS_TW":null,"FCLASS_IN":null,"FCLASS_NP":null,"FCLASS_PK":null,"FCLASS_DE":null,"FCLASS_GB":null,"FCLASS_BR":null,"FCLASS_IL":null,"FCLASS_PS":null,"FCLASS_SA":null,"FCLASS_EG":null,"FCLASS_MA":null,"FCLASS_PT":null,"FCLASS_AR":null,"FCLASS_JP":null,"FCLASS_KO":null,"FCLASS_VN":null,"FCLASS_TR":null,"FCLASS_ID":null,"FCLASS_PL":null,"FCLASS_GR":null,"FCLASS_IT":null,"FCLASS_NL":null,"FCLASS_SE":null,"FCLASS_BD":null,"FCLASS_UA":null,"FCLASS_TLC":null},"bbox":[74.769999,20.899976,74.769999,20.899976],"geometry":{"type":"Point","coordinates":[74.769999,20.899976]}},{"type":"Feature","properties":{"SCALERANK":6,"NATSCALE":30,"LABELRANK":1,"FEATURECLA":"Populated place","NAME":"Udaipur","NAMEPAR":null,"NAMEALT":null,"NAMEASCII":"Udaipur","ADM0CAP":0,"CAPIN":null,"WORLDCITY":0,"MEGACITY":0,"SOV0NAME":"India","SOV_A3":"IND","ADM0NAME":"India","ADM0_A3":"IND","ADM1NAME":"Rajasthan","ISO_A2":"IN","NOTE":null,"LATITUDE":24.599983,"LONGITUDE":73.730011,"POP_MAX":469737,"POP_MIN":422784,"POP_OTHER":469579,"RANK_MAX":10,"RANK_MIN":10,"MEGANAME":null,"LS_NAME":"Udaipur","MAX_POP10":469737,"MAX_POP20":469737,"MAX_POP50":0,"MAX_POP300":0,"MAX_POP310":0,"MAX_NATSCA":20,"MIN_AREAKM":171,"MAX_AREAKM":171,"MIN_AREAMI":66,"MAX_AREAMI":66,"MIN_PERKM":152,"MAX_PERKM":152,"MIN_PERMI":95,"MAX_PERMI":95,"MIN_BBXMIN":73.625,"MAX_BBXMIN":73.625,"MIN_BBXMAX":73.825,"MAX_BBXMAX":73.825,"MIN_BBYMIN":24.491667,"MAX_BBYMIN":24.491667,"MIN_BBYMAX":24.675,"MAX_BBYMAX":24.675,"MEAN_BBXC":73.716001,"MEAN_BBYC":24.586358,"TIMEZONE":"Asia/Kolkata","UN_FID":0,"POP1950":0,"POP1955":0,"POP1960":0,"POP1965":0,"POP1970":0,"POP1975":0,"POP1980":0,"POP1985":0,"POP1990":0,"POP1995":0,"POP2000":0,"POP2005":0,"POP2010":0,"POP2015":0,"POP2020":0,"POP2025":0,"POP2050":0,"MIN_ZOOM":6,"WIKIDATAID":"Q200340","WOF_ID":102028377,"CAPALT":0,"NAME_EN":"Udaipur","NAME_DE":"Udaipur","NAME_ES":"Udaipur","NAME_FR":"Udaipur","NAME_PT":"Udaipur","NAME_RU":"Удайпур","NAME_ZH":"乌代浦","LABEL":null,"NAME_AR":"أودايبور","NAME_BN":"উদয়পুর","NAME_EL":"Ουνταϊπούρ","NAME_HI":"उदयपुर","NAME_HU":"Udaipur","NAME_ID":"Udaipur","NAME_IT":"Udaipur","NAME_JA":"ウダイプル","NAME_KO":"우다이푸르","NAME_NL":"Udaipur","NAME_PL":"Udajpur","NAME_SV":"Udaipur","NAME_TR":"Udaipur","NAME_VI":"Udaipur","NE_ID":1159147319,"NAME_FA":"اودیپور","NAME_HE":"אודאיפור","NAME_UK":"Удайпур","NAME_UR":"ادے پور","NAME_ZHT":"烏代浦","GEONAMESID":1253986,"FCLASS_ISO":null,"FCLASS_US":null,"FCLASS_FR":null,"FCLASS_RU":null,"FCLASS_ES":null,"FCLASS_CN":null,"FCLASS_TW":null,"FCLASS_IN":null,"FCLASS_NP":null,"FCLASS_PK":null,"FCLASS_DE":null,"FCLASS_GB":null,"FCLASS_BR":null,"FCLASS_IL":null,"FCLASS_PS":null,"FCLASS_SA":null,"FCLASS_EG":null,"FCLASS_MA":null,"FCLASS_PT":null,"FCLASS_AR":null,"FCLASS_JP":null,"FCLASS_KO":null,"FCLASS_VN":null,"FCLASS_TR":null,"FCLASS_ID":null,"FCLASS_PL":null,"FCLASS_GR":null,"FCLASS_IT":null,"FCLASS_NL":null,"FCLASS_SE":null,"FCLASS_BD":null,"FCLASS_UA":null,"FCLASS_TLC":null},"bbox":[73.730011,24.599983,73.730011,24.599983],"geometry":{"type":"Point","coordinates":[73.730011,24.599983]}},{"type":"Feature","properties":{"SCALERANK":6,"NATSCALE":30,"LABELRANK":1,"FEATURECLA":"Populated place","NAME":"Gorakhpur","NAMEPAR":null,"NAMEALT":null,"NAMEASCII":"Gorakhpur","ADM0CAP":0,"CAPIN":null,"WORLDCITY":0,"MEGACITY":0,"SOV0NAME":"India","SOV_A3":"IND","ADM0NAME":"India","ADM0_A3":"IND","ADM1NAME":"Uttar Pradesh","ISO_A2":"IN","NOTE":null,"LATITUDE":26.750394,"LONGITUDE":83.380016,"POP_MAX":674246,"POP_MIN":674246,"POP_OTHER":20968435,"RANK_MAX":11,"RANK_MIN":11,"MEGANAME":null,"LS_NAME":"Gorakhpur","MAX_POP10":21199999,"MAX_POP20":21212961,"MAX_POP50":0,"MAX_POP300":0,"MAX_POP310":0,"MAX_NATSCA":20,"MIN_AREAKM":19904,"MAX_AREAKM":19922,"MIN_AREAMI":7685,"MAX_AREAMI":7692,"MIN_PERKM":5210,"MAX_PERKM":5234,"MIN_PERMI":3237,"MAX_PERMI":3253,"MIN_BBXMIN":82.775003,"MAX_BBXMIN":82.775003,"MIN_BBXMAX":84.242257,"MAX_BBXMAX":84.242257,"MIN_BBYMIN":25.822342,"MAX_BBYMIN":25.822342,"MIN_BBYMAX":27.75,"MAX_BBYMAX":27.75,"MEAN_BBXC":83.46894,"MEAN_BBYC":26.759938,"TIMEZONE":"Asia/Kolkata","UN_FID":0,"POP1950":0,"POP1955":0,"POP1960":0,"POP1965":0,"POP1970":0,"POP1975":0,"POP1980":0,"POP1985":0,"POP1990":0,"POP1995":0,"POP2000":0,"POP2005":0,"POP2010":0,"POP2015":0,"POP2020":0,"POP2025":0,"POP2050":0,"MIN_ZOOM":6,"WIKIDATAID":"Q5584396","WOF_ID":102030191,"CAPALT":0,"NAME_EN":"Gorakhpur","NAME_DE":"Gorakhpur","NAME_ES":"Gorakhpur","NAME_FR":"Gorakhpur","NAME_PT":"Gorakhpur","NAME_RU":"Горакхпур","NAME_ZH":"戈勒克布爾","LABEL":null,"NAME_AR":"غوراخبور","NAME_BN":"গোরক্ষপুর","NAME_EL":"Γκορακπούρ","NAME_HI":"गोरखपुर","NAME_HU":"Gorakhpur","NAME_ID":"Gorakhpur","NAME_IT":"Gorakhpur","NAME_JA":"ゴーラクプル","NAME_KO":"고라크푸르","NAME_NL":"Gorakhpur","NAME_PL":"Gorakhpur","NAME_SV":"Gorakhpur","NAME_TR":"Gorakhpur","NAME_VI":"Gorakhpur","NE_ID":1159147325,"NAME_FA":"گوراکپور","NAME_HE":"גוראקפור","NAME_UK":"Горакхпур","NAME_UR":"گورکھپور","NAME_ZHT":"戈勒克布爾","GEONAMESID":1270927,"FCLASS_ISO":null,"FCLASS_US":null,"FCLASS_FR":null,"FCLASS_RU":null,"FCLASS_ES":null,"FCLASS_CN":null,"FCLASS_TW":null,"FCLASS_IN":null,"FCLASS_NP":null,"FCLASS_PK":null,"FCLASS_DE":null,"FCLASS_GB":null,"FCLASS_BR":null,"FCLASS_IL":null,"FCLASS_PS":null,"FCLASS_SA":null,"FCLASS_EG":null,"FCLASS_MA":null,"FCLASS_PT":null,"FCLASS_AR":null,"FCLASS_JP":null,"FCLASS_KO":null,"FCLASS_VN":null,"FCLASS_TR":null,"FCLASS_ID":null,"FCLASS_PL":null,"FCLASS_GR":null,"FCLASS_IT":null,"FCLASS_NL":null,"FCLASS_SE":null,"FCLASS_BD":null,"FCLASS_UA":null,"FCLASS_TLC":null},"bbox":[83.380016,26.750394,83.380016,26.750394],"geometry":{"type":"Point","coordinates":[83.380016,26.750394]}},{"type":"Feature","properties":{"SCALERANK":6,"NATSCALE":30,"LABELRANK":1,"FEATURECLA":"Populated place","NAME":"Gaya","NAMEPAR":null,"NAMEALT":null,"NAMEASCII":"Gaya","ADM0CAP":0,"CAPIN":null,"WORLDCITY":0,"MEGACITY":0,"SOV0NAME":"India","SOV_A3":"IND","ADM0NAME":"India","ADM0_A3":"IND","ADM1NAME":"Bihar","ISO_A2":"IN","NOTE":null,"LATITUDE":24.799971,"LONGITUDE":85.000021,"POP_MAX":423692,"POP_MIN":423692,"POP_OTHER":25738,"RANK_MAX":10,"RANK_MIN":10,"MEGANAME":null,"LS_NAME":"Gaya2","MAX_POP10":5870917,"MAX_POP20":5870917,"MAX_POP50":0,"MAX_POP300":0,"MAX_POP310":0,"MAX_NATSCA":20,"MIN_AREAKM":4570,"MAX_AREAKM":4570,"MIN_AREAMI":1764,"MAX_AREAMI":1764,"MIN_PERKM":3437,"MAX_PERKM":3437,"MIN_PERMI":2135,"MAX_PERMI":2135,"MIN_BBXMIN":84.666718,"MAX_BBXMIN":84.666718,"MIN_BBXMAX":86.007738,"MAX_BBXMAX":86.007738,"MIN_BBYMIN":24.308333,"MAX_BBYMIN":24.308333,"MIN_BBYMAX":25.273949,"MAX_BBYMAX":25.273949,"MEAN_BBXC":85.204553,"MEAN_BBYC":24.888794,"TIMEZONE":"Asia/Kolkata","UN_FID":0,"POP1950":0,"POP1955":0,"POP1960":0,"POP1965":0,"POP1970":0,"POP1975":0,"POP1980":0,"POP1985":0,"POP1990":0,"POP1995":0,"POP2000":0,"POP2005":0,"POP2010":0,"POP2015":0,"POP2020":0,"POP2025":0,"POP2050":0,"MIN_ZOOM":6,"WIKIDATAID":"Q251329","WOF_ID":102030241,"CAPALT":0,"NAME_EN":"Gaya","NAME_DE":"Gaya","NAME_ES":"Gaya","NAME_FR":"Gaya","NAME_PT":"Gaya","NAME_RU":"Гая","NAME_ZH":"嘎雅","LABEL":null,"NAME_AR":"غايا","NAME_BN":"গয়া","NAME_EL":"Γκάγια","NAME_HI":"गया","NAME_HU":"Gajá","NAME_ID":"Gaya","NAME_IT":"Gaya","NAME_JA":"ガヤー","NAME_KO":"가야","NAME_NL":"Gaya","NAME_PL":"Gaja","NAME_SV":"Gaya","NAME_TR":"Gaya","NAME_VI":"Gaya","NE_ID":1159147331,"NAME_FA":"گایا","NAME_HE":"גאיה","NAME_UK":"Гая","NAME_UR":"گیا","NAME_ZHT":"嘎雅","GEONAMESID":1271439,"FCLASS_ISO":null,"FCLASS_US":null,"FCLASS_FR":null,"FCLASS_RU":null,"FCLASS_ES":null,"FCLASS_CN":null,"FCLASS_TW":null,"FCLASS_IN":null,"FCLASS_NP":null,"FCLASS_PK":null,"FCLASS_DE":null,"FCLASS_GB":null,"FCLASS_BR":null,"FCLASS_IL":null,"FCLASS_PS":null,"FCLASS_SA":null,"FCLASS_EG":null,"FCLASS_MA":null,"FCLASS_PT":null,"FCLASS_AR":null,"FCLASS_JP":null,"FCLASS_KO":null,"FCLASS_VN":null,"FCLASS_TR":null,"FCLASS_ID":null,"FCLASS_PL":null,"FCLASS_GR":null,"FCLASS_IT":null,"FCLASS_NL":null,"FCLASS_SE":null,"FCLASS_BD":null,"FCLASS_UA":null,"FCLASS_TLC":null},"bbox":[85.000021,24.799971,85.000021,24.799971],"geometry":{"type":"Point","coordinates":[85.000021,24.799971]}},{"type":"Feature","properties":{"SCALERANK":6,"NATSCALE":30,"LABELRANK":1,"FEATURECLA":"Populated place","NAME":"Xuanzhou","NAMEPAR":null,"NAMEALT":null,"NAMEASCII":"Xuanzhou","ADM0CAP":0,"CAPIN":null,"WORLDCITY":0,"MEGACITY":1,"SOV0NAME":"China","SOV_A3":"CHN","ADM0NAME":"China","ADM0_A3":"CHN","ADM1NAME":"Anhui","ISO_A2":"CN","NOTE":null,"LATITUDE":30.954446,"LONGITUDE":118.753332,"POP_MAX":866000,"POP_MIN":866000,"POP_OTHER":0,"RANK_MAX":11,"RANK_MIN":11,"MEGANAME":"Xuanzhou","LS_NAME":null,"MAX_POP10":0,"MAX_POP20":0,"MAX_POP50":0,"MAX_POP300":0,"MAX_POP310":0,"MAX_NATSCA":0,"MIN_AREAKM":0,"MAX_AREAKM":0,"MIN_AREAMI":0,"MAX_AREAMI":0,"MIN_PERKM":0,"MAX_PERKM":0,"MIN_PERMI":0,"MAX_PERMI":0,"MIN_BBXMIN":0,"MAX_BBXMIN":0,"MIN_BBXMAX":0,"MAX_BBXMAX":0,"MIN_BBYMIN":0,"MAX_BBYMIN":0,"MIN_BBYMAX":0,"MAX_BBYMAX":0,"MEAN_BBXC":0,"MEAN_BBYC":0,"TIMEZONE":"Asia/Shanghai","UN_FID":134,"POP1950":586,"POP1955":606,"POP1960":627,"POP1965":649,"POP1970":671,"POP1975":694,"POP1980":718,"POP1985":743,"POP1990":769,"POP1995":795,"POP2000":823,"POP2005":851,"POP2010":866,"POP2015":899,"POP2020":987,"POP2025":1079,"POP2050":1158,"MIN_ZOOM":6,"WIKIDATAID":"Q360942","WOF_ID":890516983,"CAPALT":0,"NAME_EN":"Xuancheng","NAME_DE":"Xuancheng","NAME_ES":"Xuancheng","NAME_FR":"Xuancheng","NAME_PT":"Xuanzhou","NAME_RU":"Сюаньчэн","NAME_ZH":"宣城","LABEL":null,"NAME_AR":"شانشانغ","NAME_BN":"শুয়ানছেং","NAME_EL":"Ξουάντσενγκ","NAME_HI":"सुअनचेंग","NAME_HU":"Xuanzhou","NAME_ID":"Xuancheng","NAME_IT":"Xuancheng","NAME_JA":"宣城市","NAME_KO":"쉬안청시","NAME_NL":"Xuancheng","NAME_PL":"Xuancheng","NAME_SV":"Xuancheng","NAME_TR":"Xuancheng","NAME_VI":"Tuyên Thành","NE_ID":1159148323,"NAME_FA":"شوانچنگ","NAME_HE":"קסואנז'ואו","NAME_UK":"Сюаньчен","NAME_UR":"شوانچینگ","NAME_ZHT":"宣城市","GEONAMESID":1788081,"FCLASS_ISO":null,"FCLASS_US":null,"FCLASS_FR":null,"FCLASS_RU":null,"FCLASS_ES":null,"FCLASS_CN":null,"FCLASS_TW":null,"FCLASS_IN":null,"FCLASS_NP":null,"FCLASS_PK":null,"FCLASS_DE":null,"FCLASS_GB":null,"FCLASS_BR":null,"FCLASS_IL":null,"FCLASS_PS":null,"FCLASS_SA":null,"FCLASS_EG":null,"FCLASS_MA":null,"FCLASS_PT":null,"FCLASS_AR":null,"FCLASS_JP":null,"FCLASS_KO":null,"FCLASS_VN":null,"FCLASS_TR":null,"FCLASS_ID":null,"FCLASS_PL":null,"FCLASS_GR":null,"FCLASS_IT":null,"FCLASS_NL":null,"FCLASS_SE":null,"FCLASS_BD":null,"FCLASS_UA":null,"FCLASS_TLC":null},"bbox":[118.753332,30.954446,118.753332,30.954446],"geometry":{"type":"Point","coordinates":[118.753332,30.954446]}},{"type":"Feature","properties":{"SCALERANK":6,"NATSCALE":30,"LABELRANK":1,"FEATURECLA":"Populated place","NAME":"Zhuhai","NAMEPAR":null,"NAMEALT":null,"NAMEASCII":"Zhuhai","ADM0CAP":0,"CAPIN":null,"WORLDCITY":0,"MEGACITY":1,"SOV0NAME":"China","SOV_A3":"CHN","ADM0NAME":"China","ADM0_A3":"CHN","ADM1NAME":"Guangdong","ISO_A2":"CN","NOTE":null,"LATITUDE":22.27889,"LONGITUDE":113.565832,"POP_MAX":1023000,"POP_MIN":1023000,"POP_OTHER":0,"RANK_MAX":12,"RANK_MIN":12,"MEGANAME":"Zhuhai","LS_NAME":null,"MAX_POP10":0,"MAX_POP20":0,"MAX_POP50":0,"MAX_POP300":0,"MAX_POP310":0,"MAX_NATSCA":0,"MIN_AREAKM":0,"MAX_AREAKM":0,"MIN_AREAMI":0,"MAX_AREAMI":0,"MIN_PERKM":0,"MAX_PERKM":0,"MIN_PERMI":0,"MAX_PERMI":0,"MIN_BBXMIN":0,"MAX_BBXMIN":0,"MIN_BBXMAX":0,"MAX_BBXMAX":0,"MIN_BBYMIN":0,"MAX_BBYMIN":0,"MIN_BBYMAX":0,"MAX_BBYMAX":0,"MEAN_BBXC":0,"MEAN_BBYC":0,"TIMEZONE":"Asia/Chongqing","UN_FID":155,"POP1950":44,"POP1955":52,"POP1960":62,"POP1965":74,"POP1970":88,"POP1975":104,"POP1980":124,"POP1985":187,"POP1990":331,"POP1995":518,"POP2000":809,"POP2005":963,"POP2010":1023,"POP2015":1114,"POP2020":1253,"POP2025":1371,"POP2050":1468,"MIN_ZOOM":6,"WIKIDATAID":"Q59095","WOF_ID":102027037,"CAPALT":0,"NAME_EN":"Zhuhai","NAME_DE":"Zhuhai","NAME_ES":"Zhuhai","NAME_FR":"Zhuhai","NAME_PT":"Zhuhai","NAME_RU":"Чжухай","NAME_ZH":"珠海","LABEL":null,"NAME_AR":"زوهاي","NAME_BN":"চুহাই","NAME_EL":"Τζουχάι","NAME_HI":"ज़ह्हाई","NAME_HU":"Csuhaj","NAME_ID":"Zhuhai","NAME_IT":"Zhuhai","NAME_JA":"珠海市","NAME_KO":"주하이시","NAME_NL":"Zhuhai","NAME_PL":"Zhuhai","NAME_SV":"Zhuhai","NAME_TR":"Zhuhai","NAME_VI":"Châu Hải","NE_ID":1159148325,"NAME_FA":"جوهای","NAME_HE":"זוהאי","NAME_UK":"Чжухай","NAME_UR":"ژوہوئی","NAME_ZHT":"珠海市","GEONAMESID":1790437,"FCLASS_ISO":null,"FCLASS_US":null,"FCLASS_FR":null,"FCLASS_RU":null,"FCLASS_ES":null,"FCLASS_CN":null,"FCLASS_TW":null,"FCLASS_IN":null,"FCLASS_NP":null,"FCLASS_PK":null,"FCLASS_DE":null,"FCLASS_GB":null,"FCLASS_BR":null,"FCLASS_IL":null,"FCLASS_PS":null,"FCLASS_SA":null,"FCLASS_EG":null,"FCLASS_MA":null,"FCLASS_PT":null,"FCLASS_AR":null,"FCLASS_JP":null,"FCLASS_KO":null,"FCLASS_VN":null,"FCLASS_TR":null,"FCLASS_ID":null,"FCLASS_PL":null,"FCLASS_GR":null,"FCLASS_IT":null,"FCLASS_NL":null,"FCLASS_SE":null,"FCLASS_BD":null,"FCLASS_UA":null,"FCLASS_TLC":null},"bbox":[113.565832,22.27889,113.565832,22.27889],"geometry":{"type":"Point","coordinates":[113.565832,22.27889]}},{"type":"Feature","properties":{"SCALERANK":6,"NATSCALE":30,"LABELRANK":1,"FEATURECLA":"Populated place","NAME":"Xianyang","NAMEPAR":null,"NAMEALT":null,"NAMEASCII":"Xianyang","ADM0CAP":0,"CAPIN":null,"WORLDCITY":0,"MEGACITY":1,"SOV0NAME":"China","SOV_A3":"CHN","ADM0NAME":"China","ADM0_A3":"CHN","ADM1NAME":"Shaanxi","ISO_A2":"CN","NOTE":null,"LATITUDE":34.347502,"LONGITUDE":108.712776,"POP_MAX":1126000,"POP_MIN":1126000,"POP_OTHER":0,"RANK_MAX":12,"RANK_MIN":12,"MEGANAME":"Xianyang, Shaanxi","LS_NAME":null,"MAX_POP10":0,"MAX_POP20":0,"MAX_POP50":0,"MAX_POP300":0,"MAX_POP310":0,"MAX_NATSCA":0,"MIN_AREAKM":0,"MAX_AREAKM":0,"MIN_AREAMI":0,"MAX_AREAMI":0,"MIN_PERKM":0,"MAX_PERKM":0,"MIN_PERMI":0,"MAX_PERMI":0,"MIN_BBXMIN":0,"MAX_BBXMIN":0,"MIN_BBXMAX":0,"MAX_BBXMAX":0,"MIN_BBYMIN":0,"MAX_BBYMIN":0,"MIN_BBYMAX":0,"MAX_BBYMAX":0,"MEAN_BBXC":0,"MEAN_BBYC":0,"TIMEZONE":"Asia/Chongqing","UN_FID":128,"POP1950":103,"POP1955":132,"POP1960":169,"POP1965":216,"POP1970":276,"POP1975":353,"POP1980":451,"POP1985":576,"POP1990":737,"POP1995":835,"POP2000":946,"POP2005":1072,"POP2010":1126,"POP2015":1212,"POP2020":1354,"POP2025":1480,"POP2050":1584,"MIN_ZOOM":6,"WIKIDATAID":"Q497341","WOF_ID":102027031,"CAPALT":0,"NAME_EN":"Xianyang","NAME_DE":"Xianyang","NAME_ES":"Xianyang","NAME_FR":"Xianyang","NAME_PT":"Xianyang","NAME_RU":"Сяньян","NAME_ZH":"咸阳","LABEL":null,"NAME_AR":"شيانيانغ","NAME_BN":"জিয়ানইয়াং","NAME_EL":"Ξιάνγιανγκ","NAME_HI":"क्सीणयांग","NAME_HU":"Hszienjang","NAME_ID":"Xianyang","NAME_IT":"Xianyang","NAME_JA":"咸陽市","NAME_KO":"셴양시","NAME_NL":"Xianyang","NAME_PL":"Xianyang","NAME_SV":"Xianyang","NAME_TR":"Xianyang","NAME_VI":"Hàm Dương","NE_ID":1159148455,"NAME_FA":"شیانیانگ","NAME_HE":"קסיאניאנג","NAME_UK":"Сяньян","NAME_UR":"شیانیانگ","NAME_ZHT":"咸陽市","GEONAMESID":1790353,"FCLASS_ISO":null,"FCLASS_US":null,"FCLASS_FR":null,"FCLASS_RU":null,"FCLASS_ES":null,"FCLASS_CN":null,"FCLASS_TW":null,"FCLASS_IN":null,"FCLASS_NP":null,"FCLASS_PK":null,"FCLASS_DE":null,"FCLASS_GB":null,"FCLASS_BR":null,"FCLASS_IL":null,"FCLASS_PS":null,"FCLASS_SA":null,"FCLASS_EG":null,"FCLASS_MA":null,"FCLASS_PT":null,"FCLASS_AR":null,"FCLASS_JP":null,"FCLASS_KO":null,"FCLASS_VN":null,"FCLASS_TR":null,"FCLASS_ID":null,"FCLASS_PL":null,"FCLASS_GR":null,"FCLASS_IT":null,"FCLASS_NL":null,"FCLASS_SE":null,"FCLASS_BD":null,"FCLASS_UA":null,"FCLASS_TLC":null},"bbox":[108.712776,34.347501,108.712776,34.347501],"geometry":{"type":"Point","coordinates":[108.712776,34.347501]}},{"type":"Feature","properties":{"SCALERANK":6,"NATSCALE":30,"LABELRANK":1,"FEATURECLA":"Populated place","NAME":"Xiangyang","NAMEPAR":null,"NAMEALT":"Xiangfan","NAMEASCII":"Xiangyang","ADM0CAP":0,"CAPIN":null,"WORLDCITY":0,"MEGACITY":1,"SOV0NAME":"China","SOV_A3":"CHN","ADM0NAME":"China","ADM0_A3":"CHN","ADM1NAME":"Hubei","ISO_A2":"CN","NOTE":null,"LATITUDE":32.021941,"LONGITUDE":112.128099,"POP_MAX":1069000,"POP_MIN":462956,"POP_OTHER":1710854,"RANK_MAX":12,"RANK_MIN":10,"MEGANAME":"Xiangfan, Hubei","LS_NAME":"Xiangfan","MAX_POP10":2212780,"MAX_POP20":2251030,"MAX_POP50":10181949,"MAX_POP300":0,"MAX_POP310":0,"MAX_NATSCA":50,"MIN_AREAKM":1631,"MAX_AREAKM":11078,"MIN_AREAMI":630,"MAX_AREAMI":4277,"MIN_PERKM":1889,"MAX_PERKM":9853,"MIN_PERMI":1174,"MAX_PERMI":6123,"MIN_BBXMIN":111.441667,"MAX_BBXMIN":111.746214,"MIN_BBXMAX":112.966667,"MAX_BBXMAX":113.725,"MIN_BBYMIN":31.883333,"MAX_BBYMIN":31.883333,"MIN_BBYMAX":32.376784,"MAX_BBYMAX":33.458333,"MEAN_BBXC":112.374549,"MEAN_BBYC":32.341004,"TIMEZONE":"Asia/Chongqing","UN_FID":126,"POP1950":104,"POP1955":124,"POP1960":147,"POP1965":175,"POP1970":208,"POP1975":248,"POP1980":295,"POP1985":373,"POP1990":492,"POP1995":649,"POP2000":855,"POP2005":1006,"POP2010":1069,"POP2015":1164,"POP2020":1309,"POP2025":1431,"POP2050":1533,"MIN_ZOOM":6,"WIKIDATAID":"Q71284","WOF_ID":102027039,"CAPALT":0,"NAME_EN":"Xiangyang","NAME_DE":"Xiangyang","NAME_ES":"Xiangyang","NAME_FR":"Xiangfan","NAME_PT":"Xiangyang","NAME_RU":"Сянъян","NAME_ZH":"襄阳","LABEL":null,"NAME_AR":"شيانغيانغ","NAME_BN":"শিয়াং-ইয়াং","NAME_EL":"Ξιάνγκγιανγκ","NAME_HI":"सिणग्यांग","NAME_HU":"Xiangyang","NAME_ID":"Xiangfan","NAME_IT":"Xiangyang","NAME_JA":"襄陽市","NAME_KO":"샹양시","NAME_NL":"Xiangyang","NAME_PL":"Xiangyang","NAME_SV":"Xiangyang","NAME_TR":"Xiangyang","NAME_VI":"Tương Dương","NE_ID":1159148459,"NAME_FA":"شیانگیانگ","NAME_HE":"קסיאנגיאנג","NAME_UK":"Сян’ян","NAME_UR":"شیانگیانگ","NAME_ZHT":"襄陽市","GEONAMESID":1790587,"FCLASS_ISO":null,"FCLASS_US":null,"FCLASS_FR":null,"FCLASS_RU":null,"FCLASS_ES":null,"FCLASS_CN":null,"FCLASS_TW":null,"FCLASS_IN":null,"FCLASS_NP":null,"FCLASS_PK":null,"FCLASS_DE":null,"FCLASS_GB":null,"FCLASS_BR":null,"FCLASS_IL":null,"FCLASS_PS":null,"FCLASS_SA":null,"FCLASS_EG":null,"FCLASS_MA":null,"FCLASS_PT":null,"FCLASS_AR":null,"FCLASS_JP":null,"FCLASS_KO":null,"FCLASS_VN":null,"FCLASS_TR":null,"FCLASS_ID":null,"FCLASS_PL":null,"FCLASS_GR":null,"FCLASS_IT":null,"FCLASS_NL":null,"FCLASS_SE":null,"FCLASS_BD":null,"FCLASS_UA":null,"FCLASS_TLC":null},"bbox":[112.128098,32.021941,112.128098,32.021941],"geometry":{"type":"Point","coordinates":[112.128098,32.021941]}},{"type":"Feature","properties":{"SCALERANK":6,"NATSCALE":30,"LABELRANK":1,"FEATURECLA":"Populated place","NAME":"Suining","NAMEPAR":null,"NAMEALT":"Suining, Sichuan","NAMEASCII":"Suining","ADM0CAP":0,"CAPIN":null,"WORLDCITY":0,"MEGACITY":1,"SOV0NAME":"China","SOV_A3":"CHN","ADM0NAME":"China","ADM0_A3":"CHN","ADM1NAME":"Sichuan","ISO_A2":"CN","NOTE":null,"LATITUDE":30.535279,"LONGITUDE":105.531387,"POP_MAX":1425000,"POP_MIN":1425000,"POP_OTHER":0,"RANK_MAX":12,"RANK_MIN":12,"MEGANAME":"Suining, Sichuan","LS_NAME":null,"MAX_POP10":0,"MAX_POP20":0,"MAX_POP50":0,"MAX_POP300":0,"MAX_POP310":0,"MAX_NATSCA":0,"MIN_AREAKM":0,"MAX_AREAKM":0,"MIN_AREAMI":0,"MAX_AREAMI":0,"MIN_PERKM":0,"MAX_PERKM":0,"MIN_PERMI":0,"MAX_PERMI":0,"MIN_BBXMIN":0,"MAX_BBXMIN":0,"MIN_BBXMAX":0,"MAX_BBXMAX":0,"MIN_BBYMIN":0,"MAX_BBYMIN":0,"MIN_BBYMAX":0,"MAX_BBYMAX":0,"MEAN_BBXC":0,"MEAN_BBYC":0,"TIMEZONE":"Asia/Chongqing","UN_FID":105,"POP1950":763,"POP1955":812,"POP1960":865,"POP1965":921,"POP1970":980,"POP1975":1044,"POP1980":1111,"POP1985":1183,"POP1990":1260,"POP1995":1305,"POP2000":1352,"POP2005":1401,"POP2010":1425,"POP2015":1481,"POP2020":1620,"POP2025":1766,"POP2050":1888,"MIN_ZOOM":6,"WIKIDATAID":"Q426644","WOF_ID":890513755,"CAPALT":0,"NAME_EN":"Suining","NAME_DE":"Suining","NAME_ES":"Suining","NAME_FR":"Suining","NAME_PT":"Suining","NAME_RU":"Суйнин","NAME_ZH":"遂宁","LABEL":null,"NAME_AR":"سوينينغ","NAME_BN":"সুইনিং","NAME_EL":"Σουΐνινγκ","NAME_HI":"सुइनिंग","NAME_HU":"Suining","NAME_ID":"Suining","NAME_IT":"Suining","NAME_JA":"遂寧市","NAME_KO":"쑤이닝시","NAME_NL":"Suining","NAME_PL":"Suining","NAME_SV":"Suining","NAME_TR":"Suining","NAME_VI":"Toại Ninh","NE_ID":1159148461,"NAME_FA":"سوینینگ","NAME_HE":"סואינינג","NAME_UK":"Суйнін","NAME_UR":"سوئنینگ","NAME_ZHT":"遂寧市","GEONAMESID":1793900,"FCLASS_ISO":null,"FCLASS_US":null,"FCLASS_FR":null,"FCLASS_RU":null,"FCLASS_ES":null,"FCLASS_CN":null,"FCLASS_TW":null,"FCLASS_IN":null,"FCLASS_NP":null,"FCLASS_PK":null,"FCLASS_DE":null,"FCLASS_GB":null,"FCLASS_BR":null,"FCLASS_IL":null,"FCLASS_PS":null,"FCLASS_SA":null,"FCLASS_EG":null,"FCLASS_MA":null,"FCLASS_PT":null,"FCLASS_AR":null,"FCLASS_JP":null,"FCLASS_KO":null,"FCLASS_VN":null,"FCLASS_TR":null,"FCLASS_ID":null,"FCLASS_PL":null,"FCLASS_GR":null,"FCLASS_IT":null,"FCLASS_NL":null,"FCLASS_SE":null,"FCLASS_BD":null,"FCLASS_UA":null,"FCLASS_TLC":null},"bbox":[105.531387,30.535279,105.531387,30.535279],"geometry":{"type":"Point","coordinates":[105.531387,30.535279]}},{"type":"Feature","properties":{"SCALERANK":6,"NATSCALE":30,"LABELRANK":1,"FEATURECLA":"Populated place","NAME":"Lingyuan","NAMEPAR":null,"NAMEALT":"Lianyungang","NAMEASCII":"Lingyuan","ADM0CAP":0,"CAPIN":null,"WORLDCITY":0,"MEGACITY":1,"SOV0NAME":"China","SOV_A3":"CHN","ADM0NAME":"China","ADM0_A3":"CHN","ADM1NAME":"Liaoning","ISO_A2":"CN","NOTE":null,"LATITUDE":41.241946,"LONGITUDE":119.399165,"POP_MAX":806000,"POP_MIN":806000,"POP_OTHER":0,"RANK_MAX":11,"RANK_MIN":11,"MEGANAME":"Lianyungang","LS_NAME":null,"MAX_POP10":0,"MAX_POP20":0,"MAX_POP50":0,"MAX_POP300":0,"MAX_POP310":0,"MAX_NATSCA":0,"MIN_AREAKM":0,"MAX_AREAKM":0,"MIN_AREAMI":0,"MAX_AREAMI":0,"MIN_PERKM":0,"MAX_PERKM":0,"MIN_PERMI":0,"MAX_PERMI":0,"MIN_BBXMIN":0,"MAX_BBXMIN":0,"MIN_BBXMAX":0,"MAX_BBXMAX":0,"MIN_BBYMIN":0,"MAX_BBYMIN":0,"MIN_BBYMAX":0,"MAX_BBYMAX":0,"MEAN_BBXC":0,"MEAN_BBYC":0,"TIMEZONE":"Asia/Harbin","UN_FID":73,"POP1950":116,"POP1955":141,"POP1960":171,"POP1965":207,"POP1970":250,"POP1975":303,"POP1980":367,"POP1985":444,"POP1990":537,"POP1995":605,"POP2000":682,"POP2005":768,"POP2010":806,"POP2015":865,"POP2020":967,"POP2025":1060,"POP2050":1137,"MIN_ZOOM":6,"WIKIDATAID":"Q1333417","WOF_ID":890512901,"CAPALT":0,"NAME_EN":"Lingyuan","NAME_DE":"Lingyuan","NAME_ES":"Lingyuan","NAME_FR":"Lingyuan","NAME_PT":"Lingyuan","NAME_RU":"Линъюань","NAME_ZH":"凌源","LABEL":null,"NAME_AR":"لينغيوان","NAME_BN":"লিংউয়ান","NAME_EL":"Λίνγκγιουαν","NAME_HI":"लिंगयुआन","NAME_HU":"Lingyuan","NAME_ID":"Lingyuan","NAME_IT":"Lingyuan","NAME_JA":"凌源市","NAME_KO":"링위안시","NAME_NL":"Lingyuan","NAME_PL":"Lingyuan","NAME_SV":"Lingyuan","NAME_TR":"Lingyuan","NAME_VI":"Lăng Nguyên","NE_ID":1159148463,"NAME_FA":"لینگ یوآن","NAME_HE":"לינגיואן","NAME_UK":"Льн'юань","NAME_UR":"لنگیوان","NAME_ZHT":"凌源市","GEONAMESID":2036075,"FCLASS_ISO":null,"FCLASS_US":null,"FCLASS_FR":null,"FCLASS_RU":null,"FCLASS_ES":null,"FCLASS_CN":null,"FCLASS_TW":null,"FCLASS_IN":null,"FCLASS_NP":null,"FCLASS_PK":null,"FCLASS_DE":null,"FCLASS_GB":null,"FCLASS_BR":null,"FCLASS_IL":null,"FCLASS_PS":null,"FCLASS_SA":null,"FCLASS_EG":null,"FCLASS_MA":null,"FCLASS_PT":null,"FCLASS_AR":null,"FCLASS_JP":null,"FCLASS_KO":null,"FCLASS_VN":null,"FCLASS_TR":null,"FCLASS_ID":null,"FCLASS_PL":null,"FCLASS_GR":null,"FCLASS_IT":null,"FCLASS_NL":null,"FCLASS_SE":null,"FCLASS_BD":null,"FCLASS_UA":null,"FCLASS_TLC":null},"bbox":[119.399165,41.241946,119.399165,41.241946],"geometry":{"type":"Point","coordinates":[119.399165,41.241946]}},{"type":"Feature","properties":{"SCALERANK":6,"NATSCALE":30,"LABELRANK":1,"FEATURECLA":"Populated place","NAME":"Weihai","NAMEPAR":null,"NAMEALT":null,"NAMEASCII":"Weihai","ADM0CAP":0,"CAPIN":null,"WORLDCITY":0,"MEGACITY":0,"SOV0NAME":"China","SOV_A3":"CHN","ADM0NAME":"China","ADM0_A3":"CHN","ADM1NAME":"Shandong","ISO_A2":"CN","NOTE":null,"LATITUDE":37.499971,"LONGITUDE":122.099978,"POP_MAX":560255,"POP_MIN":152595,"POP_OTHER":552669,"RANK_MAX":11,"RANK_MIN":9,"MEGANAME":null,"LS_NAME":"Weihai","MAX_POP10":560255,"MAX_POP20":560255,"MAX_POP50":560255,"MAX_POP300":0,"MAX_POP310":0,"MAX_NATSCA":50,"MIN_AREAKM":193,"MAX_AREAKM":193,"MIN_AREAMI":75,"MAX_AREAMI":75,"MIN_PERKM":220,"MAX_PERKM":220,"MIN_PERMI":136,"MAX_PERMI":136,"MIN_BBXMIN":121.975,"MAX_BBXMIN":121.975,"MIN_BBXMAX":122.191667,"MAX_BBXMAX":122.191667,"MIN_BBYMIN":37.325,"MAX_BBYMIN":37.325,"MIN_BBYMAX":37.558333,"MAX_BBYMAX":37.558333,"MEAN_BBXC":122.084202,"MEAN_BBYC":37.447453,"TIMEZONE":"Asia/Shanghai","UN_FID":0,"POP1950":0,"POP1955":0,"POP1960":0,"POP1965":0,"POP1970":0,"POP1975":0,"POP1980":0,"POP1985":0,"POP1990":0,"POP1995":0,"POP2000":0,"POP2005":0,"POP2010":0,"POP2015":0,"POP2020":0,"POP2025":0,"POP2050":0,"MIN_ZOOM":6,"WIKIDATAID":"Q373023","WOF_ID":102027089,"CAPALT":0,"NAME_EN":"Weihai","NAME_DE":"Weihai","NAME_ES":"Weihai","NAME_FR":"Weihai","NAME_PT":"Weihai","NAME_RU":"Вэйхай","NAME_ZH":"威海","LABEL":null,"NAME_AR":"ويهاي","NAME_BN":"ওয়েই-হাই","NAME_EL":"Γουεϊχάι","NAME_HI":"वैहै","NAME_HU":"Weihai","NAME_ID":"Weihai","NAME_IT":"Weihai","NAME_JA":"威海市","NAME_KO":"웨이하이시","NAME_NL":"Weihai","NAME_PL":"Weihai","NAME_SV":"Weihai","NAME_TR":"Weihai","NAME_VI":"Uy Hải","NE_ID":1159148465,"NAME_FA":"ویهای","NAME_HE":"ווייהאי","NAME_UK":"Вейхай","NAME_UR":"وییہائی","NAME_ZHT":"威海市","GEONAMESID":1791673,"FCLASS_ISO":null,"FCLASS_US":null,"FCLASS_FR":null,"FCLASS_RU":null,"FCLASS_ES":null,"FCLASS_CN":null,"FCLASS_TW":null,"FCLASS_IN":null,"FCLASS_NP":null,"FCLASS_PK":null,"FCLASS_DE":null,"FCLASS_GB":null,"FCLASS_BR":null,"FCLASS_IL":null,"FCLASS_PS":null,"FCLASS_SA":null,"FCLASS_EG":null,"FCLASS_MA":null,"FCLASS_PT":null,"FCLASS_AR":null,"FCLASS_JP":null,"FCLASS_KO":null,"FCLASS_VN":null,"FCLASS_TR":null,"FCLASS_ID":null,"FCLASS_PL":null,"FCLASS_GR":null,"FCLASS_IT":null,"FCLASS_NL":null,"FCLASS_SE":null,"FCLASS_BD":null,"FCLASS_UA":null,"FCLASS_TLC":null},"bbox":[122.099978,37.499971,122.099978,37.499971],"geometry":{"type":"Point","coordinates":[122.099978,37.499971]}},{"type":"Feature","properties":{"SCALERANK":6,"NATSCALE":30,"LABELRANK":1,"FEATURECLA":"Populated place","NAME":"Yichun","NAMEPAR":null,"NAMEALT":"Yichun, Jiangxi","NAMEASCII":"Yichun","ADM0CAP":0,"CAPIN":null,"WORLDCITY":0,"MEGACITY":1,"SOV0NAME":"China","SOV_A3":"CHN","ADM0NAME":"China","ADM0_A3":"CHN","ADM1NAME":"Jiangxi","ISO_A2":"CN","NOTE":null,"LATITUDE":27.835279,"LONGITUDE":114.398054,"POP_MAX":982000,"POP_MIN":982000,"POP_OTHER":0,"RANK_MAX":11,"RANK_MIN":11,"MEGANAME":"Yichun, Jiangxi","LS_NAME":null,"MAX_POP10":0,"MAX_POP20":0,"MAX_POP50":0,"MAX_POP300":0,"MAX_POP310":0,"MAX_NATSCA":0,"MIN_AREAKM":0,"MAX_AREAKM":0,"MIN_AREAMI":0,"MAX_AREAMI":0,"MIN_PERKM":0,"MAX_PERKM":0,"MIN_PERMI":0,"MAX_PERMI":0,"MIN_BBXMIN":0,"MAX_BBXMIN":0,"MIN_BBXMAX":0,"MAX_BBXMAX":0,"MIN_BBYMIN":0,"MAX_BBYMIN":0,"MIN_BBYMAX":0,"MAX_BBYMAX":0,"MEAN_BBXC":0,"MEAN_BBYC":0,"TIMEZONE":"Asia/Shanghai","UN_FID":141,"POP1950":335,"POP1955":384,"POP1960":440,"POP1965":505,"POP1970":579,"POP1975":664,"POP1980":761,"POP1985":816,"POP1990":836,"POP1995":876,"POP2000":917,"POP2005":961,"POP2010":982,"POP2015":1025,"POP2020":1127,"POP2025":1231,"POP2050":1320,"MIN_ZOOM":6,"WIKIDATAID":"Q363326","WOF_ID":102026959,"CAPALT":0,"NAME_EN":"Yichun","NAME_DE":"Yichun","NAME_ES":"Yichun","NAME_FR":"Yichun","NAME_PT":"Yichun","NAME_RU":"Ичунь","NAME_ZH":"宜春","LABEL":null,"NAME_AR":"ييتشون","NAME_BN":"ইচুন","NAME_EL":"Γιτσούν","NAME_HI":"यिचुन","NAME_HU":"Yichun","NAME_ID":"Yichun","NAME_IT":"Yichun","NAME_JA":"宜春市","NAME_KO":"이춘시","NAME_NL":"Yichun","NAME_PL":"Yichun","NAME_SV":"Yichun","NAME_TR":"Yichun","NAME_VI":"Nghi Xuân","NE_ID":1159148467,"NAME_FA":"یچان","NAME_HE":"ייצ'ון","NAME_UK":"Ічунь","NAME_UR":"یکھن","NAME_ZHT":"宜春市","GEONAMESID":1786746,"FCLASS_ISO":null,"FCLASS_US":null,"FCLASS_FR":null,"FCLASS_RU":null,"FCLASS_ES":null,"FCLASS_CN":null,"FCLASS_TW":null,"FCLASS_IN":null,"FCLASS_NP":null,"FCLASS_PK":null,"FCLASS_DE":null,"FCLASS_GB":null,"FCLASS_BR":null,"FCLASS_IL":null,"FCLASS_PS":null,"FCLASS_SA":null,"FCLASS_EG":null,"FCLASS_MA":null,"FCLASS_PT":null,"FCLASS_AR":null,"FCLASS_JP":null,"FCLASS_KO":null,"FCLASS_VN":null,"FCLASS_TR":null,"FCLASS_ID":null,"FCLASS_PL":null,"FCLASS_GR":null,"FCLASS_IT":null,"FCLASS_NL":null,"FCLASS_SE":null,"FCLASS_BD":null,"FCLASS_UA":null,"FCLASS_TLC":null},"bbox":[114.398054,27.835279,114.398054,27.835279],"geometry":{"type":"Point","coordinates":[114.398054,27.835279]}},{"type":"Feature","properties":{"SCALERANK":6,"NATSCALE":30,"LABELRANK":1,"FEATURECLA":"Populated place","NAME":"Yancheng","NAMEPAR":null,"NAMEALT":"Yancheng, Jiangsu","NAMEASCII":"Yancheng","ADM0CAP":0,"CAPIN":null,"WORLDCITY":0,"MEGACITY":1,"SOV0NAME":"China","SOV_A3":"CHN","ADM0NAME":"China","ADM0_A3":"CHN","ADM1NAME":"Jiangsu","ISO_A2":"CN","NOTE":null,"LATITUDE":33.387502,"LONGITUDE":120.123332,"POP_MAX":839000,"POP_MIN":839000,"POP_OTHER":0,"RANK_MAX":11,"RANK_MIN":11,"MEGANAME":"Yancheng, Jiangsu","LS_NAME":null,"MAX_POP10":0,"MAX_POP20":0,"MAX_POP50":0,"MAX_POP300":0,"MAX_POP310":0,"MAX_NATSCA":0,"MIN_AREAKM":0,"MAX_AREAKM":0,"MIN_AREAMI":0,"MAX_AREAMI":0,"MIN_PERKM":0,"MAX_PERKM":0,"MIN_PERMI":0,"MAX_PERMI":0,"MIN_BBXMIN":0,"MAX_BBXMIN":0,"MIN_BBXMAX":0,"MAX_BBXMAX":0,"MIN_BBYMIN":0,"MAX_BBYMIN":0,"MIN_BBYMAX":0,"MAX_BBYMAX":0,"MEAN_BBXC":0,"MEAN_BBYC":0,"TIMEZONE":"Asia/Shanghai","UN_FID":136,"POP1950":145,"POP1955":169,"POP1960":197,"POP1965":230,"POP1970":268,"POP1975":313,"POP1980":365,"POP1985":426,"POP1990":497,"POP1995":580,"POP2000":677,"POP2005":789,"POP2010":839,"POP2015":914,"POP2020":1029,"POP2025":1127,"POP2050":1209,"MIN_ZOOM":6,"WIKIDATAID":"Q57866","WOF_ID":102026977,"CAPALT":0,"NAME_EN":"Yancheng","NAME_DE":"Yancheng","NAME_ES":"Yancheng","NAME_FR":"Yancheng","NAME_PT":"Yancheng","NAME_RU":"Яньчэн","NAME_ZH":"盐城","LABEL":null,"NAME_AR":"يانتشنغ","NAME_BN":"ইয়ানছেং","NAME_EL":"Γιαντσένγκ","NAME_HI":"यांचेंग","NAME_HU":"Yancheng","NAME_ID":"Yancheng","NAME_IT":"Yancheng","NAME_JA":"塩城市","NAME_KO":"옌청시","NAME_NL":"Yancheng","NAME_PL":"Yancheng","NAME_SV":"Yancheng","NAME_TR":"Yancheng","NAME_VI":"Diêm Thành","NE_ID":1159148469,"NAME_FA":"یانچنگ","NAME_HE":"יאנצ'נג","NAME_UK":"Янчен","NAME_UR":"ینچینگ","NAME_ZHT":"鹽城市","GEONAMESID":1787746,"FCLASS_ISO":null,"FCLASS_US":null,"FCLASS_FR":null,"FCLASS_RU":null,"FCLASS_ES":null,"FCLASS_CN":null,"FCLASS_TW":null,"FCLASS_IN":null,"FCLASS_NP":null,"FCLASS_PK":null,"FCLASS_DE":null,"FCLASS_GB":null,"FCLASS_BR":null,"FCLASS_IL":null,"FCLASS_PS":null,"FCLASS_SA":null,"FCLASS_EG":null,"FCLASS_MA":null,"FCLASS_PT":null,"FCLASS_AR":null,"FCLASS_JP":null,"FCLASS_KO":null,"FCLASS_VN":null,"FCLASS_TR":null,"FCLASS_ID":null,"FCLASS_PL":null,"FCLASS_GR":null,"FCLASS_IT":null,"FCLASS_NL":null,"FCLASS_SE":null,"FCLASS_BD":null,"FCLASS_UA":null,"FCLASS_TLC":null},"bbox":[120.16752,33.337877,120.16752,33.337877],"geometry":{"type":"Point","coordinates":[120.16752,33.337877]}},{"type":"Feature","properties":{"SCALERANK":6,"NATSCALE":30,"LABELRANK":1,"FEATURECLA":"Populated place","NAME":"Fuyang","NAMEPAR":null,"NAMEALT":null,"NAMEASCII":"Fuyang","ADM0CAP":0,"CAPIN":null,"WORLDCITY":0,"MEGACITY":1,"SOV0NAME":"China","SOV_A3":"CHN","ADM0NAME":"China","ADM0_A3":"CHN","ADM1NAME":"Zhejiang","ISO_A2":"CN","NOTE":null,"LATITUDE":30.055279,"LONGITUDE":119.949999,"POP_MAX":771000,"POP_MIN":771000,"POP_OTHER":0,"RANK_MAX":11,"RANK_MIN":11,"MEGANAME":"Fuyang","LS_NAME":null,"MAX_POP10":0,"MAX_POP20":0,"MAX_POP50":0,"MAX_POP300":0,"MAX_POP310":0,"MAX_NATSCA":0,"MIN_AREAKM":0,"MAX_AREAKM":0,"MIN_AREAMI":0,"MAX_AREAMI":0,"MIN_PERKM":0,"MAX_PERKM":0,"MIN_PERMI":0,"MAX_PERMI":0,"MIN_BBXMIN":0,"MAX_BBXMIN":0,"MIN_BBXMAX":0,"MAX_BBXMAX":0,"MIN_BBYMIN":0,"MAX_BBYMIN":0,"MIN_BBYMAX":0,"MAX_BBYMAX":0,"MEAN_BBXC":0,"MEAN_BBYC":0,"TIMEZONE":"Asia/Shanghai","UN_FID":42,"POP1950":49,"POP1955":59,"POP1960":72,"POP1965":87,"POP1970":106,"POP1975":129,"POP1980":157,"POP1985":191,"POP1990":232,"POP1995":376,"POP2000":609,"POP2005":726,"POP2010":771,"POP2015":840,"POP2020":946,"POP2025":1038,"POP2050":1114,"MIN_ZOOM":6,"WIKIDATAID":"Q1011103","WOF_ID":102027613,"CAPALT":0,"NAME_EN":"Fuyang","NAME_DE":"Fuyang","NAME_ES":"Fuyang","NAME_FR":"Fuyang","NAME_PT":"Fuyang","NAME_RU":"Фуян","NAME_ZH":"富阳区","LABEL":null,"NAME_AR":"ضاحية فويانغ","NAME_BN":"ফুয়াাং জেলা","NAME_EL":"Διοικητική Περιοχή Φουγιάνγκ","NAME_HI":"फुयांग डिस्ट्रिक्ट","NAME_HU":"Fuyang","NAME_ID":"Fuyang","NAME_IT":"Fuyang","NAME_JA":"富陽区","NAME_KO":"푸양시","NAME_NL":"Fuyang","NAME_PL":"Dystrykt Fuyang","NAME_SV":"Fuyang","NAME_TR":"Fuyang","NAME_VI":"Phú Dương","NE_ID":1159148471,"NAME_FA":"فویانگ","NAME_HE":"פויאנג","NAME_UK":"Округ Фуян","NAME_UR":"فویانج ضلع","NAME_ZHT":"富陽區","GEONAMESID":1810846,"FCLASS_ISO":null,"FCLASS_US":null,"FCLASS_FR":null,"FCLASS_RU":null,"FCLASS_ES":null,"FCLASS_CN":null,"FCLASS_TW":null,"FCLASS_IN":null,"FCLASS_NP":null,"FCLASS_PK":null,"FCLASS_DE":null,"FCLASS_GB":null,"FCLASS_BR":null,"FCLASS_IL":null,"FCLASS_PS":null,"FCLASS_SA":null,"FCLASS_EG":null,"FCLASS_MA":null,"FCLASS_PT":null,"FCLASS_AR":null,"FCLASS_JP":null,"FCLASS_KO":null,"FCLASS_VN":null,"FCLASS_TR":null,"FCLASS_ID":null,"FCLASS_PL":null,"FCLASS_GR":null,"FCLASS_IT":null,"FCLASS_NL":null,"FCLASS_SE":null,"FCLASS_BD":null,"FCLASS_UA":null,"FCLASS_TLC":null},"bbox":[119.949999,30.055279,119.949999,30.055279],"geometry":{"type":"Point","coordinates":[119.949999,30.055279]}},{"type":"Feature","properties":{"SCALERANK":6,"NATSCALE":30,"LABELRANK":1,"FEATURECLA":"Populated place","NAME":"Nellore","NAMEPAR":null,"NAMEALT":null,"NAMEASCII":"Nellore","ADM0CAP":0,"CAPIN":null,"WORLDCITY":0,"MEGACITY":0,"SOV0NAME":"India","SOV_A3":"IND","ADM0NAME":"India","ADM0_A3":"IND","ADM1NAME":"Andhra Pradesh","ISO_A2":"IN","NOTE":null,"LATITUDE":14.439983,"LONGITUDE":79.989939,"POP_MAX":678004,"POP_MIN":404158,"POP_OTHER":678761,"RANK_MAX":11,"RANK_MIN":10,"MEGANAME":null,"LS_NAME":"Nellore","MAX_POP10":677653,"MAX_POP20":678004,"MAX_POP50":0,"MAX_POP300":0,"MAX_POP310":0,"MAX_NATSCA":20,"MIN_AREAKM":586,"MAX_AREAKM":590,"MIN_AREAMI":226,"MAX_AREAMI":228,"MIN_PERKM":921,"MAX_PERKM":928,"MIN_PERMI":572,"MAX_PERMI":577,"MIN_BBXMIN":79.5,"MAX_BBXMIN":79.5,"MIN_BBXMAX":80.166667,"MAX_BBXMAX":80.166667,"MIN_BBYMIN":14.25,"MAX_BBYMIN":14.25,"MIN_BBYMAX":14.866667,"MAX_BBYMAX":14.866667,"MEAN_BBXC":79.925351,"MEAN_BBYC":14.564588,"TIMEZONE":"Asia/Kolkata","UN_FID":0,"POP1950":0,"POP1955":0,"POP1960":0,"POP1965":0,"POP1970":0,"POP1975":0,"POP1980":0,"POP1985":0,"POP1990":0,"POP1995":0,"POP2000":0,"POP2005":0,"POP2010":0,"POP2015":0,"POP2020":0,"POP2025":0,"POP2050":0,"MIN_ZOOM":6,"WIKIDATAID":"Q61434","WOF_ID":102029199,"CAPALT":0,"NAME_EN":"Nellore","NAME_DE":"Nellore","NAME_ES":"Nellore","NAME_FR":"Nellore","NAME_PT":"Nellore","NAME_RU":"Неллуру","NAME_ZH":"内洛尔","LABEL":null,"NAME_AR":"نيلور","NAME_BN":"নেল্লোর","NAME_EL":"Νελλόρε","NAME_HI":"नेल्लोर","NAME_HU":"Nellore","NAME_ID":"Nellore","NAME_IT":"Nellore","NAME_JA":"ネルール","NAME_KO":"닐로레","NAME_NL":"Nellore","NAME_PL":"Nellur","NAME_SV":"Nellore","NAME_TR":"Nellore","NAME_VI":"Nellore","NE_ID":1159148517,"NAME_FA":"نلور","NAME_HE":"נלורה","NAME_UK":"Неллор","NAME_UR":"نیلور","NAME_ZHT":"內洛爾","GEONAMESID":1261529,"FCLASS_ISO":null,"FCLASS_US":null,"FCLASS_FR":null,"FCLASS_RU":null,"FCLASS_ES":null,"FCLASS_CN":null,"FCLASS_TW":null,"FCLASS_IN":null,"FCLASS_NP":null,"FCLASS_PK":null,"FCLASS_DE":null,"FCLASS_GB":null,"FCLASS_BR":null,"FCLASS_IL":null,"FCLASS_PS":null,"FCLASS_SA":null,"FCLASS_EG":null,"FCLASS_MA":null,"FCLASS_PT":null,"FCLASS_AR":null,"FCLASS_JP":null,"FCLASS_KO":null,"FCLASS_VN":null,"FCLASS_TR":null,"FCLASS_ID":null,"FCLASS_PL":null,"FCLASS_GR":null,"FCLASS_IT":null,"FCLASS_NL":null,"FCLASS_SE":null,"FCLASS_BD":null,"FCLASS_UA":null,"FCLASS_TLC":null},"bbox":[79.989939,14.439983,79.989939,14.439983],"geometry":{"type":"Point","coordinates":[79.989939,14.439983]}},{"type":"Feature","properties":{"SCALERANK":6,"NATSCALE":30,"LABELRANK":1,"FEATURECLA":"Populated place","NAME":"Kurnool","NAMEPAR":null,"NAMEALT":null,"NAMEASCII":"Kurnool","ADM0CAP":0,"CAPIN":null,"WORLDCITY":0,"MEGACITY":0,"SOV0NAME":"India","SOV_A3":"IND","ADM0NAME":"India","ADM0_A3":"IND","ADM1NAME":"Andhra Pradesh","ISO_A2":"IN","NOTE":null,"LATITUDE":15.830001,"LONGITUDE":78.030007,"POP_MAX":424920,"POP_MIN":278124,"POP_OTHER":392384,"RANK_MAX":10,"RANK_MIN":10,"MEGANAME":null,"LS_NAME":"Kurnool","MAX_POP10":391174,"MAX_POP20":0,"MAX_POP50":0,"MAX_POP300":0,"MAX_POP310":0,"MAX_NATSCA":10,"MIN_AREAKM":114,"MAX_AREAKM":114,"MIN_AREAMI":44,"MAX_AREAMI":44,"MIN_PERKM":120,"MAX_PERKM":120,"MIN_PERMI":74,"MAX_PERMI":74,"MIN_BBXMIN":77.975,"MAX_BBXMIN":77.975,"MIN_BBXMAX":78.158333,"MAX_BBXMAX":78.158333,"MIN_BBYMIN":15.75,"MAX_BBYMIN":15.75,"MIN_BBYMAX":15.933333,"MAX_BBYMAX":15.933333,"MEAN_BBXC":78.044807,"MEAN_BBYC":15.825845,"TIMEZONE":null,"UN_FID":0,"POP1950":0,"POP1955":0,"POP1960":0,"POP1965":0,"POP1970":0,"POP1975":0,"POP1980":0,"POP1985":0,"POP1990":0,"POP1995":0,"POP2000":0,"POP2005":0,"POP2010":0,"POP2015":0,"POP2020":0,"POP2025":0,"POP2050":0,"MIN_ZOOM":6,"WIKIDATAID":"Q3635276","WOF_ID":1141908947,"CAPALT":0,"NAME_EN":"Kurnool","NAME_DE":"Kurnool","NAME_ES":"Kurnool","NAME_FR":"Kurnool","NAME_PT":"Kurnool","NAME_RU":"Карнул","NAME_ZH":"卡努尔","LABEL":null,"NAME_AR":"كرنول","NAME_BN":"কর্নুল","NAME_EL":"Καρνούλ","NAME_HI":"कुरनूल","NAME_HU":"Kurnool","NAME_ID":"Kurnool","NAME_IT":"Kurnool","NAME_JA":"カルヌール","NAME_KO":"쿠르누엘","NAME_NL":"Kurnool","NAME_PL":"Karnulu","NAME_SV":"Kurnool","NAME_TR":"Kurnool","NAME_VI":"Kurnool","NE_ID":1159148519,"NAME_FA":"کورنوول","NAME_HE":"קורנול","NAME_UK":"Карнул","NAME_UR":"کرنول","NAME_ZHT":"卡努爾","GEONAMESID":1265491,"FCLASS_ISO":null,"FCLASS_US":null,"FCLASS_FR":null,"FCLASS_RU":null,"FCLASS_ES":null,"FCLASS_CN":null,"FCLASS_TW":null,"FCLASS_IN":null,"FCLASS_NP":null,"FCLASS_PK":null,"FCLASS_DE":null,"FCLASS_GB":null,"FCLASS_BR":null,"FCLASS_IL":null,"FCLASS_PS":null,"FCLASS_SA":null,"FCLASS_EG":null,"FCLASS_MA":null,"FCLASS_PT":null,"FCLASS_AR":null,"FCLASS_JP":null,"FCLASS_KO":null,"FCLASS_VN":null,"FCLASS_TR":null,"FCLASS_ID":null,"FCLASS_PL":null,"FCLASS_GR":null,"FCLASS_IT":null,"FCLASS_NL":null,"FCLASS_SE":null,"FCLASS_BD":null,"FCLASS_UA":null,"FCLASS_TLC":null},"bbox":[78.030007,15.830001,78.030007,15.830001],"geometry":{"type":"Point","coordinates":[78.030007,15.830001]}},{"type":"Feature","properties":{"SCALERANK":6,"NATSCALE":30,"LABELRANK":null,"FEATURECLA":"Populated place","NAME":"Guntur","NAMEPAR":null,"NAMEALT":null,"NAMEASCII":"Guntur","ADM0CAP":0,"CAPIN":null,"WORLDCITY":0,"MEGACITY":0,"SOV0NAME":"India","SOV_A3":"IND","ADM0NAME":"India","ADM0_A3":"IND","ADM1NAME":"Andhra Pradesh","ISO_A2":"IN","NOTE":null,"LATITUDE":16.329997,"LONGITUDE":80.450014,"POP_MAX":530577,"POP_MIN":530577,"POP_OTHER":1879276,"RANK_MAX":11,"RANK_MIN":11,"MEGANAME":null,"LS_NAME":"Guntur","MAX_POP10":1626014,"MAX_POP20":0,"MAX_POP50":0,"MAX_POP300":0,"MAX_POP310":0,"MAX_NATSCA":10,"MIN_AREAKM":1286,"MAX_AREAKM":1286,"MIN_AREAMI":497,"MAX_AREAMI":497,"MIN_PERKM":1602,"MAX_PERKM":1602,"MIN_PERMI":996,"MAX_PERMI":996,"MIN_BBXMIN":79.8,"MAX_BBXMIN":79.8,"MIN_BBXMAX":80.799668,"MAX_BBXMAX":80.799668,"MIN_BBYMIN":16.025577,"MAX_BBYMIN":16.025577,"MIN_BBYMAX":16.747534,"MAX_BBYMAX":16.747534,"MEAN_BBXC":80.322067,"MEAN_BBYC":16.286679,"TIMEZONE":"Asia/Kolkata","UN_FID":0,"POP1950":0,"POP1955":0,"POP1960":0,"POP1965":0,"POP1970":0,"POP1975":0,"POP1980":0,"POP1985":0,"POP1990":0,"POP1995":0,"POP2000":0,"POP2005":0,"POP2010":0,"POP2015":0,"POP2020":0,"POP2025":0,"POP2050":0,"MIN_ZOOM":6,"WIKIDATAID":"Q3120966","WOF_ID":102030169,"CAPALT":0,"NAME_EN":"Guntur","NAME_DE":"Guntur","NAME_ES":"Guntur","NAME_FR":"Guntur","NAME_PT":"Guntur","NAME_RU":"Гунтур","NAME_ZH":"贡土尔","LABEL":null,"NAME_AR":"جونتور","NAME_BN":"গুণ্টুর","NAME_EL":"Γκουντούρ","NAME_HI":"गुंटूर","NAME_HU":"Guntúr","NAME_ID":"Guntur","NAME_IT":"Guntur","NAME_JA":"グントゥール","NAME_KO":"군투르","NAME_NL":"Guntur","NAME_PL":"Guntur","NAME_SV":"Guntur","NAME_TR":"Guntur","NAME_VI":"Guntur","NE_ID":1159148521,"NAME_FA":"گونتور","NAME_HE":"גונטור","NAME_UK":"Гунтур","NAME_UR":"گنٹور","NAME_ZHT":"貢土爾","GEONAMESID":1270668,"FCLASS_ISO":null,"FCLASS_US":null,"FCLASS_FR":null,"FCLASS_RU":null,"FCLASS_ES":null,"FCLASS_CN":null,"FCLASS_TW":null,"FCLASS_IN":null,"FCLASS_NP":null,"FCLASS_PK":null,"FCLASS_DE":null,"FCLASS_GB":null,"FCLASS_BR":null,"FCLASS_IL":null,"FCLASS_PS":null,"FCLASS_SA":null,"FCLASS_EG":null,"FCLASS_MA":null,"FCLASS_PT":null,"FCLASS_AR":null,"FCLASS_JP":null,"FCLASS_KO":null,"FCLASS_VN":null,"FCLASS_TR":null,"FCLASS_ID":null,"FCLASS_PL":null,"FCLASS_GR":null,"FCLASS_IT":null,"FCLASS_NL":null,"FCLASS_SE":null,"FCLASS_BD":null,"FCLASS_UA":null,"FCLASS_TLC":null},"bbox":[80.450014,16.329997,80.450014,16.329997],"geometry":{"type":"Point","coordinates":[80.450014,16.329997]}},{"type":"Feature","properties":{"SCALERANK":6,"NATSCALE":30,"LABELRANK":1,"FEATURECLA":"Populated place","NAME":"Davangere","NAMEPAR":null,"NAMEALT":null,"NAMEASCII":"Davangere","ADM0CAP":0,"CAPIN":null,"WORLDCITY":0,"MEGACITY":0,"SOV0NAME":"India","SOV_A3":"IND","ADM0NAME":"India","ADM0_A3":"IND","ADM1NAME":"Karnataka","ISO_A2":"IN","NOTE":null,"LATITUDE":14.470007,"LONGITUDE":75.920007,"POP_MAX":503564,"POP_MIN":435125,"POP_OTHER":495557,"RANK_MAX":11,"RANK_MIN":10,"MEGANAME":null,"LS_NAME":"Davangere","MAX_POP10":503564,"MAX_POP20":503564,"MAX_POP50":0,"MAX_POP300":0,"MAX_POP310":0,"MAX_NATSCA":20,"MIN_AREAKM":78,"MAX_AREAKM":78,"MIN_AREAMI":30,"MAX_AREAMI":30,"MIN_PERKM":62,"MAX_PERKM":62,"MIN_PERMI":38,"MAX_PERMI":38,"MIN_BBXMIN":75.875,"MAX_BBXMIN":75.875,"MIN_BBXMAX":75.983333,"MAX_BBXMAX":75.983333,"MIN_BBYMIN":14.408333,"MAX_BBYMIN":14.408333,"MIN_BBYMAX":14.533333,"MAX_BBYMAX":14.533333,"MEAN_BBXC":75.927128,"MEAN_BBYC":14.468794,"TIMEZONE":null,"UN_FID":0,"POP1950":0,"POP1955":0,"POP1960":0,"POP1965":0,"POP1970":0,"POP1975":0,"POP1980":0,"POP1985":0,"POP1990":0,"POP1995":0,"POP2000":0,"POP2005":0,"POP2010":0,"POP2015":0,"POP2020":0,"POP2025":0,"POP2050":0,"MIN_ZOOM":6,"WIKIDATAID":"Q519486","WOF_ID":1141908949,"CAPALT":0,"NAME_EN":"Davangere","NAME_DE":"Davanagere","NAME_ES":"Davangere","NAME_FR":"Davanagere","NAME_PT":"Davangere","NAME_RU":"Даванагере","NAME_ZH":"达凡基尔","LABEL":null,"NAME_AR":"دافانجر","NAME_BN":"দাবণগেরে","NAME_EL":"Νταβάνγκερε","NAME_HI":"दावणगेरे","NAME_HU":"Davangere","NAME_ID":"Davangere","NAME_IT":"Davanagere","NAME_JA":"ダバンゲア","NAME_KO":"다바나게레","NAME_NL":"Davanagere","NAME_PL":"Dawangere","NAME_SV":"Davanagare","NAME_TR":"Davangere","NAME_VI":"Davanagere","NE_ID":1159148525,"NAME_FA":"داواناگیری","NAME_HE":"דוונגרה","NAME_UK":"Давангере","NAME_UR":"دوانگیر","NAME_ZHT":"達凡基爾","GEONAMESID":1273368,"FCLASS_ISO":null,"FCLASS_US":null,"FCLASS_FR":null,"FCLASS_RU":null,"FCLASS_ES":null,"FCLASS_CN":null,"FCLASS_TW":null,"FCLASS_IN":null,"FCLASS_NP":null,"FCLASS_PK":null,"FCLASS_DE":null,"FCLASS_GB":null,"FCLASS_BR":null,"FCLASS_IL":null,"FCLASS_PS":null,"FCLASS_SA":null,"FCLASS_EG":null,"FCLASS_MA":null,"FCLASS_PT":null,"FCLASS_AR":null,"FCLASS_JP":null,"FCLASS_KO":null,"FCLASS_VN":null,"FCLASS_TR":null,"FCLASS_ID":null,"FCLASS_PL":null,"FCLASS_GR":null,"FCLASS_IT":null,"FCLASS_NL":null,"FCLASS_SE":null,"FCLASS_BD":null,"FCLASS_UA":null,"FCLASS_TLC":null},"bbox":[75.920006,14.470007,75.920006,14.470007],"geometry":{"type":"Point","coordinates":[75.920006,14.470007]}},{"type":"Feature","properties":{"SCALERANK":6,"NATSCALE":30,"LABELRANK":1,"FEATURECLA":"Populated place","NAME":"Ballari","NAMEPAR":"Bellary","NAMEALT":null,"NAMEASCII":"Ballari","ADM0CAP":0,"CAPIN":null,"WORLDCITY":0,"MEGACITY":0,"SOV0NAME":"India","SOV_A3":"IND","ADM0NAME":"India","ADM0_A3":"IND","ADM1NAME":"Karnataka","ISO_A2":"IN","NOTE":null,"LATITUDE":15.150043,"LONGITUDE":76.915036,"POP_MAX":445388,"POP_MIN":336681,"POP_OTHER":445549,"RANK_MAX":10,"RANK_MIN":10,"MEGANAME":null,"LS_NAME":"Bellary","MAX_POP10":445388,"MAX_POP20":445388,"MAX_POP50":0,"MAX_POP300":0,"MAX_POP310":0,"MAX_NATSCA":20,"MIN_AREAKM":178,"MAX_AREAKM":178,"MIN_AREAMI":69,"MAX_AREAMI":69,"MIN_PERKM":156,"MAX_PERKM":156,"MIN_PERMI":97,"MAX_PERMI":97,"MIN_BBXMIN":76.85,"MAX_BBXMIN":76.85,"MIN_BBXMAX":77.116667,"MAX_BBXMAX":77.116667,"MIN_BBYMIN":15.075,"MAX_BBYMIN":15.075,"MIN_BBYMAX":15.291667,"MAX_BBYMAX":15.291667,"MEAN_BBXC":76.936844,"MEAN_BBYC":15.163233,"TIMEZONE":"Asia/Kolkata","UN_FID":0,"POP1950":0,"POP1955":0,"POP1960":0,"POP1965":0,"POP1970":0,"POP1975":0,"POP1980":0,"POP1985":0,"POP1990":0,"POP1995":0,"POP2000":0,"POP2005":0,"POP2010":0,"POP2015":0,"POP2020":0,"POP2025":0,"POP2050":0,"MIN_ZOOM":6,"WIKIDATAID":"Q429063","WOF_ID":102030737,"CAPALT":0,"NAME_EN":"Bellary","NAME_DE":"Bellary","NAME_ES":"Bellary","NAME_FR":"Bellary","NAME_PT":"Bellary","NAME_RU":"Беллари","NAME_ZH":"贝拉里","LABEL":null,"NAME_AR":"بالاري","NAME_BN":"বেল্লারী","NAME_EL":"Μπελάρι","NAME_HI":"बेल्लारी","NAME_HU":"Ballari","NAME_ID":"Bellary","NAME_IT":"Bellary","NAME_JA":"ベラーリー","NAME_KO":"벨러리","NAME_NL":"Bellary","NAME_PL":"Ballari","NAME_SV":"Bellary","NAME_TR":"Bellary","NAME_VI":"Bellary","NE_ID":1159148527,"NAME_FA":"بلاری","NAME_HE":"בלרי","NAME_UK":"Белларі","NAME_UR":"بللاری","NAME_ZHT":"貝拉里","GEONAMESID":1276509,"FCLASS_ISO":null,"FCLASS_US":null,"FCLASS_FR":null,"FCLASS_RU":null,"FCLASS_ES":null,"FCLASS_CN":null,"FCLASS_TW":null,"FCLASS_IN":null,"FCLASS_NP":null,"FCLASS_PK":null,"FCLASS_DE":null,"FCLASS_GB":null,"FCLASS_BR":null,"FCLASS_IL":null,"FCLASS_PS":null,"FCLASS_SA":null,"FCLASS_EG":null,"FCLASS_MA":null,"FCLASS_PT":null,"FCLASS_AR":null,"FCLASS_JP":null,"FCLASS_KO":null,"FCLASS_VN":null,"FCLASS_TR":null,"FCLASS_ID":null,"FCLASS_PL":null,"FCLASS_GR":null,"FCLASS_IT":null,"FCLASS_NL":null,"FCLASS_SE":null,"FCLASS_BD":null,"FCLASS_UA":null,"FCLASS_TLC":null},"bbox":[76.915036,15.150043,76.915036,15.150043],"geometry":{"type":"Point","coordinates":[76.915036,15.150043]}},{"type":"Feature","properties":{"SCALERANK":6,"NATSCALE":30,"LABELRANK":1,"FEATURECLA":"Populated place","NAME":"Belagavi","NAMEPAR":"Belgaum","NAMEALT":null,"NAMEASCII":"Belagavi","ADM0CAP":0,"CAPIN":null,"WORLDCITY":0,"MEGACITY":0,"SOV0NAME":"India","SOV_A3":"IND","ADM0NAME":"India","ADM0_A3":"IND","ADM1NAME":"Karnataka","ISO_A2":"IN","NOTE":null,"LATITUDE":15.865012,"LONGITUDE":74.505002,"POP_MAX":608756,"POP_MIN":610189,"POP_OTHER":597805,"RANK_MAX":11,"RANK_MIN":11,"MEGANAME":null,"LS_NAME":"Belgaum","MAX_POP10":608756,"MAX_POP20":608756,"MAX_POP50":0,"MAX_POP300":0,"MAX_POP310":0,"MAX_NATSCA":20,"MIN_AREAKM":258,"MAX_AREAKM":258,"MIN_AREAMI":100,"MAX_AREAMI":100,"MIN_PERKM":267,"MAX_PERKM":267,"MIN_PERMI":166,"MAX_PERMI":166,"MIN_BBXMIN":74.358333,"MAX_BBXMIN":74.358333,"MIN_BBXMAX":74.608333,"MAX_BBXMAX":74.608333,"MIN_BBYMIN":15.741667,"MAX_BBYMIN":15.741667,"MIN_BBYMAX":16.033333,"MAX_BBYMAX":16.033333,"MEAN_BBXC":74.495276,"MEAN_BBYC":15.868073,"TIMEZONE":"Asia/Kolkata","UN_FID":0,"POP1950":0,"POP1955":0,"POP1960":0,"POP1965":0,"POP1970":0,"POP1975":0,"POP1980":0,"POP1985":0,"POP1990":0,"POP1995":0,"POP2000":0,"POP2005":0,"POP2010":0,"POP2015":0,"POP2020":0,"POP2025":0,"POP2050":0,"MIN_ZOOM":6,"WIKIDATAID":"Q270176","WOF_ID":102030739,"CAPALT":0,"NAME_EN":"Belgaum","NAME_DE":"Belgaum","NAME_ES":"Belgaum","NAME_FR":"Belgaum","NAME_PT":"Belgaum","NAME_RU":"Белгаум","NAME_ZH":"贝尔高姆","LABEL":null,"NAME_AR":"بيلغام","NAME_BN":"বেলগাম","NAME_EL":"Μπελαγκάβι","NAME_HI":"बेलगाँव","NAME_HU":"Belgaum","NAME_ID":"Belagavi","NAME_IT":"Belgaum","NAME_JA":"ベルガウム","NAME_KO":"벨가움","NAME_NL":"Belgaum","NAME_PL":"Belgaum","NAME_SV":"Belgaum","NAME_TR":"Belagavi","NAME_VI":"Belgaum","NE_ID":1159148531,"NAME_FA":"بلگایوم","NAME_HE":"בלגבי","NAME_UK":"Белгаум","NAME_UR":"بلگام","NAME_ZHT":"貝爾高姆","GEONAMESID":1276533,"FCLASS_ISO":null,"FCLASS_US":null,"FCLASS_FR":null,"FCLASS_RU":null,"FCLASS_ES":null,"FCLASS_CN":null,"FCLASS_TW":null,"FCLASS_IN":null,"FCLASS_NP":null,"FCLASS_PK":null,"FCLASS_DE":null,"FCLASS_GB":null,"FCLASS_BR":null,"FCLASS_IL":null,"FCLASS_PS":null,"FCLASS_SA":null,"FCLASS_EG":null,"FCLASS_MA":null,"FCLASS_PT":null,"FCLASS_AR":null,"FCLASS_JP":null,"FCLASS_KO":null,"FCLASS_VN":null,"FCLASS_TR":null,"FCLASS_ID":null,"FCLASS_PL":null,"FCLASS_GR":null,"FCLASS_IT":null,"FCLASS_NL":null,"FCLASS_SE":null,"FCLASS_BD":null,"FCLASS_UA":null,"FCLASS_TLC":null},"bbox":[74.505002,15.865012,74.505002,15.865012],"geometry":{"type":"Point","coordinates":[74.505002,15.865012]}},{"type":"Feature","properties":{"SCALERANK":6,"NATSCALE":30,"LABELRANK":1,"FEATURECLA":"Populated place","NAME":"Tuticorin","NAMEPAR":null,"NAMEALT":null,"NAMEASCII":"Tuticorin","ADM0CAP":0,"CAPIN":null,"WORLDCITY":0,"MEGACITY":0,"SOV0NAME":"India","SOV_A3":"IND","ADM0NAME":"India","ADM0_A3":"IND","ADM1NAME":"Tamil Nadu","ISO_A2":"IN","NOTE":null,"LATITUDE":8.81999,"LONGITUDE":78.130001,"POP_MAX":436094,"POP_MIN":436094,"POP_OTHER":694586,"RANK_MAX":10,"RANK_MIN":10,"MEGANAME":null,"LS_NAME":"Tuticorin","MAX_POP10":367668,"MAX_POP20":367668,"MAX_POP50":0,"MAX_POP300":0,"MAX_POP310":0,"MAX_NATSCA":20,"MIN_AREAKM":68,"MAX_AREAKM":68,"MIN_AREAMI":26,"MAX_AREAMI":26,"MIN_PERKM":64,"MAX_PERKM":64,"MIN_PERMI":40,"MAX_PERMI":40,"MIN_BBXMIN":78.091667,"MAX_BBXMIN":78.091667,"MIN_BBXMAX":78.166667,"MAX_BBXMAX":78.166667,"MIN_BBYMIN":8.766667,"MAX_BBYMIN":8.766667,"MIN_BBYMAX":8.883333,"MAX_BBYMAX":8.883333,"MEAN_BBXC":78.133646,"MEAN_BBYC":8.817292,"TIMEZONE":null,"UN_FID":0,"POP1950":0,"POP1955":0,"POP1960":0,"POP1965":0,"POP1970":0,"POP1975":0,"POP1980":0,"POP1985":0,"POP1990":0,"POP1995":0,"POP2000":0,"POP2005":0,"POP2010":0,"POP2015":0,"POP2020":0,"POP2025":0,"POP2050":0,"MIN_ZOOM":6,"WIKIDATAID":"Q41562","WOF_ID":1141908991,"CAPALT":0,"NAME_EN":"Thoothukudi","NAME_DE":"Thoothukudi","NAME_ES":"Thoothukudi","NAME_FR":"Thoothukudi","NAME_PT":"Thoothukudi","NAME_RU":"Тутикорин","NAME_ZH":"拓图昆迪","LABEL":null,"NAME_AR":"ذوثوكدي","NAME_BN":"তুতিকোরিন","NAME_EL":"Τουτουκούντι","NAME_HI":"थूठुकुडी","NAME_HU":"Tuticorin","NAME_ID":"Thoothukudi","NAME_IT":"Thoothukudi","NAME_JA":"トゥーットゥックディ","NAME_KO":"투투쿠디","NAME_NL":"Thoothukudi","NAME_PL":"Thoothukudi","NAME_SV":"Thoothukkudi","NAME_TR":"Thoothukudi","NAME_VI":"Thoothukkudi","NE_ID":1159148695,"NAME_FA":"توتوکودی","NAME_HE":"טוטיקורין","NAME_UK":"Тутікорін","NAME_UR":"تھووتحوکودی","NAME_ZHT":"拓圖昆迪","GEONAMESID":8629640,"FCLASS_ISO":null,"FCLASS_US":null,"FCLASS_FR":null,"FCLASS_RU":null,"FCLASS_ES":null,"FCLASS_CN":null,"FCLASS_TW":null,"FCLASS_IN":null,"FCLASS_NP":null,"FCLASS_PK":null,"FCLASS_DE":null,"FCLASS_GB":null,"FCLASS_BR":null,"FCLASS_IL":null,"FCLASS_PS":null,"FCLASS_SA":null,"FCLASS_EG":null,"FCLASS_MA":null,"FCLASS_PT":null,"FCLASS_AR":null,"FCLASS_JP":null,"FCLASS_KO":null,"FCLASS_VN":null,"FCLASS_TR":null,"FCLASS_ID":null,"FCLASS_PL":null,"FCLASS_GR":null,"FCLASS_IT":null,"FCLASS_NL":null,"FCLASS_SE":null,"FCLASS_BD":null,"FCLASS_UA":null,"FCLASS_TLC":null},"bbox":[78.131797,8.7978,78.131797,8.7978],"geometry":{"type":"Point","coordinates":[78.131797,8.7978]}},{"type":"Feature","properties":{"SCALERANK":4,"NATSCALE":50,"LABELRANK":1,"FEATURECLA":"Populated place","NAME":"Xiamen","NAMEPAR":null,"NAMEALT":null,"NAMEASCII":"Xiamen","ADM0CAP":0,"CAPIN":null,"WORLDCITY":0,"MEGACITY":1,"SOV0NAME":"China","SOV_A3":"CHN","ADM0NAME":"China","ADM0_A3":"CHN","ADM1NAME":"Fujian","ISO_A2":"CN","NOTE":"1","LATITUDE":24.451938,"LONGITUDE":118.078071,"POP_MAX":2519000,"POP_MIN":578337,"POP_OTHER":2228198,"RANK_MAX":12,"RANK_MIN":11,"MEGANAME":"Xiamen","LS_NAME":"Xiamen","MAX_POP10":1226188,"MAX_POP20":1226188,"MAX_POP50":0,"MAX_POP300":0,"MAX_POP310":0,"MAX_NATSCA":20,"MIN_AREAKM":127,"MAX_AREAKM":127,"MIN_AREAMI":49,"MAX_AREAMI":49,"MIN_PERKM":97,"MAX_PERKM":97,"MIN_PERMI":60,"MAX_PERMI":60,"MIN_BBXMIN":118.05,"MAX_BBXMIN":118.05,"MIN_BBXMAX":118.2,"MAX_BBXMAX":118.2,"MIN_BBYMIN":24.425,"MAX_BBYMIN":24.425,"MIN_BBYMAX":24.558333,"MAX_BBYMAX":24.558333,"MEAN_BBXC":118.124412,"MEAN_BBYC":24.489647,"TIMEZONE":"Asia/Shanghai","UN_FID":124,"POP1950":208,"POP1955":239,"POP1960":275,"POP1965":317,"POP1970":364,"POP1975":419,"POP1980":483,"POP1985":556,"POP1990":639,"POP1995":1124,"POP2000":1977,"POP2005":2371,"POP2010":2519,"POP2015":2739,"POP2020":3064,"POP2025":3331,"POP2050":3545,"MIN_ZOOM":5.6,"WIKIDATAID":"Q68744","WOF_ID":102027043,"CAPALT":0,"NAME_EN":"Xiamen","NAME_DE":"Xiamen","NAME_ES":"Xiamen","NAME_FR":"Xiamen","NAME_PT":"Xiamen","NAME_RU":"Сямэнь","NAME_ZH":"厦门","LABEL":null,"NAME_AR":"شيامن","NAME_BN":"শিয়ামেন","NAME_EL":"Σιαμέν","NAME_HI":"शियामेन","NAME_HU":"Hsziamen","NAME_ID":"Xiamen","NAME_IT":"Xiamen","NAME_JA":"廈門市","NAME_KO":"샤먼시","NAME_NL":"Xiamen","NAME_PL":"Xiamen","NAME_SV":"Xiamen","NAME_TR":"Xiamen","NAME_VI":"Hạ Môn","NE_ID":1159149129,"NAME_FA":"شیامن","NAME_HE":"שיאמן","NAME_UK":"Сямень","NAME_UR":"شیامین","NAME_ZHT":"廈門市","GEONAMESID":1790645,"FCLASS_ISO":null,"FCLASS_US":null,"FCLASS_FR":null,"FCLASS_RU":null,"FCLASS_ES":null,"FCLASS_CN":null,"FCLASS_TW":null,"FCLASS_IN":null,"FCLASS_NP":null,"FCLASS_PK":null,"FCLASS_DE":null,"FCLASS_GB":null,"FCLASS_BR":null,"FCLASS_IL":null,"FCLASS_PS":null,"FCLASS_SA":null,"FCLASS_EG":null,"FCLASS_MA":null,"FCLASS_PT":null,"FCLASS_AR":null,"FCLASS_JP":null,"FCLASS_KO":null,"FCLASS_VN":null,"FCLASS_TR":null,"FCLASS_ID":null,"FCLASS_PL":null,"FCLASS_GR":null,"FCLASS_IT":null,"FCLASS_NL":null,"FCLASS_SE":null,"FCLASS_BD":null,"FCLASS_UA":null,"FCLASS_TLC":null},"bbox":[118.078071,24.451938,118.078071,24.451938],"geometry":{"type":"Point","coordinates":[118.078071,24.451938]}},{"type":"Feature","properties":{"SCALERANK":4,"NATSCALE":50,"LABELRANK":1,"FEATURECLA":"Populated place","NAME":"Nanchong","NAMEPAR":null,"NAMEALT":null,"NAMEASCII":"Nanchong","ADM0CAP":0,"CAPIN":null,"WORLDCITY":0,"MEGACITY":1,"SOV0NAME":"China","SOV_A3":"CHN","ADM0NAME":"China","ADM0_A3":"CHN","ADM1NAME":"Sichuan","ISO_A2":"CN","NOTE":null,"LATITUDE":30.782378,"LONGITUDE":106.128051,"POP_MAX":2174000,"POP_MIN":2174000,"POP_OTHER":11131456,"RANK_MAX":12,"RANK_MIN":12,"MEGANAME":"Nanchong","LS_NAME":"Nanchong","MAX_POP10":11397178,"MAX_POP20":11401001,"MAX_POP50":0,"MAX_POP300":0,"MAX_POP310":0,"MAX_NATSCA":20,"MIN_AREAKM":10628,"MAX_AREAKM":10629,"MIN_AREAMI":4103,"MAX_AREAMI":4104,"MIN_PERKM":8741,"MAX_PERKM":8743,"MIN_PERMI":5431,"MAX_PERMI":5433,"MIN_BBXMIN":105.164728,"MAX_BBXMIN":105.181918,"MIN_BBXMAX":107.258698,"MAX_BBXMAX":107.258698,"MIN_BBYMIN":29.975,"MAX_BBYMIN":29.975,"MIN_BBYMAX":31.383333,"MAX_BBYMAX":31.383333,"MEAN_BBXC":106.223816,"MEAN_BBYC":30.672216,"TIMEZONE":"Asia/Chongqing","UN_FID":85,"POP1950":109,"POP1955":121,"POP1960":136,"POP1965":152,"POP1970":169,"POP1975":189,"POP1980":211,"POP1985":325,"POP1990":619,"POP1995":1029,"POP2000":1712,"POP2005":2046,"POP2010":2174,"POP2015":2364,"POP2020":2647,"POP2025":2881,"POP2050":3070,"MIN_ZOOM":5.6,"WIKIDATAID":"Q426996","WOF_ID":102027293,"CAPALT":0,"NAME_EN":"Nanchong","NAME_DE":"Nanchong","NAME_ES":"Nanchong","NAME_FR":"Nanchong","NAME_PT":"Nanchong","NAME_RU":"Наньчун","NAME_ZH":"南充","LABEL":null,"NAME_AR":"نانتشونغ","NAME_BN":"নানচং","NAME_EL":"Νάντσονγκ","NAME_HI":"नान्चॉन्ग","NAME_HU":"Nancsung","NAME_ID":"Nanchong","NAME_IT":"Nanchong","NAME_JA":"南充市","NAME_KO":"난충시","NAME_NL":"Nanchong","NAME_PL":"Nanchong","NAME_SV":"Nanchong","NAME_TR":"Nanchong","NAME_VI":"Nam Sung","NE_ID":1159149131,"NAME_FA":"نانچونگ","NAME_HE":"נאנצ'ונג","NAME_UK":"Наньчун","NAME_UR":"نانچونگ","NAME_ZHT":"南充市","GEONAMESID":1800146,"FCLASS_ISO":null,"FCLASS_US":null,"FCLASS_FR":null,"FCLASS_RU":null,"FCLASS_ES":null,"FCLASS_CN":null,"FCLASS_TW":null,"FCLASS_IN":null,"FCLASS_NP":null,"FCLASS_PK":null,"FCLASS_DE":null,"FCLASS_GB":null,"FCLASS_BR":null,"FCLASS_IL":null,"FCLASS_PS":null,"FCLASS_SA":null,"FCLASS_EG":null,"FCLASS_MA":null,"FCLASS_PT":null,"FCLASS_AR":null,"FCLASS_JP":null,"FCLASS_KO":null,"FCLASS_VN":null,"FCLASS_TR":null,"FCLASS_ID":null,"FCLASS_PL":null,"FCLASS_GR":null,"FCLASS_IT":null,"FCLASS_NL":null,"FCLASS_SE":null,"FCLASS_BD":null,"FCLASS_UA":null,"FCLASS_TLC":null},"bbox":[106.128051,30.782378,106.128051,30.782378],"geometry":{"type":"Point","coordinates":[106.128051,30.782378]}},{"type":"Feature","properties":{"SCALERANK":4,"NATSCALE":50,"LABELRANK":1,"FEATURECLA":"Populated place","NAME":"Neijiang","NAMEPAR":null,"NAMEALT":null,"NAMEASCII":"Neijiang","ADM0CAP":0,"CAPIN":null,"WORLDCITY":0,"MEGACITY":1,"SOV0NAME":"China","SOV_A3":"CHN","ADM0NAME":"China","ADM0_A3":"CHN","ADM1NAME":"Sichuan","ISO_A2":"CN","NOTE":null,"LATITUDE":29.582323,"LONGITUDE":105.048066,"POP_MAX":1466000,"POP_MIN":546854,"POP_OTHER":7094188,"RANK_MAX":12,"RANK_MIN":11,"MEGANAME":"Neijiang","LS_NAME":"Neijiang","MAX_POP10":7290066,"MAX_POP20":10030566,"MAX_POP50":0,"MAX_POP300":0,"MAX_POP310":0,"MAX_NATSCA":20,"MIN_AREAKM":8833,"MAX_AREAKM":12217,"MIN_AREAMI":3411,"MAX_AREAMI":4717,"MIN_PERKM":4624,"MAX_PERKM":5562,"MIN_PERMI":2873,"MAX_PERMI":3456,"MIN_BBXMIN":104.387651,"MAX_BBXMIN":104.517298,"MIN_BBXMAX":105.823076,"MAX_BBXMAX":105.823076,"MIN_BBYMIN":29.1,"MAX_BBYMIN":29.184559,"MIN_BBYMAX":30.546001,"MAX_BBYMAX":30.562745,"MEAN_BBXC":105.114792,"MEAN_BBYC":29.803985,"TIMEZONE":"Asia/Chongqing","UN_FID":90,"POP1950":137,"POP1955":153,"POP1960":171,"POP1965":191,"POP1970":214,"POP1975":239,"POP1980":267,"POP1985":495,"POP1990":1289,"POP1995":1338,"POP2000":1388,"POP2005":1441,"POP2010":1466,"POP2015":1525,"POP2020":1669,"POP2025":1819,"POP2050":1944,"MIN_ZOOM":5.6,"WIKIDATAID":"Q426756","WOF_ID":102027275,"CAPALT":0,"NAME_EN":"Neijiang","NAME_DE":"Neijiang","NAME_ES":"Neijiang","NAME_FR":"Neijiang","NAME_PT":"Neijiang","NAME_RU":"Нэйцзян","NAME_ZH":"内江","LABEL":null,"NAME_AR":"نيجيانج","NAME_BN":"নেইজিয়াং","NAME_EL":"Νεϊγιάνγκ","NAME_HI":"नैजिआंग","NAME_HU":"Nejcsiang","NAME_ID":"Neijiang","NAME_IT":"Neijiang","NAME_JA":"内江市","NAME_KO":"네이장시","NAME_NL":"Neijiang","NAME_PL":"Neijiang","NAME_SV":"Neijiang","NAME_TR":"Neijiang","NAME_VI":"Nội Giang","NE_ID":1159149133,"NAME_FA":"نایجیانگ","NAME_HE":"נייג'יאנג","NAME_UK":"Нейцзян","NAME_UR":"نائجیانگ","NAME_ZHT":"內江市","GEONAMESID":1799491,"FCLASS_ISO":null,"FCLASS_US":null,"FCLASS_FR":null,"FCLASS_RU":null,"FCLASS_ES":null,"FCLASS_CN":null,"FCLASS_TW":null,"FCLASS_IN":null,"FCLASS_NP":null,"FCLASS_PK":null,"FCLASS_DE":null,"FCLASS_GB":null,"FCLASS_BR":null,"FCLASS_IL":null,"FCLASS_PS":null,"FCLASS_SA":null,"FCLASS_EG":null,"FCLASS_MA":null,"FCLASS_PT":null,"FCLASS_AR":null,"FCLASS_JP":null,"FCLASS_KO":null,"FCLASS_VN":null,"FCLASS_TR":null,"FCLASS_ID":null,"FCLASS_PL":null,"FCLASS_GR":null,"FCLASS_IT":null,"FCLASS_NL":null,"FCLASS_SE":null,"FCLASS_BD":null,"FCLASS_UA":null,"FCLASS_TLC":null},"bbox":[105.048066,29.582323,105.048066,29.582323],"geometry":{"type":"Point","coordinates":[105.048066,29.582323]}},{"type":"Feature","properties":{"SCALERANK":4,"NATSCALE":50,"LABELRANK":1,"FEATURECLA":"Populated place","NAME":"Nanyang","NAMEPAR":null,"NAMEALT":"Nanyang, Henan","NAMEASCII":"Nanyang","ADM0CAP":0,"CAPIN":null,"WORLDCITY":0,"MEGACITY":1,"SOV0NAME":"China","SOV_A3":"CHN","ADM0NAME":"China","ADM0_A3":"CHN","ADM1NAME":"Henan","ISO_A2":"CN","NOTE":null,"LATITUDE":33.002346,"LONGITUDE":112.528074,"POP_MAX":1944000,"POP_MIN":251532,"POP_OTHER":3821124,"RANK_MAX":12,"RANK_MIN":10,"MEGANAME":"Nanyang, Henan","LS_NAME":"Nanyang","MAX_POP10":4254657,"MAX_POP20":4254657,"MAX_POP50":0,"MAX_POP300":0,"MAX_POP310":0,"MAX_NATSCA":20,"MIN_AREAKM":4702,"MAX_AREAKM":4702,"MIN_AREAMI":1816,"MAX_AREAMI":1816,"MIN_PERKM":4150,"MAX_PERKM":4150,"MIN_PERMI":2579,"MAX_PERMI":2579,"MIN_BBXMIN":112.05493,"MAX_BBXMIN":112.05493,"MIN_BBXMAX":113.437456,"MAX_BBXMAX":113.437456,"MIN_BBYMIN":32.333333,"MAX_BBYMIN":32.333333,"MIN_BBYMAX":33.458333,"MAX_BBYMAX":33.458333,"MEAN_BBXC":112.732556,"MEAN_BBYC":32.914055,"TIMEZONE":"Asia/Chongqing","UN_FID":89,"POP1950":75,"POP1955":92,"POP1960":113,"POP1965":138,"POP1970":168,"POP1975":205,"POP1980":251,"POP1985":307,"POP1990":375,"POP1995":753,"POP2000":1512,"POP2005":1830,"POP2010":1944,"POP2015":2115,"POP2020":2370,"POP2025":2581,"POP2050":2752,"MIN_ZOOM":5.6,"WIKIDATAID":"Q404763","WOF_ID":102027277,"CAPALT":0,"NAME_EN":"Nanyang","NAME_DE":"Nanyang","NAME_ES":"Nanyang","NAME_FR":"Nanyang","NAME_PT":"Nanyang","NAME_RU":"Наньян","NAME_ZH":"南阳","LABEL":null,"NAME_AR":"نانيانغ","NAME_BN":"নান-ইয়াং","NAME_EL":"Νανγιάνγκ","NAME_HI":"नानयांग","NAME_HU":"Nanjang","NAME_ID":"Nanyang","NAME_IT":"Nanyang","NAME_JA":"南陽市","NAME_KO":"난양시","NAME_NL":"Nanyang","NAME_PL":"Nanyang","NAME_SV":"Nanyang","NAME_TR":"Nanyang","NAME_VI":"Nam Dương","NE_ID":1159149135,"NAME_FA":"نانیانگ","NAME_HE":"נניאנג","NAME_UK":"Наньян","NAME_UR":"نانیانگ","NAME_ZHT":"南陽市","GEONAMESID":1799629,"FCLASS_ISO":null,"FCLASS_US":null,"FCLASS_FR":null,"FCLASS_RU":null,"FCLASS_ES":null,"FCLASS_CN":null,"FCLASS_TW":null,"FCLASS_IN":null,"FCLASS_NP":null,"FCLASS_PK":null,"FCLASS_DE":null,"FCLASS_GB":null,"FCLASS_BR":null,"FCLASS_IL":null,"FCLASS_PS":null,"FCLASS_SA":null,"FCLASS_EG":null,"FCLASS_MA":null,"FCLASS_PT":null,"FCLASS_AR":null,"FCLASS_JP":null,"FCLASS_KO":null,"FCLASS_VN":null,"FCLASS_TR":null,"FCLASS_ID":null,"FCLASS_PL":null,"FCLASS_GR":null,"FCLASS_IT":null,"FCLASS_NL":null,"FCLASS_SE":null,"FCLASS_BD":null,"FCLASS_UA":null,"FCLASS_TLC":null},"bbox":[112.528074,33.002346,112.528074,33.002346],"geometry":{"type":"Point","coordinates":[112.528074,33.002346]}},{"type":"Feature","properties":{"SCALERANK":4,"NATSCALE":50,"LABELRANK":1,"FEATURECLA":"Populated place","NAME":"Jinxi","NAMEPAR":null,"NAMEALT":"Jinxi, Liaoning","NAMEASCII":"Jinxi","ADM0CAP":0,"CAPIN":null,"WORLDCITY":0,"MEGACITY":1,"SOV0NAME":"China","SOV_A3":"CHN","ADM0NAME":"China","ADM0_A3":"CHN","ADM1NAME":"Liaoning","ISO_A2":"CN","NOTE":null,"LATITUDE":40.752287,"LONGITUDE":120.828033,"POP_MAX":2426000,"POP_MIN":313247,"POP_OTHER":504254,"RANK_MAX":12,"RANK_MIN":10,"MEGANAME":"Jinxi, Liaoning","LS_NAME":"Jinxi","MAX_POP10":515280,"MAX_POP20":515280,"MAX_POP50":0,"MAX_POP300":0,"MAX_POP310":0,"MAX_NATSCA":20,"MIN_AREAKM":201,"MAX_AREAKM":201,"MIN_AREAMI":77,"MAX_AREAMI":77,"MIN_PERKM":166,"MAX_PERKM":166,"MIN_PERMI":103,"MAX_PERMI":103,"MIN_BBXMIN":120.741667,"MAX_BBXMIN":120.741667,"MIN_BBXMAX":120.958333,"MAX_BBXMAX":120.958333,"MIN_BBYMIN":40.658333,"MAX_BBYMIN":40.658333,"MIN_BBYMAX":40.858333,"MAX_BBYMAX":40.858333,"MEAN_BBXC":120.850839,"MEAN_BBYC":40.754789,"TIMEZONE":"Asia/Harbin","UN_FID":64,"POP1950":226,"POP1955":273,"POP1960":330,"POP1965":399,"POP1970":482,"POP1975":583,"POP1980":704,"POP1985":943,"POP1990":1350,"POP1995":1605,"POP2000":1908,"POP2005":2268,"POP2010":2426,"POP2015":2658,"POP2020":2986,"POP2025":3248,"POP2050":3457,"MIN_ZOOM":5.6,"WIKIDATAID":null,"WOF_ID":890512899,"CAPALT":0,"NAME_EN":"Lianshan","NAME_DE":"Lianshan","NAME_ES":"Lianshan","NAME_FR":"Lianshan","NAME_PT":"Lianshan","NAME_RU":"Цзиньси","NAME_ZH":"锦溪","LABEL":null,"NAME_AR":"جينشى","NAME_BN":"জিনশি","NAME_EL":"Τζίνξι","NAME_HI":"जिंक्सी","NAME_HU":"Csinhszi","NAME_ID":"Jinxi","NAME_IT":"Jinxi","NAME_JA":"錦渓鎮","NAME_KO":"진시","NAME_NL":"Jinxi","NAME_PL":"Jinxi","NAME_SV":"Jinxi","NAME_TR":"Jinxi","NAME_VI":"Kim Khê","NE_ID":1159149137,"NAME_FA":"جینکسی","NAME_HE":"ג'ינקסי","NAME_UK":"Цзиньсі","NAME_UR":"جنزی","NAME_ZHT":"錦溪","GEONAMESID":2036434,"FCLASS_ISO":null,"FCLASS_US":null,"FCLASS_FR":null,"FCLASS_RU":null,"FCLASS_ES":null,"FCLASS_CN":null,"FCLASS_TW":null,"FCLASS_IN":null,"FCLASS_NP":null,"FCLASS_PK":null,"FCLASS_DE":null,"FCLASS_GB":null,"FCLASS_BR":null,"FCLASS_IL":null,"FCLASS_PS":null,"FCLASS_SA":null,"FCLASS_EG":null,"FCLASS_MA":null,"FCLASS_PT":null,"FCLASS_AR":null,"FCLASS_JP":null,"FCLASS_KO":null,"FCLASS_VN":null,"FCLASS_TR":null,"FCLASS_ID":null,"FCLASS_PL":null,"FCLASS_GR":null,"FCLASS_IT":null,"FCLASS_NL":null,"FCLASS_SE":null,"FCLASS_BD":null,"FCLASS_UA":null,"FCLASS_TLC":null},"bbox":[120.828033,40.752287,120.828033,40.752287],"geometry":{"type":"Point","coordinates":[120.828033,40.752287]}},{"type":"Feature","properties":{"SCALERANK":4,"NATSCALE":50,"LABELRANK":1,"FEATURECLA":"Populated place","NAME":"Yantai","NAMEPAR":null,"NAMEALT":null,"NAMEASCII":"Yantai","ADM0CAP":0,"CAPIN":null,"WORLDCITY":0,"MEGACITY":1,"SOV0NAME":"China","SOV_A3":"CHN","ADM0NAME":"China","ADM0_A3":"CHN","ADM1NAME":"Shandong","ISO_A2":"CN","NOTE":null,"LATITUDE":37.532354,"LONGITUDE":121.398075,"POP_MAX":2116000,"POP_MIN":719332,"POP_OTHER":1325121,"RANK_MAX":12,"RANK_MIN":11,"MEGANAME":"Yantai","LS_NAME":"Yantai","MAX_POP10":1344089,"MAX_POP20":1344089,"MAX_POP50":0,"MAX_POP300":0,"MAX_POP310":0,"MAX_NATSCA":20,"MIN_AREAKM":665,"MAX_AREAKM":665,"MIN_AREAMI":257,"MAX_AREAMI":257,"MIN_PERKM":633,"MAX_PERKM":633,"MIN_PERMI":393,"MAX_PERMI":393,"MIN_BBXMIN":120.875,"MAX_BBXMIN":120.875,"MIN_BBXMAX":121.525,"MAX_BBXMAX":121.525,"MIN_BBYMIN":37.266667,"MAX_BBYMIN":37.266667,"MIN_BBYMAX":37.708333,"MAX_BBYMAX":37.708333,"MEAN_BBXC":121.236374,"MEAN_BBYC":37.483594,"TIMEZONE":"Asia/Shanghai","UN_FID":137,"POP1950":190,"POP1955":212,"POP1960":236,"POP1965":264,"POP1970":295,"POP1975":329,"POP1980":368,"POP1985":515,"POP1990":838,"POP1995":1188,"POP2000":1684,"POP2005":1991,"POP2010":2116,"POP2015":2301,"POP2020":2577,"POP2025":2805,"POP2050":2989,"MIN_ZOOM":5.6,"WIKIDATAID":"Q210493","WOF_ID":102026967,"CAPALT":0,"NAME_EN":"Yantai","NAME_DE":"Yantai","NAME_ES":"Yantai","NAME_FR":"Yantai","NAME_PT":"Yantai","NAME_RU":"Яньтай","NAME_ZH":"烟台","LABEL":null,"NAME_AR":"يانتاى","NAME_BN":"ইয়ানথাই","NAME_EL":"Γιαντάι","NAME_HI":"यंताई","NAME_HU":"Jentaj","NAME_ID":"Yantai","NAME_IT":"Yantai","NAME_JA":"煙台市","NAME_KO":"옌타이시","NAME_NL":"Yantai","NAME_PL":"Yantai","NAME_SV":"Yantai","NAME_TR":"Yantai","NAME_VI":"Yên Đài","NE_ID":1159149139,"NAME_FA":"یانتای","NAME_HE":"יאנטאי","NAME_UK":"Яньтай","NAME_UR":"یانتائی","NAME_ZHT":"煙台市","GEONAMESID":1787093,"FCLASS_ISO":null,"FCLASS_US":null,"FCLASS_FR":null,"FCLASS_RU":null,"FCLASS_ES":null,"FCLASS_CN":null,"FCLASS_TW":null,"FCLASS_IN":null,"FCLASS_NP":null,"FCLASS_PK":null,"FCLASS_DE":null,"FCLASS_GB":null,"FCLASS_BR":null,"FCLASS_IL":null,"FCLASS_PS":null,"FCLASS_SA":null,"FCLASS_EG":null,"FCLASS_MA":null,"FCLASS_PT":null,"FCLASS_AR":null,"FCLASS_JP":null,"FCLASS_KO":null,"FCLASS_VN":null,"FCLASS_TR":null,"FCLASS_ID":null,"FCLASS_PL":null,"FCLASS_GR":null,"FCLASS_IT":null,"FCLASS_NL":null,"FCLASS_SE":null,"FCLASS_BD":null,"FCLASS_UA":null,"FCLASS_TLC":null},"bbox":[121.398075,37.532354,121.398075,37.532354],"geometry":{"type":"Point","coordinates":[121.398075,37.532354]}},{"type":"Feature","properties":{"SCALERANK":4,"NATSCALE":50,"LABELRANK":1,"FEATURECLA":"Populated place","NAME":"Zaozhuang","NAMEPAR":null,"NAMEALT":null,"NAMEASCII":"Zaozhuang","ADM0CAP":0,"CAPIN":null,"WORLDCITY":0,"MEGACITY":1,"SOV0NAME":"China","SOV_A3":"CHN","ADM0NAME":"China","ADM0_A3":"CHN","ADM1NAME":"Shandong","ISO_A2":"CN","NOTE":null,"LATITUDE":34.881947,"LONGITUDE":117.568077,"POP_MAX":2145000,"POP_MIN":183665,"POP_OTHER":3955122,"RANK_MAX":12,"RANK_MIN":9,"MEGANAME":"Zaozhuang","LS_NAME":"Zaozhuang","MAX_POP10":4013912,"MAX_POP20":4667952,"MAX_POP50":0,"MAX_POP300":0,"MAX_POP310":0,"MAX_NATSCA":20,"MIN_AREAKM":3004,"MAX_AREAKM":3635,"MIN_AREAMI":1160,"MAX_AREAMI":1403,"MIN_PERKM":1939,"MAX_PERKM":2315,"MIN_PERMI":1205,"MAX_PERMI":1438,"MIN_BBXMIN":116.950389,"MAX_BBXMIN":116.950389,"MIN_BBXMAX":118.018203,"MAX_BBXMAX":118.101157,"MIN_BBYMIN":34.238772,"MAX_BBYMIN":34.32631,"MIN_BBYMAX":35.216667,"MAX_BBYMAX":35.216667,"MEAN_BBXC":117.510251,"MEAN_BBYC":34.769831,"TIMEZONE":"Asia/Shanghai","UN_FID":149,"POP1950":282,"POP1955":355,"POP1960":447,"POP1965":564,"POP1970":711,"POP1975":896,"POP1980":1129,"POP1985":1423,"POP1990":1793,"POP1995":1889,"POP2000":1990,"POP2005":2096,"POP2010":2145,"POP2015":2242,"POP2020":2456,"POP2025":2670,"POP2050":2846,"MIN_ZOOM":5.1,"WIKIDATAID":"Q147187","WOF_ID":890512925,"CAPALT":0,"NAME_EN":"Zaozhuang","NAME_DE":"Zaozhuang","NAME_ES":"Zaozhuang","NAME_FR":"Zaozhuang","NAME_PT":"Zaoshuang","NAME_RU":"Цзаочжуан","NAME_ZH":"枣庄","LABEL":null,"NAME_AR":"تساوتشوانغ","NAME_BN":"সাওচুয়াং","NAME_EL":"Τζαοτζουάνγκ","NAME_HI":"ज़वज़हुआंग","NAME_HU":"Csaocsuang","NAME_ID":"Zaozhuang","NAME_IT":"Zaozhuang","NAME_JA":"棗荘市","NAME_KO":"짜오좡시","NAME_NL":"Zaozhuang","NAME_PL":"Zaozhuang","NAME_SV":"Zaozhuang","NAME_TR":"Zaozhuang","NAME_VI":"Tảo Trang","NE_ID":1159149143,"NAME_FA":"زاوژوانگ","NAME_HE":"זאוז'ואנג","NAME_UK":"Цзаочжуан","NAME_UR":"زاوژوانگ","NAME_ZHT":"棗莊市","GEONAMESID":1785453,"FCLASS_ISO":null,"FCLASS_US":null,"FCLASS_FR":null,"FCLASS_RU":null,"FCLASS_ES":null,"FCLASS_CN":null,"FCLASS_TW":null,"FCLASS_IN":null,"FCLASS_NP":null,"FCLASS_PK":null,"FCLASS_DE":null,"FCLASS_GB":null,"FCLASS_BR":null,"FCLASS_IL":null,"FCLASS_PS":null,"FCLASS_SA":null,"FCLASS_EG":null,"FCLASS_MA":null,"FCLASS_PT":null,"FCLASS_AR":null,"FCLASS_JP":null,"FCLASS_KO":null,"FCLASS_VN":null,"FCLASS_TR":null,"FCLASS_ID":null,"FCLASS_PL":null,"FCLASS_GR":null,"FCLASS_IT":null,"FCLASS_NL":null,"FCLASS_SE":null,"FCLASS_BD":null,"FCLASS_UA":null,"FCLASS_TLC":null},"bbox":[117.568077,34.881947,117.568077,34.881947],"geometry":{"type":"Point","coordinates":[117.568077,34.881947]}},{"type":"Feature","properties":{"SCALERANK":4,"NATSCALE":50,"LABELRANK":1,"FEATURECLA":"Populated place","NAME":"Suzhou","NAMEPAR":null,"NAMEALT":"Suzhou, Jiangsu","NAMEASCII":"Suzhou","ADM0CAP":0,"CAPIN":null,"WORLDCITY":0,"MEGACITY":1,"SOV0NAME":"China","SOV_A3":"CHN","ADM0NAME":"China","ADM0_A3":"CHN","ADM1NAME":"Jiangsu","ISO_A2":"CN","NOTE":null,"LATITUDE":31.302424,"LONGITUDE":120.618071,"POP_MAX":1650000,"POP_MIN":1343091,"POP_OTHER":3491885,"RANK_MAX":12,"RANK_MIN":12,"MEGANAME":"Suzhou, Jiangsu","LS_NAME":"Suzhou","MAX_POP10":3627752,"MAX_POP20":3627752,"MAX_POP50":0,"MAX_POP300":0,"MAX_POP310":0,"MAX_NATSCA":20,"MIN_AREAKM":1550,"MAX_AREAKM":1550,"MIN_AREAMI":598,"MAX_AREAMI":598,"MIN_PERKM":1106,"MAX_PERKM":1106,"MIN_PERMI":687,"MAX_PERMI":687,"MIN_BBXMIN":120.391667,"MAX_BBXMIN":120.391667,"MIN_BBXMAX":121.060173,"MAX_BBXMAX":121.060173,"MIN_BBYMIN":31.016667,"MAX_BBYMIN":31.016667,"MIN_BBYMAX":31.678375,"MAX_BBYMAX":31.678375,"MEAN_BBXC":120.722322,"MEAN_BBYC":31.376558,"TIMEZONE":"Asia/Shanghai","UN_FID":107,"POP1950":457,"POP1955":486,"POP1960":516,"POP1965":548,"POP1970":583,"POP1975":619,"POP1980":657,"POP1985":743,"POP1990":875,"POP1995":1077,"POP2000":1326,"POP2005":1553,"POP2010":1650,"POP2015":1795,"POP2020":2013,"POP2025":2195,"POP2050":2343,"MIN_ZOOM":5.6,"WIKIDATAID":"Q42622","WOF_ID":102027777,"CAPALT":0,"NAME_EN":"Suzhou","NAME_DE":"Suzhou","NAME_ES":"Suzhou","NAME_FR":"Suzhou","NAME_PT":"Suzhou","NAME_RU":"Сучжоу","NAME_ZH":"苏州","LABEL":null,"NAME_AR":"سوجو","NAME_BN":"সুচৌ","NAME_EL":"Σουτσόου","NAME_HI":"सूझोऊ","NAME_HU":"Szucsou","NAME_ID":"Suzhou","NAME_IT":"Suzhou","NAME_JA":"蘇州市","NAME_KO":"쑤저우시","NAME_NL":"Suzhou","NAME_PL":"Suzhou","NAME_SV":"Suzhou","NAME_TR":"Wuzhong","NAME_VI":"Tô Châu","NE_ID":1159149145,"NAME_FA":"سوژو","NAME_HE":"סוג'ואו","NAME_UK":"Сучжоу","NAME_UR":"سوژوو","NAME_ZHT":"蘇州市","GEONAMESID":1886760,"FCLASS_ISO":null,"FCLASS_US":null,"FCLASS_FR":null,"FCLASS_RU":null,"FCLASS_ES":null,"FCLASS_CN":null,"FCLASS_TW":null,"FCLASS_IN":null,"FCLASS_NP":null,"FCLASS_PK":null,"FCLASS_DE":null,"FCLASS_GB":null,"FCLASS_BR":null,"FCLASS_IL":null,"FCLASS_PS":null,"FCLASS_SA":null,"FCLASS_EG":null,"FCLASS_MA":null,"FCLASS_PT":null,"FCLASS_AR":null,"FCLASS_JP":null,"FCLASS_KO":null,"FCLASS_VN":null,"FCLASS_TR":null,"FCLASS_ID":null,"FCLASS_PL":null,"FCLASS_GR":null,"FCLASS_IT":null,"FCLASS_NL":null,"FCLASS_SE":null,"FCLASS_BD":null,"FCLASS_UA":null,"FCLASS_TLC":null},"bbox":[120.618071,31.302424,120.618071,31.302424],"geometry":{"type":"Point","coordinates":[120.618071,31.302424]}},{"type":"Feature","properties":{"SCALERANK":4,"NATSCALE":50,"LABELRANK":1,"FEATURECLA":"Populated place","NAME":"Xuzhou","NAMEPAR":null,"NAMEALT":null,"NAMEASCII":"Xuzhou","ADM0CAP":0,"CAPIN":null,"WORLDCITY":0,"MEGACITY":1,"SOV0NAME":"China","SOV_A3":"CHN","ADM0NAME":"China","ADM0_A3":"CHN","ADM1NAME":"Jiangsu","ISO_A2":"CN","NOTE":null,"LATITUDE":34.281958,"LONGITUDE":117.178074,"POP_MAX":2091000,"POP_MIN":1199193,"POP_OTHER":5117330,"RANK_MAX":12,"RANK_MIN":12,"MEGANAME":"Xuzhou","LS_NAME":"Xuzhou","MAX_POP10":5254815,"MAX_POP20":5900062,"MAX_POP50":0,"MAX_POP300":0,"MAX_POP310":0,"MAX_NATSCA":20,"MIN_AREAKM":3705,"MAX_AREAKM":4301,"MIN_AREAMI":1430,"MAX_AREAMI":1661,"MIN_PERKM":3112,"MAX_PERKM":3525,"MIN_PERMI":1934,"MAX_PERMI":2190,"MIN_BBXMIN":116.641667,"MAX_BBXMIN":116.641667,"MIN_BBXMAX":117.819569,"MAX_BBXMAX":117.975272,"MIN_BBYMIN":33.64077,"MAX_BBYMIN":33.64077,"MIN_BBYMAX":34.8732,"MAX_BBYMAX":34.8732,"MEAN_BBXC":117.235721,"MEAN_BBYC":34.283502,"TIMEZONE":"Asia/Shanghai","UN_FID":135,"POP1950":341,"POP1955":397,"POP1960":462,"POP1965":534,"POP1970":597,"POP1975":667,"POP1980":745,"POP1985":837,"POP1990":944,"POP1995":1247,"POP2000":1648,"POP2005":1960,"POP2010":2091,"POP2015":2284,"POP2020":2564,"POP2025":2792,"POP2050":2975,"MIN_ZOOM":5.6,"WIKIDATAID":"Q57719","WOF_ID":102026983,"CAPALT":0,"NAME_EN":"Xuzhou","NAME_DE":"Xuzhou","NAME_ES":"Xuzhou","NAME_FR":"Xuzhou","NAME_PT":"Xuzhou","NAME_RU":"Сюйчжоу","NAME_ZH":"徐州","LABEL":null,"NAME_AR":"شوزهو","NAME_BN":"জুহো","NAME_EL":"Ξουτσόου","NAME_HI":"सुज़होउ","NAME_HU":"Hszücsou","NAME_ID":"Xuzhou","NAME_IT":"Xuzhou","NAME_JA":"徐州市","NAME_KO":"쉬저우시","NAME_NL":"Xuzhou","NAME_PL":"Xuzhou","NAME_SV":"Xuzhou","NAME_TR":"Xuzhou","NAME_VI":"Từ Châu","NE_ID":1159149147,"NAME_FA":"شوژو","NAME_HE":"שוזו","NAME_UK":"Сюйчжоу","NAME_UR":"شوژو","NAME_ZHT":"徐州市","GEONAMESID":1787824,"FCLASS_ISO":null,"FCLASS_US":null,"FCLASS_FR":null,"FCLASS_RU":null,"FCLASS_ES":null,"FCLASS_CN":null,"FCLASS_TW":null,"FCLASS_IN":null,"FCLASS_NP":null,"FCLASS_PK":null,"FCLASS_DE":null,"FCLASS_GB":null,"FCLASS_BR":null,"FCLASS_IL":null,"FCLASS_PS":null,"FCLASS_SA":null,"FCLASS_EG":null,"FCLASS_MA":null,"FCLASS_PT":null,"FCLASS_AR":null,"FCLASS_JP":null,"FCLASS_KO":null,"FCLASS_VN":null,"FCLASS_TR":null,"FCLASS_ID":null,"FCLASS_PL":null,"FCLASS_GR":null,"FCLASS_IT":null,"FCLASS_NL":null,"FCLASS_SE":null,"FCLASS_BD":null,"FCLASS_UA":null,"FCLASS_TLC":null},"bbox":[117.178074,34.281958,117.178074,34.281958],"geometry":{"type":"Point","coordinates":[117.178074,34.281958]}},{"type":"Feature","properties":{"SCALERANK":4,"NATSCALE":50,"LABELRANK":1,"FEATURECLA":"Populated place","NAME":"Wuxi","NAMEPAR":null,"NAMEALT":"Wuxi, Jiangsu","NAMEASCII":"Wuxi","ADM0CAP":0,"CAPIN":null,"WORLDCITY":0,"MEGACITY":1,"SOV0NAME":"China","SOV_A3":"CHN","ADM0NAME":"China","ADM0_A3":"CHN","ADM1NAME":"Jiangsu","ISO_A2":"CN","NOTE":null,"LATITUDE":31.581942,"LONGITUDE":120.298039,"POP_MAX":1749000,"POP_MIN":1108647,"POP_OTHER":3649352,"RANK_MAX":12,"RANK_MIN":12,"MEGANAME":"Wuxi, Jiangsu","LS_NAME":"Wuxi","MAX_POP10":3773120,"MAX_POP20":7294686,"MAX_POP50":0,"MAX_POP300":0,"MAX_POP310":0,"MAX_NATSCA":20,"MIN_AREAKM":1832,"MAX_AREAKM":3274,"MIN_AREAMI":707,"MAX_AREAMI":1264,"MIN_PERKM":652,"MAX_PERKM":1696,"MIN_PERMI":405,"MAX_PERMI":1054,"MIN_BBXMIN":119.517285,"MAX_BBXMIN":120.035985,"MIN_BBXMAX":120.666667,"MAX_BBXMAX":120.666667,"MIN_BBYMIN":31.330629,"MAX_BBYMIN":31.408333,"MIN_BBYMAX":31.966667,"MAX_BBYMAX":31.966667,"MEAN_BBXC":120.266183,"MEAN_BBYC":31.692282,"TIMEZONE":"Asia/Shanghai","UN_FID":123,"POP1950":572,"POP1955":588,"POP1960":604,"POP1965":627,"POP1970":677,"POP1975":730,"POP1980":788,"POP1985":881,"POP1990":1009,"POP1995":1192,"POP2000":1410,"POP2005":1646,"POP2010":1749,"POP2015":1903,"POP2020":2134,"POP2025":2326,"POP2050":2481,"MIN_ZOOM":5.6,"WIKIDATAID":"Q42651","WOF_ID":102027049,"CAPALT":0,"NAME_EN":"Wuxi","NAME_DE":"Wuxi","NAME_ES":"Wuxi","NAME_FR":"Wuxi","NAME_PT":"Wuxi","NAME_RU":"Уси","NAME_ZH":"无锡","LABEL":null,"NAME_AR":"ووشي","NAME_BN":"উশি","NAME_EL":"Γουξί","NAME_HI":"वुक्सि","NAME_HU":"Vuhszi","NAME_ID":"Wuxi","NAME_IT":"Wuxi","NAME_JA":"無錫市","NAME_KO":"우시시","NAME_NL":"Wuxi","NAME_PL":"Wuxi","NAME_SV":"Wuxi","NAME_TR":"Wuxi","NAME_VI":"Vô Tích","NE_ID":1159149149,"NAME_FA":"ووشی","NAME_HE":"וושי","NAME_UK":"Усі","NAME_UR":"ووشی","NAME_ZHT":"無錫市","GEONAMESID":1790923,"FCLASS_ISO":null,"FCLASS_US":null,"FCLASS_FR":null,"FCLASS_RU":null,"FCLASS_ES":null,"FCLASS_CN":null,"FCLASS_TW":null,"FCLASS_IN":null,"FCLASS_NP":null,"FCLASS_PK":null,"FCLASS_DE":null,"FCLASS_GB":null,"FCLASS_BR":null,"FCLASS_IL":null,"FCLASS_PS":null,"FCLASS_SA":null,"FCLASS_EG":null,"FCLASS_MA":null,"FCLASS_PT":null,"FCLASS_AR":null,"FCLASS_JP":null,"FCLASS_KO":null,"FCLASS_VN":null,"FCLASS_TR":null,"FCLASS_ID":null,"FCLASS_PL":null,"FCLASS_GR":null,"FCLASS_IT":null,"FCLASS_NL":null,"FCLASS_SE":null,"FCLASS_BD":null,"FCLASS_UA":null,"FCLASS_TLC":null},"bbox":[120.298039,31.581942,120.298039,31.581942],"geometry":{"type":"Point","coordinates":[120.298039,31.581942]}},{"type":"Feature","properties":{"SCALERANK":4,"NATSCALE":50,"LABELRANK":1,"FEATURECLA":"Populated place","NAME":"Jilin","NAMEPAR":null,"NAMEALT":null,"NAMEASCII":"Jilin","ADM0CAP":0,"CAPIN":null,"WORLDCITY":0,"MEGACITY":1,"SOV0NAME":"China","SOV_A3":"CHN","ADM0NAME":"China","ADM0_A3":"CHN","ADM1NAME":"Jilin","ISO_A2":"CN","NOTE":null,"LATITUDE":43.851917,"LONGITUDE":126.548097,"POP_MAX":2396000,"POP_MIN":1881977,"POP_OTHER":1895806,"RANK_MAX":12,"RANK_MIN":12,"MEGANAME":"Jilin","LS_NAME":"Jilin","MAX_POP10":1976757,"MAX_POP20":0,"MAX_POP50":0,"MAX_POP300":0,"MAX_POP310":0,"MAX_NATSCA":10,"MIN_AREAKM":436,"MAX_AREAKM":436,"MIN_AREAMI":168,"MAX_AREAMI":168,"MIN_PERKM":404,"MAX_PERKM":404,"MIN_PERMI":251,"MAX_PERMI":251,"MIN_BBXMIN":126.316667,"MAX_BBXMIN":126.316667,"MIN_BBXMAX":126.675,"MAX_BBXMAX":126.675,"MIN_BBYMIN":43.733333,"MAX_BBYMIN":43.733333,"MIN_BBYMAX":44.058333,"MAX_BBYMAX":44.058333,"MEAN_BBXC":126.517194,"MEAN_BBYC":43.907344,"TIMEZONE":"Asia/Harbin","UN_FID":61,"POP1950":396,"POP1955":464,"POP1960":542,"POP1965":634,"POP1970":741,"POP1975":867,"POP1980":1014,"POP1985":1164,"POP1990":1320,"POP1995":1596,"POP2000":1928,"POP2005":2255,"POP2010":2396,"POP2015":2606,"POP2020":2916,"POP2025":3171,"POP2050":3376,"MIN_ZOOM":5.6,"WIKIDATAID":"Q92277","WOF_ID":102027901,"CAPALT":0,"NAME_EN":"Jilin City","NAME_DE":"Jilin","NAME_ES":"Ciudad de Jilin","NAME_FR":"Jilin","NAME_PT":"Jilin","NAME_RU":"Гирин","NAME_ZH":"吉林","LABEL":null,"NAME_AR":"مدينة جيلين","NAME_BN":"চিলিন নগরী","NAME_EL":"Τζίλιν Σίτι","NAME_HI":"जिलिन सिटी","NAME_HU":"Csilin","NAME_ID":"Kota Jilin","NAME_IT":"Jilin","NAME_JA":"吉林市","NAME_KO":"지린시","NAME_NL":"Jilin","NAME_PL":"Jilin","NAME_SV":"Jilin","NAME_TR":"Jilin","NAME_VI":"Cát Lâm","NE_ID":1159149151,"NAME_FA":"جیلین","NAME_HE":"ג'ילין","NAME_UK":"Гірін","NAME_UR":"جیلن شہر","NAME_ZHT":"吉林市","GEONAMESID":2036502,"FCLASS_ISO":null,"FCLASS_US":null,"FCLASS_FR":null,"FCLASS_RU":null,"FCLASS_ES":null,"FCLASS_CN":null,"FCLASS_TW":null,"FCLASS_IN":null,"FCLASS_NP":null,"FCLASS_PK":null,"FCLASS_DE":null,"FCLASS_GB":null,"FCLASS_BR":null,"FCLASS_IL":null,"FCLASS_PS":null,"FCLASS_SA":null,"FCLASS_EG":null,"FCLASS_MA":null,"FCLASS_PT":null,"FCLASS_AR":null,"FCLASS_JP":null,"FCLASS_KO":null,"FCLASS_VN":null,"FCLASS_TR":null,"FCLASS_ID":null,"FCLASS_PL":null,"FCLASS_GR":null,"FCLASS_IT":null,"FCLASS_NL":null,"FCLASS_SE":null,"FCLASS_BD":null,"FCLASS_UA":null,"FCLASS_TLC":null},"bbox":[126.548097,43.851917,126.548097,43.851917],"geometry":{"type":"Point","coordinates":[126.548097,43.851917]}},{"type":"Feature","properties":{"SCALERANK":4,"NATSCALE":50,"LABELRANK":1,"FEATURECLA":"Admin-1 capital","NAME":"Chandigarh","NAMEPAR":null,"NAMEALT":null,"NAMEASCII":"Chandigarh","ADM0CAP":0,"CAPIN":null,"WORLDCITY":0,"MEGACITY":1,"SOV0NAME":"India","SOV_A3":"IND","ADM0NAME":"India","ADM0_A3":"IND","ADM1NAME":"Chandigarh","ISO_A2":"IN","NOTE":null,"LATITUDE":30.721943,"LONGITUDE":76.77806,"POP_MAX":979000,"POP_MIN":914371,"POP_OTHER":2436384,"RANK_MAX":11,"RANK_MIN":11,"MEGANAME":"Chandigarh","LS_NAME":"Chandigarh","MAX_POP10":2561086,"MAX_POP20":3629270,"MAX_POP50":0,"MAX_POP300":0,"MAX_POP310":0,"MAX_NATSCA":20,"MIN_AREAKM":1789,"MAX_AREAKM":2862,"MIN_AREAMI":691,"MAX_AREAMI":1105,"MIN_PERKM":1144,"MAX_PERKM":1817,"MIN_PERMI":711,"MAX_PERMI":1129,"MIN_BBXMIN":76.320651,"MAX_BBXMIN":76.320651,"MIN_BBXMAX":77.099733,"MAX_BBXMAX":77.3,"MIN_BBYMIN":30.208333,"MAX_BBYMIN":30.500275,"MIN_BBYMAX":31.25668,"MAX_BBYMAX":31.291667,"MEAN_BBXC":76.731337,"MEAN_BBYC":30.732791,"TIMEZONE":"Asia/Kolkata","UN_FID":224,"POP1950":40,"POP1955":61,"POP1960":94,"POP1965":143,"POP1970":219,"POP1975":301,"POP1980":406,"POP1985":483,"POP1990":564,"POP1995":667,"POP2000":791,"POP2005":928,"POP2010":979,"POP2015":1051,"POP2020":1174,"POP2025":1314,"POP2050":1472,"MIN_ZOOM":5.6,"WIKIDATAID":"Q43433","WOF_ID":102030563,"CAPALT":0,"NAME_EN":"Chandigarh","NAME_DE":"Chandigarh","NAME_ES":"Chandigarh","NAME_FR":"Chandigarh","NAME_PT":"Chandigarh","NAME_RU":"Чандигарх","NAME_ZH":"昌迪加尔","LABEL":null,"NAME_AR":"شانديغار","NAME_BN":"চণ্ডীগড়","NAME_EL":"Τσαντιγκάρ","NAME_HI":"चण्डीगढ़","NAME_HU":"Csandígarh","NAME_ID":"Chandigarh","NAME_IT":"Chandigarh","NAME_JA":"チャンディーガル","NAME_KO":"찬디가르","NAME_NL":"Chandigarh","NAME_PL":"Czandigarh","NAME_SV":"Chandigarh","NAME_TR":"Çhandigarh","NAME_VI":"Chandigarh","NE_ID":1159149153,"NAME_FA":"چندیگر","NAME_HE":"צ'אנדיגאר","NAME_UK":"Чандігарх","NAME_UR":"چندی گڑھ","NAME_ZHT":"昌迪加爾","GEONAMESID":1274746,"FCLASS_ISO":null,"FCLASS_US":null,"FCLASS_FR":null,"FCLASS_RU":null,"FCLASS_ES":null,"FCLASS_CN":null,"FCLASS_TW":null,"FCLASS_IN":null,"FCLASS_NP":null,"FCLASS_PK":null,"FCLASS_DE":null,"FCLASS_GB":null,"FCLASS_BR":null,"FCLASS_IL":null,"FCLASS_PS":null,"FCLASS_SA":null,"FCLASS_EG":null,"FCLASS_MA":null,"FCLASS_PT":null,"FCLASS_AR":null,"FCLASS_JP":null,"FCLASS_KO":null,"FCLASS_VN":null,"FCLASS_TR":null,"FCLASS_ID":null,"FCLASS_PL":null,"FCLASS_GR":null,"FCLASS_IT":null,"FCLASS_NL":null,"FCLASS_SE":null,"FCLASS_BD":null,"FCLASS_UA":null,"FCLASS_TLC":null},"bbox":[76.77806,30.721943,76.77806,30.721943],"geometry":{"type":"Point","coordinates":[76.77806,30.721943]}},{"type":"Feature","properties":{"SCALERANK":4,"NATSCALE":50,"LABELRANK":1,"FEATURECLA":"Populated place","NAME":"Jammu","NAMEPAR":null,"NAMEALT":null,"NAMEASCII":"Jammu","ADM0CAP":0,"CAPIN":null,"WORLDCITY":0,"MEGACITY":1,"SOV0NAME":"India","SOV_A3":"IND","ADM0NAME":"India","ADM0_A3":"IND","ADM1NAME":"Jammu and Kashmir","ISO_A2":"IN","NOTE":null,"LATITUDE":32.713733,"LONGITUDE":74.844793,"POP_MAX":791000,"POP_MIN":465567,"POP_OTHER":2567923,"RANK_MAX":11,"RANK_MIN":10,"MEGANAME":"Jammu","LS_NAME":"Jammu","MAX_POP10":2687749,"MAX_POP20":5230159,"MAX_POP50":0,"MAX_POP300":0,"MAX_POP310":0,"MAX_NATSCA":20,"MIN_AREAKM":2473,"MAX_AREAKM":4647,"MIN_AREAMI":955,"MAX_AREAMI":1794,"MIN_PERKM":1082,"MAX_PERKM":1961,"MIN_PERMI":672,"MAX_PERMI":1219,"MIN_BBXMIN":74.017711,"MAX_BBXMIN":74.524506,"MIN_BBXMAX":75.287971,"MAX_BBXMAX":75.287971,"MIN_BBYMIN":32.173229,"MAX_BBYMIN":32.178887,"MIN_BBYMAX":33,"MAX_BBYMAX":33.116667,"MEAN_BBXC":74.835367,"MEAN_BBYC":32.58098,"TIMEZONE":"Asia/Kolkata","UN_FID":240,"POP1950":82,"POP1955":93,"POP1960":106,"POP1965":129,"POP1970":159,"POP1975":187,"POP1980":219,"POP1985":277,"POP1990":356,"POP1995":458,"POP2000":588,"POP2005":739,"POP2010":791,"POP2015":859,"POP2020":963,"POP2025":1079,"POP2050":1211,"MIN_ZOOM":5.6,"WIKIDATAID":"Q255455","WOF_ID":102029991,"CAPALT":0,"NAME_EN":"Jammu","NAME_DE":"Jammu","NAME_ES":"Jammu","NAME_FR":"Jammu","NAME_PT":"Jammu","NAME_RU":"Джамму","NAME_ZH":"查谟","LABEL":null,"NAME_AR":"جامو","NAME_BN":"জম্মু","NAME_EL":"Τζαμμού","NAME_HI":"जम्मू","NAME_HU":"Dzsammu","NAME_ID":"Jammu","NAME_IT":"Jammu","NAME_JA":"ジャンムー","NAME_KO":"잠무","NAME_NL":"Jammu","NAME_PL":"Dżammu","NAME_SV":"Jammu","NAME_TR":"Jammu","NAME_VI":"Jammu","NE_ID":1159149155,"NAME_FA":"جامو","NAME_HE":"ג'אמו","NAME_UK":"Джамму","NAME_UR":"جموں","NAME_ZHT":"查謨","GEONAMESID":1269321,"FCLASS_ISO":null,"FCLASS_US":null,"FCLASS_FR":null,"FCLASS_RU":null,"FCLASS_ES":null,"FCLASS_CN":null,"FCLASS_TW":null,"FCLASS_IN":null,"FCLASS_NP":null,"FCLASS_PK":null,"FCLASS_DE":null,"FCLASS_GB":null,"FCLASS_BR":null,"FCLASS_IL":null,"FCLASS_PS":null,"FCLASS_SA":null,"FCLASS_EG":null,"FCLASS_MA":null,"FCLASS_PT":null,"FCLASS_AR":null,"FCLASS_JP":null,"FCLASS_KO":null,"FCLASS_VN":null,"FCLASS_TR":null,"FCLASS_ID":null,"FCLASS_PL":null,"FCLASS_GR":null,"FCLASS_IT":null,"FCLASS_NL":null,"FCLASS_SE":null,"FCLASS_BD":null,"FCLASS_UA":null,"FCLASS_TLC":null},"bbox":[74.844793,32.713733,74.844793,32.713733],"geometry":{"type":"Point","coordinates":[74.844793,32.713733]}},{"type":"Feature","properties":{"SCALERANK":4,"NATSCALE":50,"LABELRANK":1,"FEATURECLA":"Populated place","NAME":"Sholapur","NAMEPAR":null,"NAMEALT":"Solapur","NAMEASCII":"Sholapur","ADM0CAP":0,"CAPIN":null,"WORLDCITY":0,"MEGACITY":1,"SOV0NAME":"India","SOV_A3":"IND","ADM0NAME":"India","ADM0_A3":"IND","ADM1NAME":"Maharashtra","ISO_A2":"IN","NOTE":null,"LATITUDE":17.672352,"LONGITUDE":75.898062,"POP_MAX":1057000,"POP_MIN":961112,"POP_OTHER":961272,"RANK_MAX":12,"RANK_MIN":11,"MEGANAME":"Solapur","LS_NAME":"Sholapur","MAX_POP10":961112,"MAX_POP20":0,"MAX_POP50":0,"MAX_POP300":0,"MAX_POP310":0,"MAX_NATSCA":10,"MIN_AREAKM":117,"MAX_AREAKM":117,"MIN_AREAMI":45,"MAX_AREAMI":45,"MIN_PERKM":90,"MAX_PERKM":90,"MIN_PERMI":56,"MAX_PERMI":56,"MIN_BBXMIN":75.833333,"MAX_BBXMIN":75.833333,"MIN_BBXMAX":75.983333,"MAX_BBXMAX":75.983333,"MIN_BBYMIN":17.591667,"MAX_BBYMIN":17.591667,"MIN_BBYMAX":17.733333,"MAX_BBYMAX":17.733333,"MEAN_BBXC":75.907407,"MEAN_BBYC":17.667593,"TIMEZONE":"Asia/Kolkata","UN_FID":263,"POP1950":272,"POP1955":302,"POP1960":333,"POP1965":362,"POP1970":393,"POP1975":445,"POP1980":506,"POP1985":558,"POP1990":613,"POP1995":720,"POP2000":853,"POP2005":1002,"POP2010":1057,"POP2015":1135,"POP2020":1267,"POP2025":1417,"POP2050":1587,"MIN_ZOOM":5.6,"WIKIDATAID":"Q237847","WOF_ID":102028657,"CAPALT":0,"NAME_EN":"Solapur","NAME_DE":"Solapur","NAME_ES":"Solapur","NAME_FR":"Solapur","NAME_PT":"Sholapur","NAME_RU":"Солапур","NAME_ZH":"索拉普","LABEL":null,"NAME_AR":"سولابور","NAME_BN":"সোলাপুর","NAME_EL":"Σολαπούρ","NAME_HI":"सोलापुर","NAME_HU":"Szolápur","NAME_ID":"Solapur","NAME_IT":"Solapur","NAME_JA":"ソーラープル","NAME_KO":"솔라푸르","NAME_NL":"Solapur","NAME_PL":"Solapur","NAME_SV":"Solapur","NAME_TR":"Solapur","NAME_VI":"Solapur","NE_ID":1159149157,"NAME_FA":"سولاپور","NAME_HE":"סולאפור","NAME_UK":"Солапур","NAME_UR":"سولہ پور","NAME_ZHT":"索拉普","GEONAMESID":1256436,"FCLASS_ISO":null,"FCLASS_US":null,"FCLASS_FR":null,"FCLASS_RU":null,"FCLASS_ES":null,"FCLASS_CN":null,"FCLASS_TW":null,"FCLASS_IN":null,"FCLASS_NP":null,"FCLASS_PK":null,"FCLASS_DE":null,"FCLASS_GB":null,"FCLASS_BR":null,"FCLASS_IL":null,"FCLASS_PS":null,"FCLASS_SA":null,"FCLASS_EG":null,"FCLASS_MA":null,"FCLASS_PT":null,"FCLASS_AR":null,"FCLASS_JP":null,"FCLASS_KO":null,"FCLASS_VN":null,"FCLASS_TR":null,"FCLASS_ID":null,"FCLASS_PL":null,"FCLASS_GR":null,"FCLASS_IT":null,"FCLASS_NL":null,"FCLASS_SE":null,"FCLASS_BD":null,"FCLASS_UA":null,"FCLASS_TLC":null},"bbox":[75.898062,17.672352,75.898062,17.672352],"geometry":{"type":"Point","coordinates":[75.898062,17.672352]}},{"type":"Feature","properties":{"SCALERANK":4,"NATSCALE":50,"LABELRANK":1,"FEATURECLA":"Populated place","NAME":"Aurangabad","NAMEPAR":null,"NAMEALT":null,"NAMEASCII":"Aurangabad","ADM0CAP":0,"CAPIN":null,"WORLDCITY":0,"MEGACITY":1,"SOV0NAME":"India","SOV_A3":"IND","ADM0NAME":"India","ADM0_A3":"IND","ADM1NAME":"Maharashtra","ISO_A2":"IN","NOTE":null,"LATITUDE":19.897642,"LONGITUDE":75.318356,"POP_MAX":1113000,"POP_MIN":1016441,"POP_OTHER":1191845,"RANK_MAX":12,"RANK_MIN":12,"MEGANAME":"Aurangabad","LS_NAME":"Aurangabad2","MAX_POP10":1246930,"MAX_POP20":1246930,"MAX_POP50":0,"MAX_POP300":0,"MAX_POP310":0,"MAX_NATSCA":20,"MIN_AREAKM":359,"MAX_AREAKM":359,"MIN_AREAMI":139,"MAX_AREAMI":139,"MIN_PERKM":317,"MAX_PERKM":317,"MIN_PERMI":197,"MAX_PERMI":197,"MIN_BBXMIN":75.133333,"MAX_BBXMIN":75.133333,"MIN_BBXMAX":75.466667,"MAX_BBXMAX":75.466667,"MIN_BBYMIN":19.741667,"MAX_BBYMIN":19.741667,"MIN_BBYMAX":19.983333,"MAX_BBYMAX":19.983333,"MEAN_BBXC":75.303102,"MEAN_BBYC":19.871805,"TIMEZONE":"Asia/Kolkata","UN_FID":218,"POP1950":65,"POP1955":79,"POP1960":95,"POP1965":122,"POP1970":159,"POP1975":218,"POP1980":303,"POP1985":415,"POP1990":568,"POP1995":708,"POP2000":868,"POP2005":1049,"POP2010":1113,"POP2015":1200,"POP2020":1341,"POP2025":1499,"POP2050":1678,"MIN_ZOOM":5.6,"WIKIDATAID":"Q200713","WOF_ID":102030887,"CAPALT":0,"NAME_EN":"Aurangabad","NAME_DE":"Aurangabad","NAME_ES":"Aurangabad","NAME_FR":"Aurangābād","NAME_PT":"Aurangabad","NAME_RU":"Аурангабад","NAME_ZH":"奥郎加巴德","LABEL":null,"NAME_AR":"أورنك آباد","NAME_BN":"ঔরঙ্গাবাদ","NAME_EL":"Αουράνγκαμπαντ","NAME_HI":"औरंगाबाद","NAME_HU":"Aurangábád","NAME_ID":"Aurangabad","NAME_IT":"Aurangabad","NAME_JA":"アウランガーバード","NAME_KO":"아우랑가바드","NAME_NL":"Aurangabad","NAME_PL":"Aurangabad","NAME_SV":"Aurangabad","NAME_TR":"Evrengabad","NAME_VI":"Aurangabad","NE_ID":1159149161,"NAME_FA":"اورنگآباد","NAME_HE":"אורנגבאד","NAME_UK":"Аурангабад","NAME_UR":"اورنگ آباد","NAME_ZHT":"奧郎加巴德","GEONAMESID":1278149,"FCLASS_ISO":null,"FCLASS_US":null,"FCLASS_FR":null,"FCLASS_RU":null,"FCLASS_ES":null,"FCLASS_CN":null,"FCLASS_TW":null,"FCLASS_IN":null,"FCLASS_NP":null,"FCLASS_PK":null,"FCLASS_DE":null,"FCLASS_GB":null,"FCLASS_BR":null,"FCLASS_IL":null,"FCLASS_PS":null,"FCLASS_SA":null,"FCLASS_EG":null,"FCLASS_MA":null,"FCLASS_PT":null,"FCLASS_AR":null,"FCLASS_JP":null,"FCLASS_KO":null,"FCLASS_VN":null,"FCLASS_TR":null,"FCLASS_ID":null,"FCLASS_PL":null,"FCLASS_GR":null,"FCLASS_IT":null,"FCLASS_NL":null,"FCLASS_SE":null,"FCLASS_BD":null,"FCLASS_UA":null,"FCLASS_TLC":null},"bbox":[75.328948,19.861686,75.328948,19.861686],"geometry":{"type":"Point","coordinates":[75.328948,19.861686]}},{"type":"Feature","properties":{"SCALERANK":4,"NATSCALE":50,"LABELRANK":1,"FEATURECLA":"Populated place","NAME":"Nasik","NAMEPAR":null,"NAMEALT":"Nashik","NAMEASCII":"Nasik","ADM0CAP":0,"CAPIN":null,"WORLDCITY":0,"MEGACITY":1,"SOV0NAME":"India","SOV_A3":"IND","ADM0NAME":"India","ADM0_A3":"IND","ADM1NAME":"Maharashtra","ISO_A2":"IN","NOTE":null,"LATITUDE":20.002365,"LONGITUDE":73.778036,"POP_MAX":1473000,"POP_MIN":1289497,"POP_OTHER":2128331,"RANK_MAX":12,"RANK_MIN":12,"MEGANAME":"Nashik","LS_NAME":"Nasik","MAX_POP10":2135891,"MAX_POP20":2135891,"MAX_POP50":0,"MAX_POP300":0,"MAX_POP310":0,"MAX_NATSCA":20,"MIN_AREAKM":1047,"MAX_AREAKM":1047,"MIN_AREAMI":404,"MAX_AREAMI":404,"MIN_PERKM":961,"MAX_PERKM":961,"MIN_PERMI":597,"MAX_PERMI":597,"MIN_BBXMIN":73.583333,"MAX_BBXMIN":73.583333,"MIN_BBXMAX":74.268999,"MAX_BBXMAX":74.268999,"MIN_BBYMIN":19.775,"MAX_BBYMIN":19.775,"MIN_BBYMAX":20.233333,"MAX_BBYMAX":20.233333,"MEAN_BBXC":73.927768,"MEAN_BBYC":20.018138,"TIMEZONE":"Asia/Kolkata","UN_FID":256,"POP1950":149,"POP1955":180,"POP1960":211,"POP1965":238,"POP1970":267,"POP1975":330,"POP1980":416,"POP1985":539,"POP1990":700,"POP1995":886,"POP2000":1117,"POP2005":1381,"POP2010":1473,"POP2015":1590,"POP2020":1775,"POP2025":1981,"POP2050":2213,"MIN_ZOOM":5.6,"WIKIDATAID":"Q200235","WOF_ID":102029219,"CAPALT":0,"NAME_EN":"Nashik","NAME_DE":"Nashik","NAME_ES":"Nashik","NAME_FR":"Nasik","NAME_PT":"Nashik","NAME_RU":"Насик","NAME_ZH":"纳西克","LABEL":null,"NAME_AR":"ناشيك","NAME_BN":"নাশিক","NAME_EL":"Νάσικ","NAME_HI":"नासिक","NAME_HU":"Nászik","NAME_ID":"Nashik","NAME_IT":"Nashik","NAME_JA":"ナーシク","NAME_KO":"나시크","NAME_NL":"Nashik","NAME_PL":"Nashik","NAME_SV":"Nashik","NAME_TR":"Nashik","NAME_VI":"Nashik","NE_ID":1159149163,"NAME_FA":"ناسیک","NAME_HE":"נאסיק","NAME_UK":"Нашік","NAME_UR":"ناسک","NAME_ZHT":"納西克","GEONAMESID":1261731,"FCLASS_ISO":null,"FCLASS_US":null,"FCLASS_FR":null,"FCLASS_RU":null,"FCLASS_ES":null,"FCLASS_CN":null,"FCLASS_TW":null,"FCLASS_IN":null,"FCLASS_NP":null,"FCLASS_PK":null,"FCLASS_DE":null,"FCLASS_GB":null,"FCLASS_BR":null,"FCLASS_IL":null,"FCLASS_PS":null,"FCLASS_SA":null,"FCLASS_EG":null,"FCLASS_MA":null,"FCLASS_PT":null,"FCLASS_AR":null,"FCLASS_JP":null,"FCLASS_KO":null,"FCLASS_VN":null,"FCLASS_TR":null,"FCLASS_ID":null,"FCLASS_PL":null,"FCLASS_GR":null,"FCLASS_IT":null,"FCLASS_NL":null,"FCLASS_SE":null,"FCLASS_BD":null,"FCLASS_UA":null,"FCLASS_TLC":null},"bbox":[73.778036,20.002365,73.778036,20.002365],"geometry":{"type":"Point","coordinates":[73.778036,20.002365]}},{"type":"Feature","properties":{"SCALERANK":4,"NATSCALE":50,"LABELRANK":1,"FEATURECLA":"Admin-1 capital","NAME":"Dispur","NAMEPAR":null,"NAMEALT":"Gauhati|Dispur","NAMEASCII":"Dispur","ADM0CAP":0,"CAPIN":null,"WORLDCITY":0,"MEGACITY":0,"SOV0NAME":"India","SOV_A3":"IND","ADM0NAME":"India","ADM0_A3":"IND","ADM1NAME":"Assam","ISO_A2":"IN","NOTE":null,"LATITUDE":26.144023,"LONGITUDE":91.766636,"POP_MAX":16140,"POP_MIN":16140,"POP_OTHER":5845724,"RANK_MAX":6,"RANK_MIN":6,"MEGANAME":null,"LS_NAME":"Guwahati","MAX_POP10":1681976,"MAX_POP20":1681976,"MAX_POP50":1681976,"MAX_POP300":0,"MAX_POP310":0,"MAX_NATSCA":50,"MIN_AREAKM":434,"MAX_AREAKM":434,"MIN_AREAMI":168,"MAX_AREAMI":168,"MIN_PERKM":348,"MAX_PERKM":348,"MIN_PERMI":216,"MAX_PERMI":216,"MIN_BBXMIN":91.3,"MAX_BBXMIN":91.3,"MIN_BBXMAX":91.858333,"MAX_BBXMAX":91.858333,"MIN_BBYMIN":25.908333,"MAX_BBYMIN":25.908333,"MIN_BBYMAX":26.2,"MAX_BBYMAX":26.2,"MEAN_BBXC":91.602394,"MEAN_BBYC":26.090337,"TIMEZONE":"Asia/Kolkata","UN_FID":0,"POP1950":0,"POP1955":0,"POP1960":0,"POP1965":0,"POP1970":0,"POP1975":0,"POP1980":0,"POP1985":0,"POP1990":0,"POP1995":0,"POP2000":0,"POP2005":0,"POP2010":0,"POP2015":0,"POP2020":0,"POP2025":0,"POP2050":0,"MIN_ZOOM":5.6,"WIKIDATAID":"Q271911","WOF_ID":890502721,"CAPALT":0,"NAME_EN":"Dispur","NAME_DE":"Dispur","NAME_ES":"Dispur","NAME_FR":"Dispur","NAME_PT":"Dispur","NAME_RU":"Диспур","NAME_ZH":"第斯普尔","LABEL":null,"NAME_AR":"ديسبور","NAME_BN":"দিসপুর","NAME_EL":"Ντισπούρ","NAME_HI":"दिसपुर","NAME_HU":"Dispur","NAME_ID":"Dispur","NAME_IT":"Dispur","NAME_JA":"ディスプル","NAME_KO":"디스푸르","NAME_NL":"Dispur","NAME_PL":"Dispur","NAME_SV":"Dispur","NAME_TR":"Dispur","NAME_VI":"Dispur","NE_ID":1159149165,"NAME_FA":"دیسپور","NAME_HE":"דיספור","NAME_UK":"Діспур","NAME_UR":"دسپور","NAME_ZHT":"第斯普尔","GEONAMESID":1272508,"FCLASS_ISO":null,"FCLASS_US":null,"FCLASS_FR":null,"FCLASS_RU":null,"FCLASS_ES":null,"FCLASS_CN":null,"FCLASS_TW":null,"FCLASS_IN":null,"FCLASS_NP":null,"FCLASS_PK":null,"FCLASS_DE":null,"FCLASS_GB":null,"FCLASS_BR":null,"FCLASS_IL":null,"FCLASS_PS":null,"FCLASS_SA":null,"FCLASS_EG":null,"FCLASS_MA":null,"FCLASS_PT":null,"FCLASS_AR":null,"FCLASS_JP":null,"FCLASS_KO":null,"FCLASS_VN":null,"FCLASS_TR":null,"FCLASS_ID":null,"FCLASS_PL":null,"FCLASS_GR":null,"FCLASS_IT":null,"FCLASS_NL":null,"FCLASS_SE":null,"FCLASS_BD":null,"FCLASS_UA":null,"FCLASS_TLC":null},"bbox":[91.766636,26.144023,91.766636,26.144023],"geometry":{"type":"Point","coordinates":[91.766636,26.144023]}},{"type":"Feature","properties":{"SCALERANK":4,"NATSCALE":50,"LABELRANK":1,"FEATURECLA":"Populated place","NAME":"Jullundur","NAMEPAR":null,"NAMEALT":"Jalandhar","NAMEASCII":"Jullundur","ADM0CAP":0,"CAPIN":null,"WORLDCITY":0,"MEGACITY":1,"SOV0NAME":"India","SOV_A3":"IND","ADM0NAME":"India","ADM0_A3":"IND","ADM1NAME":"Punjab","ISO_A2":"IN","NOTE":null,"LATITUDE":31.336867,"LONGITUDE":75.567074,"POP_MAX":855000,"POP_MIN":785178,"POP_OTHER":2532701,"RANK_MAX":11,"RANK_MIN":11,"MEGANAME":"Jalandhar","LS_NAME":"Jullundur","MAX_POP10":2407701,"MAX_POP20":2957103,"MAX_POP50":0,"MAX_POP300":0,"MAX_POP310":0,"MAX_NATSCA":20,"MIN_AREAKM":2236,"MAX_AREAKM":2762,"MIN_AREAMI":863,"MAX_AREAMI":1066,"MIN_PERKM":2037,"MAX_PERKM":2557,"MIN_PERMI":1266,"MAX_PERMI":1589,"MIN_BBXMIN":75.040591,"MAX_BBXMIN":75.040591,"MIN_BBXMAX":75.85768,"MAX_BBXMAX":76.066667,"MIN_BBYMIN":30.680012,"MAX_BBYMIN":30.680012,"MIN_BBYMAX":31.8,"MAX_BBYMAX":31.806767,"MEAN_BBXC":75.50553,"MEAN_BBYC":31.271207,"TIMEZONE":"Asia/Kolkata","UN_FID":239,"POP1950":166,"POP1955":190,"POP1960":219,"POP1965":252,"POP1970":290,"POP1975":340,"POP1980":400,"POP1985":449,"POP1990":502,"POP1995":588,"POP2000":694,"POP2005":811,"POP2010":855,"POP2015":918,"POP2020":1027,"POP2025":1150,"POP2050":1290,"MIN_ZOOM":5.6,"WIKIDATAID":"Q33377","WOF_ID":102029941,"CAPALT":0,"NAME_EN":"Jalandhar","NAME_DE":"Jalandhar","NAME_ES":"Jalandhar","NAME_FR":"Jalandhar","NAME_PT":"Jalandhar","NAME_RU":"Джаландхар","NAME_ZH":"贾朗达尔","LABEL":null,"NAME_AR":"جالاندهار","NAME_BN":"জলন্ধর","NAME_EL":"Τζαλαντάρ","NAME_HI":"जलंधर","NAME_HU":"Dzsálandhár","NAME_ID":"Jalandhar","NAME_IT":"Jalandhar","NAME_JA":"ジャランダル","NAME_KO":"잘란다르","NAME_NL":"Jalandhar","NAME_PL":"Dźalandhar","NAME_SV":"Jalandhar","NAME_TR":"Jalandhar","NAME_VI":"Jalandhar","NE_ID":1159149167,"NAME_FA":"جلندر","NAME_HE":"ג'לנדהאר","NAME_UK":"Джаландхар","NAME_UR":"جالندھر","NAME_ZHT":"賈朗達爾","GEONAMESID":1268782,"FCLASS_ISO":null,"FCLASS_US":null,"FCLASS_FR":null,"FCLASS_RU":null,"FCLASS_ES":null,"FCLASS_CN":null,"FCLASS_TW":null,"FCLASS_IN":null,"FCLASS_NP":null,"FCLASS_PK":null,"FCLASS_DE":null,"FCLASS_GB":null,"FCLASS_BR":null,"FCLASS_IL":null,"FCLASS_PS":null,"FCLASS_SA":null,"FCLASS_EG":null,"FCLASS_MA":null,"FCLASS_PT":null,"FCLASS_AR":null,"FCLASS_JP":null,"FCLASS_KO":null,"FCLASS_VN":null,"FCLASS_TR":null,"FCLASS_ID":null,"FCLASS_PL":null,"FCLASS_GR":null,"FCLASS_IT":null,"FCLASS_NL":null,"FCLASS_SE":null,"FCLASS_BD":null,"FCLASS_UA":null,"FCLASS_TLC":null},"bbox":[75.567074,31.336866,75.567074,31.336866],"geometry":{"type":"Point","coordinates":[75.567074,31.336866]}},{"type":"Feature","properties":{"SCALERANK":4,"NATSCALE":50,"LABELRANK":1,"FEATURECLA":"Populated place","NAME":"Allahabad","NAMEPAR":null,"NAMEALT":null,"NAMEASCII":"Allahabad","ADM0CAP":0,"CAPIN":null,"WORLDCITY":0,"MEGACITY":1,"SOV0NAME":"India","SOV_A3":"IND","ADM0NAME":"India","ADM0_A3":"IND","ADM1NAME":"Uttar Pradesh","ISO_A2":"IN","NOTE":null,"LATITUDE":25.456941,"LONGITUDE":81.838061,"POP_MAX":1201000,"POP_MIN":1073438,"POP_OTHER":7913218,"RANK_MAX":12,"RANK_MIN":12,"MEGANAME":"Allahabad","LS_NAME":"Allahabad","MAX_POP10":9870695,"MAX_POP20":0,"MAX_POP50":0,"MAX_POP300":0,"MAX_POP310":0,"MAX_NATSCA":10,"MIN_AREAKM":7478,"MAX_AREAKM":7478,"MIN_AREAMI":2887,"MAX_AREAMI":2887,"MIN_PERKM":6542,"MAX_PERKM":6542,"MIN_PERMI":4065,"MAX_PERMI":4065,"MIN_BBXMIN":80.841667,"MAX_BBXMIN":80.841667,"MIN_BBXMAX":82.483333,"MAX_BBXMAX":82.483333,"MIN_BBYMIN":24.166667,"MAX_BBYMIN":24.166667,"MIN_BBYMAX":26.216667,"MAX_BBYMAX":26.216667,"MEAN_BBXC":81.704176,"MEAN_BBYC":25.328696,"TIMEZONE":"Asia/Kolkata","UN_FID":215,"POP1950":327,"POP1955":372,"POP1960":423,"POP1965":464,"POP1970":506,"POP1975":568,"POP1980":640,"POP1985":728,"POP1990":830,"POP1995":928,"POP2000":1035,"POP2005":1152,"POP2010":1201,"POP2015":1279,"POP2020":1425,"POP2025":1592,"POP2050":1781,"MIN_ZOOM":5.6,"WIKIDATAID":"Q162442","WOF_ID":102030995,"CAPALT":0,"NAME_EN":"Allahabad","NAME_DE":"Prayagraj","NAME_ES":"Allahabad","NAME_FR":"Prayagraj","NAME_PT":"Prayagraj","NAME_RU":"Праяградж","NAME_ZH":"安拉阿巴德","LABEL":null,"NAME_AR":"الله أباد","NAME_BN":"এলাহাবাদ","NAME_EL":"Πραγιαγκράτζ","NAME_HI":"प्रयागराज","NAME_HU":"Alláhábád","NAME_ID":"Allahabad","NAME_IT":"Prayagraj","NAME_JA":"イラーハーバード","NAME_KO":"알라하바드","NAME_NL":"Prayagraj","NAME_PL":"Prayagraj","NAME_SV":"Prayagraj","NAME_TR":"Prayagraj","NAME_VI":"Prayagraj","NE_ID":1159149169,"NAME_FA":"اللهآباد","NAME_HE":"אללהאבאד","NAME_UK":"Аллахабад","NAME_UR":"الہ آباد","NAME_ZHT":"安拉阿巴德","GEONAMESID":1278994,"FCLASS_ISO":null,"FCLASS_US":null,"FCLASS_FR":null,"FCLASS_RU":null,"FCLASS_ES":null,"FCLASS_CN":null,"FCLASS_TW":null,"FCLASS_IN":null,"FCLASS_NP":null,"FCLASS_PK":null,"FCLASS_DE":null,"FCLASS_GB":null,"FCLASS_BR":null,"FCLASS_IL":null,"FCLASS_PS":null,"FCLASS_SA":null,"FCLASS_EG":null,"FCLASS_MA":null,"FCLASS_PT":null,"FCLASS_AR":null,"FCLASS_JP":null,"FCLASS_KO":null,"FCLASS_VN":null,"FCLASS_TR":null,"FCLASS_ID":null,"FCLASS_PL":null,"FCLASS_GR":null,"FCLASS_IT":null,"FCLASS_NL":null,"FCLASS_SE":null,"FCLASS_BD":null,"FCLASS_UA":null,"FCLASS_TLC":null},"bbox":[81.838061,25.456941,81.838061,25.456941],"geometry":{"type":"Point","coordinates":[81.838061,25.456941]}},{"type":"Feature","properties":{"SCALERANK":4,"NATSCALE":50,"LABELRANK":1,"FEATURECLA":"Populated place","NAME":"Moradabad","NAMEPAR":null,"NAMEALT":null,"NAMEASCII":"Moradabad","ADM0CAP":0,"CAPIN":null,"WORLDCITY":0,"MEGACITY":1,"SOV0NAME":"India","SOV_A3":"IND","ADM0NAME":"India","ADM0_A3":"IND","ADM1NAME":"Uttar Pradesh","ISO_A2":"IN","NOTE":null,"LATITUDE":28.843737,"LONGITUDE":78.754838,"POP_MAX":787000,"POP_MIN":721139,"POP_OTHER":5855554,"RANK_MAX":11,"RANK_MIN":11,"MEGANAME":"Moradabad","LS_NAME":"Moradabad","MAX_POP10":5977283,"MAX_POP20":0,"MAX_POP50":0,"MAX_POP300":0,"MAX_POP310":0,"MAX_NATSCA":10,"MIN_AREAKM":3668,"MAX_AREAKM":3668,"MIN_AREAMI":1416,"MAX_AREAMI":1416,"MIN_PERKM":2621,"MAX_PERKM":2621,"MIN_PERMI":1629,"MAX_PERMI":1629,"MIN_BBXMIN":78.240962,"MAX_BBXMIN":78.240962,"MIN_BBXMAX":78.933333,"MAX_BBXMAX":78.933333,"MIN_BBYMIN":28.3,"MAX_BBYMIN":28.3,"MIN_BBYMAX":29.541667,"MAX_BBYMAX":29.541667,"MEAN_BBXC":78.575819,"MEAN_BBYC":28.887077,"TIMEZONE":"Asia/Kolkata","UN_FID":252,"POP1950":160,"POP1955":174,"POP1960":190,"POP1965":223,"POP1970":266,"POP1975":302,"POP1980":340,"POP1985":385,"POP1990":436,"POP1995":520,"POP2000":626,"POP2005":743,"POP2010":787,"POP2015":847,"POP2020":948,"POP2025":1062,"POP2050":1192,"MIN_ZOOM":5.6,"WIKIDATAID":"Q330643","WOF_ID":102029361,"CAPALT":0,"NAME_EN":"Muradabad","NAME_DE":"Moradabad","NAME_ES":"Moradabad","NAME_FR":"Moradabad","NAME_PT":"Moradabad","NAME_RU":"Морадабад","NAME_ZH":"莫拉达巴德","LABEL":null,"NAME_AR":"مراد آباد","NAME_BN":"মোরাদাবাদ","NAME_EL":"Μορανταμπάντ","NAME_HI":"मुरादाबाद","NAME_HU":"Murádábád","NAME_ID":"Muradabad","NAME_IT":"Moradabad","NAME_JA":"ムラーダーバード","NAME_KO":"모라다바드","NAME_NL":"Moradabad","NAME_PL":"Moradabad","NAME_SV":"Moradabad","NAME_TR":"Muradabad","NAME_VI":"Moradabad","NE_ID":1159149171,"NAME_FA":"مرادآباد","NAME_HE":"מורדאבאד","NAME_UK":"Морадабад","NAME_UR":"مرادآباد","NAME_ZHT":"莫拉達巴德","GEONAMESID":1262801,"FCLASS_ISO":null,"FCLASS_US":null,"FCLASS_FR":null,"FCLASS_RU":null,"FCLASS_ES":null,"FCLASS_CN":null,"FCLASS_TW":null,"FCLASS_IN":null,"FCLASS_NP":null,"FCLASS_PK":null,"FCLASS_DE":null,"FCLASS_GB":null,"FCLASS_BR":null,"FCLASS_IL":null,"FCLASS_PS":null,"FCLASS_SA":null,"FCLASS_EG":null,"FCLASS_MA":null,"FCLASS_PT":null,"FCLASS_AR":null,"FCLASS_JP":null,"FCLASS_KO":null,"FCLASS_VN":null,"FCLASS_TR":null,"FCLASS_ID":null,"FCLASS_PL":null,"FCLASS_GR":null,"FCLASS_IT":null,"FCLASS_NL":null,"FCLASS_SE":null,"FCLASS_BD":null,"FCLASS_UA":null,"FCLASS_TLC":null},"bbox":[78.754838,28.843737,78.754838,28.843737],"geometry":{"type":"Point","coordinates":[78.754838,28.843737]}},{"type":"Feature","properties":{"SCALERANK":4,"NATSCALE":50,"LABELRANK":1,"FEATURECLA":"Populated place","NAME":"Ghaziabad","NAMEPAR":null,"NAMEALT":null,"NAMEASCII":"Ghaziabad","ADM0CAP":0,"CAPIN":null,"WORLDCITY":0,"MEGACITY":1,"SOV0NAME":"India","SOV_A3":"IND","ADM0NAME":"India","ADM0_A3":"IND","ADM1NAME":"Uttar Pradesh","ISO_A2":"IN","NOTE":null,"LATITUDE":28.662327,"LONGITUDE":77.406445,"POP_MAX":1341000,"POP_MIN":1199191,"POP_OTHER":2455364,"RANK_MAX":12,"RANK_MIN":12,"MEGANAME":"Ghaziabad","LS_NAME":"Ghaziabad","MAX_POP10":2852114,"MAX_POP20":0,"MAX_POP50":0,"MAX_POP300":0,"MAX_POP310":0,"MAX_NATSCA":10,"MIN_AREAKM":1360,"MAX_AREAKM":1360,"MIN_AREAMI":525,"MAX_AREAMI":525,"MIN_PERKM":524,"MAX_PERKM":524,"MIN_PERMI":326,"MAX_PERMI":326,"MIN_BBXMIN":77.315242,"MAX_BBXMIN":77.315242,"MIN_BBXMAX":77.622488,"MAX_BBXMAX":77.622488,"MIN_BBYMIN":28.189437,"MAX_BBYMIN":28.189437,"MIN_BBYMAX":28.995066,"MAX_BBYMAX":28.995066,"MEAN_BBXC":77.448671,"MEAN_BBYC":28.611569,"TIMEZONE":"Asia/Kolkata","UN_FID":231,"POP1950":42,"POP1955":54,"POP1960":68,"POP1965":91,"POP1970":122,"POP1975":181,"POP1980":272,"POP1985":369,"POP1990":492,"POP1995":675,"POP2000":928,"POP2005":1237,"POP2010":1341,"POP2015":1464,"POP2020":1639,"POP2025":1830,"POP2050":2046,"MIN_ZOOM":5.6,"WIKIDATAID":"Q207098","WOF_ID":102030233,"CAPALT":0,"NAME_EN":"Ghaziabad","NAME_DE":"Ghaziabad","NAME_ES":"Ghaziabad","NAME_FR":"Ghaziabad","NAME_PT":"Ghaziabad","NAME_RU":"Газиабад","NAME_ZH":"加济阿巴德","LABEL":null,"NAME_AR":"غازي آباد","NAME_BN":"গাজিয়াবাদ","NAME_EL":"Γκαζιαμπάντ","NAME_HI":"गाज़ियाबाद","NAME_HU":"Gáziábád","NAME_ID":"Ghaziabad","NAME_IT":"Ghaziabad","NAME_JA":"ガージヤーバード","NAME_KO":"가지아바드","NAME_NL":"Ghaziabad","NAME_PL":"Ghaziabad","NAME_SV":"Ghaziabad","NAME_TR":"Ghaziabad","NAME_VI":"Ghaziabad","NE_ID":1159149173,"NAME_FA":"قاضیآباد","NAME_HE":"רזיאבאד","NAME_UK":"Ґазіабад","NAME_UR":"غازی آباد","NAME_ZHT":"加濟阿巴德","GEONAMESID":1271308,"FCLASS_ISO":null,"FCLASS_US":null,"FCLASS_FR":null,"FCLASS_RU":null,"FCLASS_ES":null,"FCLASS_CN":null,"FCLASS_TW":null,"FCLASS_IN":null,"FCLASS_NP":null,"FCLASS_PK":null,"FCLASS_DE":null,"FCLASS_GB":null,"FCLASS_BR":null,"FCLASS_IL":null,"FCLASS_PS":null,"FCLASS_SA":null,"FCLASS_EG":null,"FCLASS_MA":null,"FCLASS_PT":null,"FCLASS_AR":null,"FCLASS_JP":null,"FCLASS_KO":null,"FCLASS_VN":null,"FCLASS_TR":null,"FCLASS_ID":null,"FCLASS_PL":null,"FCLASS_GR":null,"FCLASS_IT":null,"FCLASS_NL":null,"FCLASS_SE":null,"FCLASS_BD":null,"FCLASS_UA":null,"FCLASS_TLC":null},"bbox":[77.406445,28.662327,77.406445,28.662327],"geometry":{"type":"Point","coordinates":[77.406445,28.662327]}},{"type":"Feature","properties":{"SCALERANK":4,"NATSCALE":50,"LABELRANK":1,"FEATURECLA":"Populated place","NAME":"Agra","NAMEPAR":null,"NAMEALT":null,"NAMEASCII":"Agra","ADM0CAP":0,"CAPIN":null,"WORLDCITY":0,"MEGACITY":1,"SOV0NAME":"India","SOV_A3":"IND","ADM0NAME":"India","ADM0_A3":"IND","ADM1NAME":"Uttar Pradesh","ISO_A2":"IN","NOTE":null,"LATITUDE":27.172366,"LONGITUDE":78.013075,"POP_MAX":1592000,"POP_MIN":1430055,"POP_OTHER":3453397,"RANK_MAX":12,"RANK_MIN":12,"MEGANAME":"Agra","LS_NAME":"Agra","MAX_POP10":3522337,"MAX_POP20":5865742,"MAX_POP50":0,"MAX_POP300":0,"MAX_POP310":0,"MAX_NATSCA":20,"MIN_AREAKM":1626,"MAX_AREAKM":3253,"MIN_AREAMI":628,"MAX_AREAMI":1256,"MIN_PERKM":1341,"MAX_PERKM":2995,"MIN_PERMI":833,"MAX_PERMI":1861,"MIN_BBXMIN":77.714544,"MAX_BBXMIN":77.714544,"MIN_BBXMAX":78.214986,"MAX_BBXMAX":78.711256,"MIN_BBYMIN":26.659493,"MAX_BBYMIN":26.659493,"MIN_BBYMAX":27.395115,"MAX_BBYMAX":27.540966,"MEAN_BBXC":78.054804,"MEAN_BBYC":27.127585,"TIMEZONE":"Asia/Kolkata","UN_FID":212,"POP1950":369,"POP1955":428,"POP1960":499,"POP1965":559,"POP1970":624,"POP1975":681,"POP1980":739,"POP1985":828,"POP1990":933,"POP1995":1095,"POP2000":1293,"POP2005":1511,"POP2010":1592,"POP2015":1705,"POP2020":1899,"POP2025":2118,"POP2050":2364,"MIN_ZOOM":5.6,"WIKIDATAID":"Q42941","WOF_ID":102031021,"CAPALT":0,"NAME_EN":"Agra","NAME_DE":"Agra","NAME_ES":"Agra","NAME_FR":"Āgrā","NAME_PT":"Agra","NAME_RU":"Агра","NAME_ZH":"阿格拉","LABEL":null,"NAME_AR":"أغرة","NAME_BN":"আগ্রা","NAME_EL":"Άγκρα","NAME_HI":"आगरा","NAME_HU":"Agra","NAME_ID":"Agra","NAME_IT":"Agra","NAME_JA":"アーグラ","NAME_KO":"아그라","NAME_NL":"Agra","NAME_PL":"Agra","NAME_SV":"Agra","NAME_TR":"Agra","NAME_VI":"Agra","NE_ID":1159149175,"NAME_FA":"آگره","NAME_HE":"אגרה","NAME_UK":"Аґра","NAME_UR":"آگرہ","NAME_ZHT":"阿格拉","GEONAMESID":1279259,"FCLASS_ISO":null,"FCLASS_US":null,"FCLASS_FR":null,"FCLASS_RU":null,"FCLASS_ES":null,"FCLASS_CN":null,"FCLASS_TW":null,"FCLASS_IN":null,"FCLASS_NP":null,"FCLASS_PK":null,"FCLASS_DE":null,"FCLASS_GB":null,"FCLASS_BR":null,"FCLASS_IL":null,"FCLASS_PS":null,"FCLASS_SA":null,"FCLASS_EG":null,"FCLASS_MA":null,"FCLASS_PT":null,"FCLASS_AR":null,"FCLASS_JP":null,"FCLASS_KO":null,"FCLASS_VN":null,"FCLASS_TR":null,"FCLASS_ID":null,"FCLASS_PL":null,"FCLASS_GR":null,"FCLASS_IT":null,"FCLASS_NL":null,"FCLASS_SE":null,"FCLASS_BD":null,"FCLASS_UA":null,"FCLASS_TLC":null},"bbox":[78.013075,27.172366,78.013075,27.172366],"geometry":{"type":"Point","coordinates":[78.013075,27.172366]}},{"type":"Feature","properties":{"SCALERANK":4,"NATSCALE":50,"LABELRANK":1,"FEATURECLA":"Populated place","NAME":"Aligarh","NAMEPAR":null,"NAMEALT":null,"NAMEASCII":"Aligarh","ADM0CAP":0,"CAPIN":null,"WORLDCITY":0,"MEGACITY":1,"SOV0NAME":"India","SOV_A3":"IND","ADM0NAME":"India","ADM0_A3":"IND","ADM1NAME":"Uttar Pradesh","ISO_A2":"IN","NOTE":null,"LATITUDE":27.894157,"LONGITUDE":78.059842,"POP_MAX":805000,"POP_MIN":753207,"POP_OTHER":3956150,"RANK_MAX":11,"RANK_MIN":11,"MEGANAME":"Aligarh","LS_NAME":"Aligarh","MAX_POP10":4022169,"MAX_POP20":9279519,"MAX_POP50":0,"MAX_POP300":0,"MAX_POP310":0,"MAX_NATSCA":20,"MIN_AREAKM":2916,"MAX_AREAKM":7668,"MIN_AREAMI":1126,"MAX_AREAMI":2961,"MIN_PERKM":1758,"MAX_PERKM":4273,"MIN_PERMI":1092,"MAX_PERMI":2655,"MIN_BBXMIN":77.491667,"MAX_BBXMIN":77.569373,"MIN_BBXMAX":78.607776,"MAX_BBXMAX":78.897834,"MIN_BBYMIN":27.487322,"MAX_BBYMIN":27.723623,"MIN_BBYMAX":28.34445,"MAX_BBYMAX":28.547374,"MEAN_BBXC":78.153066,"MEAN_BBYC":27.985482,"TIMEZONE":"Asia/Kolkata","UN_FID":214,"POP1950":139,"POP1955":159,"POP1960":182,"POP1965":211,"POP1970":247,"POP1975":280,"POP1980":316,"POP1985":382,"POP1990":468,"POP1995":554,"POP2000":653,"POP2005":763,"POP2010":805,"POP2015":864,"POP2020":966,"POP2025":1083,"POP2050":1215,"MIN_ZOOM":5.6,"WIKIDATAID":"Q201832","WOF_ID":102030997,"CAPALT":0,"NAME_EN":"Aligarh","NAME_DE":"Aligarh","NAME_ES":"Aligarh","NAME_FR":"Aligarh","NAME_PT":"Aligarh","NAME_RU":"Алигарх","NAME_ZH":"阿里格尔","LABEL":null,"NAME_AR":"عليكرة","NAME_BN":"আলিগড়","NAME_EL":"Αλιγκάρ","NAME_HI":"अलीगढ़","NAME_HU":"Aligarh","NAME_ID":"Aligarh","NAME_IT":"Aligarh","NAME_JA":"アリーガル","NAME_KO":"알리가르","NAME_NL":"Aligarh","NAME_PL":"Aligarh","NAME_SV":"Aligarh","NAME_TR":"Aligarh","NAME_VI":"Aligarh","NE_ID":1159149179,"NAME_FA":"علیگر","NAME_HE":"אליגר","NAME_UK":"Аліґарх","NAME_UR":"علی گڑھ","NAME_ZHT":"阿里格爾","GEONAMESID":1279017,"FCLASS_ISO":null,"FCLASS_US":null,"FCLASS_FR":null,"FCLASS_RU":null,"FCLASS_ES":null,"FCLASS_CN":null,"FCLASS_TW":null,"FCLASS_IN":null,"FCLASS_NP":null,"FCLASS_PK":null,"FCLASS_DE":null,"FCLASS_GB":null,"FCLASS_BR":null,"FCLASS_IL":null,"FCLASS_PS":null,"FCLASS_SA":null,"FCLASS_EG":null,"FCLASS_MA":null,"FCLASS_PT":null,"FCLASS_AR":null,"FCLASS_JP":null,"FCLASS_KO":null,"FCLASS_VN":null,"FCLASS_TR":null,"FCLASS_ID":null,"FCLASS_PL":null,"FCLASS_GR":null,"FCLASS_IT":null,"FCLASS_NL":null,"FCLASS_SE":null,"FCLASS_BD":null,"FCLASS_UA":null,"FCLASS_TLC":null},"bbox":[78.059842,27.894157,78.059842,27.894157],"geometry":{"type":"Point","coordinates":[78.059842,27.894157]}},{"type":"Feature","properties":{"SCALERANK":4,"NATSCALE":50,"LABELRANK":1,"FEATURECLA":"Populated place","NAME":"Meerut","NAMEPAR":null,"NAMEALT":null,"NAMEASCII":"Meerut","ADM0CAP":0,"CAPIN":null,"WORLDCITY":0,"MEGACITY":1,"SOV0NAME":"India","SOV_A3":"IND","ADM0NAME":"India","ADM0_A3":"IND","ADM1NAME":"Uttar Pradesh","ISO_A2":"IN","NOTE":null,"LATITUDE":29.002358,"LONGITUDE":77.698055,"POP_MAX":1398000,"POP_MIN":1223184,"POP_OTHER":3268037,"RANK_MAX":12,"RANK_MIN":12,"MEGANAME":"Meerut","LS_NAME":"Meerut","MAX_POP10":3254545,"MAX_POP20":9487192,"MAX_POP50":0,"MAX_POP300":0,"MAX_POP310":0,"MAX_NATSCA":20,"MIN_AREAKM":2242,"MAX_AREAKM":7071,"MIN_AREAMI":866,"MAX_AREAMI":2730,"MIN_PERKM":793,"MAX_PERKM":3371,"MIN_PERMI":493,"MAX_PERMI":2095,"MIN_BBXMIN":77.279629,"MAX_BBXMIN":77.359985,"MIN_BBXMAX":78.1,"MAX_BBXMAX":78.442881,"MIN_BBYMIN":28.408019,"MAX_BBYMIN":28.828834,"MIN_BBYMAX":29.245785,"MAX_BBYMAX":29.566667,"MEAN_BBXC":77.780116,"MEAN_BBYC":29.059301,"TIMEZONE":"Asia/Kolkata","UN_FID":251,"POP1950":228,"POP1955":254,"POP1960":280,"POP1965":317,"POP1970":361,"POP1975":432,"POP1980":523,"POP1985":655,"POP1990":824,"POP1995":975,"POP2000":1143,"POP2005":1328,"POP2010":1398,"POP2015":1496,"POP2020":1667,"POP2025":1862,"POP2050":2080,"MIN_ZOOM":5.6,"WIKIDATAID":"Q200237","WOF_ID":102029389,"CAPALT":0,"NAME_EN":"Meerut","NAME_DE":"Meerut","NAME_ES":"Meerut","NAME_FR":"Meerut","NAME_PT":"Meerut","NAME_RU":"Мератх","NAME_ZH":"密拉特","LABEL":null,"NAME_AR":"ميروت","NAME_BN":"মিরাট","NAME_EL":"Μιρούτ","NAME_HI":"मेरठ","NAME_HU":"Mirát","NAME_ID":"Meerut","NAME_IT":"Meerut","NAME_JA":"メーラト","NAME_KO":"메루트","NAME_NL":"Meerut","NAME_PL":"Meerut","NAME_SV":"Meerut","NAME_TR":"Meerut","NAME_VI":"Meerut","NE_ID":1159149181,"NAME_FA":"مرتا","NAME_HE":"מיראט","NAME_UK":"Мірут","NAME_UR":"میرٹھ","NAME_ZHT":"密拉特","GEONAMESID":1263214,"FCLASS_ISO":null,"FCLASS_US":null,"FCLASS_FR":null,"FCLASS_RU":null,"FCLASS_ES":null,"FCLASS_CN":null,"FCLASS_TW":null,"FCLASS_IN":null,"FCLASS_NP":null,"FCLASS_PK":null,"FCLASS_DE":null,"FCLASS_GB":null,"FCLASS_BR":null,"FCLASS_IL":null,"FCLASS_PS":null,"FCLASS_SA":null,"FCLASS_EG":null,"FCLASS_MA":null,"FCLASS_PT":null,"FCLASS_AR":null,"FCLASS_JP":null,"FCLASS_KO":null,"FCLASS_VN":null,"FCLASS_TR":null,"FCLASS_ID":null,"FCLASS_PL":null,"FCLASS_GR":null,"FCLASS_IT":null,"FCLASS_NL":null,"FCLASS_SE":null,"FCLASS_BD":null,"FCLASS_UA":null,"FCLASS_TLC":null},"bbox":[77.698055,29.002358,77.698055,29.002358],"geometry":{"type":"Point","coordinates":[77.698055,29.002358]}},{"type":"Feature","properties":{"SCALERANK":4,"NATSCALE":50,"LABELRANK":1,"FEATURECLA":"Populated place","NAME":"Dhanbad","NAMEPAR":null,"NAMEALT":null,"NAMEASCII":"Dhanbad","ADM0CAP":0,"CAPIN":null,"WORLDCITY":0,"MEGACITY":1,"SOV0NAME":"India","SOV_A3":"IND","ADM0NAME":"India","ADM0_A3":"IND","ADM1NAME":"Jharkhand","ISO_A2":"IN","NOTE":null,"LATITUDE":23.802339,"LONGITUDE":86.41804,"POP_MAX":1246000,"POP_MIN":219636,"POP_OTHER":10591402,"RANK_MAX":12,"RANK_MIN":10,"MEGANAME":"Dhanbad","LS_NAME":"Dhanbad","MAX_POP10":10675317,"MAX_POP20":13019493,"MAX_POP50":0,"MAX_POP300":0,"MAX_POP310":0,"MAX_NATSCA":20,"MIN_AREAKM":8196,"MAX_AREAKM":9592,"MIN_AREAMI":3164,"MAX_AREAMI":3703,"MIN_PERKM":7408,"MAX_PERKM":8422,"MIN_PERMI":4603,"MAX_PERMI":5233,"MIN_BBXMIN":85.634969,"MAX_BBXMIN":85.634969,"MIN_BBXMAX":87.377576,"MAX_BBXMAX":87.516667,"MIN_BBYMIN":23.152869,"MAX_BBYMIN":23.152869,"MIN_BBYMAX":24.661855,"MAX_BBYMAX":24.661855,"MEAN_BBXC":86.544572,"MEAN_BBYC":23.92086,"TIMEZONE":"Asia/Kolkata","UN_FID":228,"POP1950":71,"POP1955":114,"POP1960":188,"POP1965":280,"POP1970":410,"POP1975":525,"POP1980":658,"POP1985":734,"POP1990":805,"POP1995":915,"POP2000":1046,"POP2005":1189,"POP2010":1246,"POP2015":1330,"POP2020":1482,"POP2025":1656,"POP2050":1852,"MIN_ZOOM":5.6,"WIKIDATAID":"Q244159","WOF_ID":102030401,"CAPALT":0,"NAME_EN":"Dhanbad","NAME_DE":"Dhanbad","NAME_ES":"Dhanbad","NAME_FR":"Dhanbad","NAME_PT":"Dhanbad","NAME_RU":"Дханбад","NAME_ZH":"丹巴德","LABEL":null,"NAME_AR":"دانباد","NAME_BN":"ধানবাদ","NAME_EL":"Ντχανμπάντ","NAME_HI":"धनबाद","NAME_HU":"Dhanbád","NAME_ID":"Dhanbad","NAME_IT":"Dhanbad","NAME_JA":"ダンバード","NAME_KO":"단바드","NAME_NL":"Dhanbad","NAME_PL":"Dhanbad","NAME_SV":"Dhanbad","NAME_TR":"Dhanbad","NAME_VI":"Dhanbad","NE_ID":1159149183,"NAME_FA":"دانباد","NAME_HE":"דהאנבאד","NAME_UK":"Дханбад","NAME_UR":"دھنباد","NAME_ZHT":"丹巴德","GEONAMESID":1272979,"FCLASS_ISO":null,"FCLASS_US":null,"FCLASS_FR":null,"FCLASS_RU":null,"FCLASS_ES":null,"FCLASS_CN":null,"FCLASS_TW":null,"FCLASS_IN":null,"FCLASS_NP":null,"FCLASS_PK":null,"FCLASS_DE":null,"FCLASS_GB":null,"FCLASS_BR":null,"FCLASS_IL":null,"FCLASS_PS":null,"FCLASS_SA":null,"FCLASS_EG":null,"FCLASS_MA":null,"FCLASS_PT":null,"FCLASS_AR":null,"FCLASS_JP":null,"FCLASS_KO":null,"FCLASS_VN":null,"FCLASS_TR":null,"FCLASS_ID":null,"FCLASS_PL":null,"FCLASS_GR":null,"FCLASS_IT":null,"FCLASS_NL":null,"FCLASS_SE":null,"FCLASS_BD":null,"FCLASS_UA":null,"FCLASS_TLC":null},"bbox":[86.41804,23.802339,86.41804,23.802339],"geometry":{"type":"Point","coordinates":[86.41804,23.802339]}},{"type":"Feature","properties":{"SCALERANK":4,"NATSCALE":50,"LABELRANK":1,"FEATURECLA":"Populated place","NAME":"Gwalior","NAMEPAR":null,"NAMEALT":null,"NAMEASCII":"Gwalior","ADM0CAP":0,"CAPIN":null,"WORLDCITY":0,"MEGACITY":1,"SOV0NAME":"India","SOV_A3":"IND","ADM0NAME":"India","ADM0_A3":"IND","ADM1NAME":"Madhya Pradesh","ISO_A2":"IN","NOTE":null,"LATITUDE":26.231933,"LONGITUDE":78.178129,"POP_MAX":978000,"POP_MIN":882458,"POP_OTHER":1058242,"RANK_MAX":11,"RANK_MIN":11,"MEGANAME":"Gwalior","LS_NAME":"Gwalior","MAX_POP10":1059885,"MAX_POP20":1059885,"MAX_POP50":0,"MAX_POP300":0,"MAX_POP310":0,"MAX_NATSCA":20,"MIN_AREAKM":279,"MAX_AREAKM":279,"MIN_AREAMI":108,"MAX_AREAMI":108,"MIN_PERKM":228,"MAX_PERKM":228,"MIN_PERMI":142,"MAX_PERMI":142,"MIN_BBXMIN":78.041667,"MAX_BBXMIN":78.041667,"MIN_BBXMAX":78.308333,"MAX_BBXMAX":78.308333,"MIN_BBYMIN":26.133333,"MAX_BBYMIN":26.133333,"MIN_BBYMAX":26.45,"MAX_BBYMAX":26.45,"MEAN_BBXC":78.169754,"MEAN_BBYC":26.25396,"TIMEZONE":"Asia/Kolkata","UN_FID":233,"POP1950":237,"POP1955":266,"POP1960":296,"POP1965":342,"POP1970":397,"POP1975":465,"POP1980":544,"POP1985":621,"POP1990":706,"POP1995":779,"POP2000":855,"POP2005":940,"POP2010":978,"POP2015":1040,"POP2020":1160,"POP2025":1298,"POP2050":1455,"MIN_ZOOM":5.6,"WIKIDATAID":"Q158467","WOF_ID":102030157,"CAPALT":0,"NAME_EN":"Gwalior","NAME_DE":"Gwalior","NAME_ES":"Gwalior","NAME_FR":"Gwâlior","NAME_PT":"Gwalior","NAME_RU":"Гвалиор","NAME_ZH":"瓜廖尔","LABEL":null,"NAME_AR":"قاليور","NAME_BN":"গোয়ালিয়র","NAME_EL":"Γκβάλιορ","NAME_HI":"ग्वालियर","NAME_HU":"Gválijar","NAME_ID":"Gwalior","NAME_IT":"Gwalior","NAME_JA":"グワーリヤル","NAME_KO":"괄리오르","NAME_NL":"Gwalior","NAME_PL":"Gwalijar","NAME_SV":"Gwalior","NAME_TR":"Gwalior","NAME_VI":"Gwalior","NE_ID":1159149185,"NAME_FA":"گوالیور","NAME_HE":"גוואליור","NAME_UK":"Гваліор","NAME_UR":"گوالیار","NAME_ZHT":"瓜廖爾","GEONAMESID":1270583,"FCLASS_ISO":null,"FCLASS_US":null,"FCLASS_FR":null,"FCLASS_RU":null,"FCLASS_ES":null,"FCLASS_CN":null,"FCLASS_TW":null,"FCLASS_IN":null,"FCLASS_NP":null,"FCLASS_PK":null,"FCLASS_DE":null,"FCLASS_GB":null,"FCLASS_BR":null,"FCLASS_IL":null,"FCLASS_PS":null,"FCLASS_SA":null,"FCLASS_EG":null,"FCLASS_MA":null,"FCLASS_PT":null,"FCLASS_AR":null,"FCLASS_JP":null,"FCLASS_KO":null,"FCLASS_VN":null,"FCLASS_TR":null,"FCLASS_ID":null,"FCLASS_PL":null,"FCLASS_GR":null,"FCLASS_IT":null,"FCLASS_NL":null,"FCLASS_SE":null,"FCLASS_BD":null,"FCLASS_UA":null,"FCLASS_TLC":null},"bbox":[78.169197,26.200035,78.169197,26.200035],"geometry":{"type":"Point","coordinates":[78.169197,26.200035]}},{"type":"Feature","properties":{"SCALERANK":4,"NATSCALE":50,"LABELRANK":1,"FEATURECLA":"Populated place","NAME":"Vadodara","NAMEPAR":null,"NAMEALT":"Baroda","NAMEASCII":"Vadodara","ADM0CAP":0,"CAPIN":null,"WORLDCITY":0,"MEGACITY":1,"SOV0NAME":"India","SOV_A3":"IND","ADM0NAME":"India","ADM0_A3":"IND","ADM1NAME":"Dadra and Nagar Haveli","ISO_A2":"IN","NOTE":null,"LATITUDE":22.311965,"LONGITUDE":73.178073,"POP_MAX":1756000,"POP_MIN":1409476,"POP_OTHER":4162372,"RANK_MAX":12,"RANK_MIN":12,"MEGANAME":"Vadodara","LS_NAME":"Vadodara","MAX_POP10":4211035,"MAX_POP20":0,"MAX_POP50":0,"MAX_POP300":0,"MAX_POP310":0,"MAX_NATSCA":10,"MIN_AREAKM":2073,"MAX_AREAKM":2073,"MIN_AREAMI":800,"MAX_AREAMI":800,"MIN_PERKM":1829,"MAX_PERKM":1829,"MIN_PERMI":1137,"MAX_PERMI":1137,"MIN_BBXMIN":72.566667,"MAX_BBXMIN":72.566667,"MIN_BBXMAX":73.475,"MAX_BBXMAX":73.475,"MIN_BBYMIN":22,"MAX_BBYMIN":22,"MIN_BBYMAX":23.108333,"MAX_BBYMAX":23.108333,"MEAN_BBXC":73.012217,"MEAN_BBYC":22.477327,"TIMEZONE":"Asia/Kolkata","UN_FID":268,"POP1950":207,"POP1955":249,"POP1960":302,"POP1965":370,"POP1970":453,"POP1975":571,"POP1980":722,"POP1985":891,"POP1990":1096,"POP1995":1273,"POP2000":1465,"POP2005":1675,"POP2010":1756,"POP2015":1875,"POP2020":2085,"POP2025":2324,"POP2050":2592,"MIN_ZOOM":5.6,"WIKIDATAID":"Q11909","WOF_ID":102028331,"CAPALT":0,"NAME_EN":"Vadodara","NAME_DE":"Vadodara","NAME_ES":"Vadodara","NAME_FR":"Vadodara","NAME_PT":"Vadodara","NAME_RU":"Вадодара","NAME_ZH":"瓦多达拉","LABEL":null,"NAME_AR":"فادودارا","NAME_BN":"বড়োদরা","NAME_EL":"Βαντοντάρα","NAME_HI":"वड़ोदरा","NAME_HU":"Vadodara","NAME_ID":"Vadodara","NAME_IT":"Vadodara","NAME_JA":"ヴァドーダラー","NAME_KO":"바도다라","NAME_NL":"Vadodara","NAME_PL":"Vadodara","NAME_SV":"Vadodara","NAME_TR":"Vadodara","NAME_VI":"Vadodara","NE_ID":1159149187,"NAME_FA":"وادودارا","NAME_HE":"ואדודארה","NAME_UK":"Вадодара","NAME_UR":"وادودارا","NAME_ZHT":"瓦多達拉","GEONAMESID":1253573,"FCLASS_ISO":null,"FCLASS_US":null,"FCLASS_FR":null,"FCLASS_RU":null,"FCLASS_ES":null,"FCLASS_CN":null,"FCLASS_TW":null,"FCLASS_IN":null,"FCLASS_NP":null,"FCLASS_PK":null,"FCLASS_DE":null,"FCLASS_GB":null,"FCLASS_BR":null,"FCLASS_IL":null,"FCLASS_PS":null,"FCLASS_SA":null,"FCLASS_EG":null,"FCLASS_MA":null,"FCLASS_PT":null,"FCLASS_AR":null,"FCLASS_JP":null,"FCLASS_KO":null,"FCLASS_VN":null,"FCLASS_TR":null,"FCLASS_ID":null,"FCLASS_PL":null,"FCLASS_GR":null,"FCLASS_IT":null,"FCLASS_NL":null,"FCLASS_SE":null,"FCLASS_BD":null,"FCLASS_UA":null,"FCLASS_TLC":null},"bbox":[73.178073,22.311965,73.178073,22.311965],"geometry":{"type":"Point","coordinates":[73.178073,22.311965]}},{"type":"Feature","properties":{"SCALERANK":4,"NATSCALE":50,"LABELRANK":1,"FEATURECLA":"Populated place","NAME":"Rajkot","NAMEPAR":null,"NAMEALT":null,"NAMEASCII":"Rajkot","ADM0CAP":0,"CAPIN":null,"WORLDCITY":0,"MEGACITY":1,"SOV0NAME":"India","SOV_A3":"IND","ADM0NAME":"India","ADM0_A3":"IND","ADM1NAME":"Dadra and Nagar Haveli","ISO_A2":"IN","NOTE":null,"LATITUDE":22.311965,"LONGITUDE":70.798063,"POP_MAX":1260000,"POP_MIN":1099882,"POP_OTHER":1066873,"RANK_MAX":12,"RANK_MIN":12,"MEGANAME":"Rajkot","LS_NAME":"Rajkot","MAX_POP10":1099882,"MAX_POP20":1099882,"MAX_POP50":0,"MAX_POP300":0,"MAX_POP310":0,"MAX_NATSCA":20,"MIN_AREAKM":145,"MAX_AREAKM":145,"MIN_AREAMI":56,"MAX_AREAMI":56,"MIN_PERKM":89,"MAX_PERKM":89,"MIN_PERMI":55,"MAX_PERMI":55,"MIN_BBXMIN":70.725,"MAX_BBXMIN":70.725,"MIN_BBXMAX":70.908333,"MAX_BBXMAX":70.908333,"MIN_BBYMIN":22.225,"MAX_BBYMIN":22.225,"MIN_BBYMAX":22.366667,"MAX_BBYMAX":22.366667,"MEAN_BBXC":70.802801,"MEAN_BBYC":22.300751,"TIMEZONE":"Asia/Kolkata","UN_FID":260,"POP1950":126,"POP1955":156,"POP1960":189,"POP1965":234,"POP1970":291,"POP1975":356,"POP1980":434,"POP1985":526,"POP1990":638,"POP1995":787,"POP2000":974,"POP2005":1186,"POP2010":1260,"POP2015":1359,"POP2020":1518,"POP2025":1696,"POP2050":1896,"MIN_ZOOM":5.6,"WIKIDATAID":"Q11854","WOF_ID":102028901,"CAPALT":0,"NAME_EN":"Rajkot","NAME_DE":"Rajkot","NAME_ES":"Rajkot","NAME_FR":"Rajkot","NAME_PT":"Rajkot","NAME_RU":"Раджкот","NAME_ZH":"莱科特","LABEL":null,"NAME_AR":"راجكوت","NAME_BN":"রাজকোট","NAME_EL":"Ράτζκοτ","NAME_HI":"राजकोट","NAME_HU":"Rádzskot","NAME_ID":"Rajkot","NAME_IT":"Rajkot","NAME_JA":"ラージコート","NAME_KO":"라지코트","NAME_NL":"Rajkot","NAME_PL":"Radźkot","NAME_SV":"Rajkot","NAME_TR":"Rajkot","NAME_VI":"Rajkot","NE_ID":1159149189,"NAME_FA":"راجکوت","NAME_HE":"ראג'קוט","NAME_UK":"Раджкот","NAME_UR":"راجکوٹ","NAME_ZHT":"萊科特","GEONAMESID":1258847,"FCLASS_ISO":null,"FCLASS_US":null,"FCLASS_FR":null,"FCLASS_RU":null,"FCLASS_ES":null,"FCLASS_CN":null,"FCLASS_TW":null,"FCLASS_IN":null,"FCLASS_NP":null,"FCLASS_PK":null,"FCLASS_DE":null,"FCLASS_GB":null,"FCLASS_BR":null,"FCLASS_IL":null,"FCLASS_PS":null,"FCLASS_SA":null,"FCLASS_EG":null,"FCLASS_MA":null,"FCLASS_PT":null,"FCLASS_AR":null,"FCLASS_JP":null,"FCLASS_KO":null,"FCLASS_VN":null,"FCLASS_TR":null,"FCLASS_ID":null,"FCLASS_PL":null,"FCLASS_GR":null,"FCLASS_IT":null,"FCLASS_NL":null,"FCLASS_SE":null,"FCLASS_BD":null,"FCLASS_UA":null,"FCLASS_TLC":null},"bbox":[70.798063,22.311965,70.798063,22.311965],"geometry":{"type":"Point","coordinates":[70.798063,22.311965]}},{"type":"Feature","properties":{"SCALERANK":4,"NATSCALE":50,"LABELRANK":1,"FEATURECLA":"Populated place","NAME":"Zhangye","NAMEPAR":null,"NAMEALT":null,"NAMEASCII":"Zhangye","ADM0CAP":0,"CAPIN":null,"WORLDCITY":0,"MEGACITY":0,"SOV0NAME":"China","SOV_A3":"CHN","ADM0NAME":"China","ADM0_A3":"CHN","ADM1NAME":"Gansu","ISO_A2":"CN","NOTE":null,"LATITUDE":38.929987,"LONGITUDE":100.450034,"POP_MAX":230728,"POP_MIN":96228,"POP_OTHER":191008,"RANK_MAX":10,"RANK_MIN":8,"MEGANAME":null,"LS_NAME":"Zhangye","MAX_POP10":230728,"MAX_POP20":230728,"MAX_POP50":230728,"MAX_POP300":230728,"MAX_POP310":0,"MAX_NATSCA":100,"MIN_AREAKM":168,"MAX_AREAKM":168,"MIN_AREAMI":65,"MAX_AREAMI":65,"MIN_PERKM":216,"MAX_PERKM":216,"MIN_PERMI":134,"MAX_PERMI":134,"MIN_BBXMIN":100.358333,"MAX_BBXMIN":100.358333,"MIN_BBXMAX":100.558333,"MAX_BBXMAX":100.558333,"MIN_BBYMIN":38.816667,"MAX_BBYMIN":38.816667,"MIN_BBYMAX":39.05,"MAX_BBYMAX":39.05,"MEAN_BBXC":100.462168,"MEAN_BBYC":38.925548,"TIMEZONE":"Asia/Chongqing","UN_FID":0,"POP1950":0,"POP1955":0,"POP1960":0,"POP1965":0,"POP1970":0,"POP1975":0,"POP1980":0,"POP1985":0,"POP1990":0,"POP1995":0,"POP2000":0,"POP2005":0,"POP2010":0,"POP2015":0,"POP2020":0,"POP2025":0,"POP2050":0,"MIN_ZOOM":5.6,"WIKIDATAID":"Q197402","WOF_ID":102026915,"CAPALT":0,"NAME_EN":"Zhangye","NAME_DE":"Zhangye","NAME_ES":"Zhangye","NAME_FR":"Zhangye","NAME_PT":"Zhangye","NAME_RU":"Чжанъе","NAME_ZH":"张掖","LABEL":null,"NAME_AR":"زهانغي","NAME_BN":"চাংইয়ে","NAME_EL":"Τσανγκγιέ","NAME_HI":"झांग्ये","NAME_HU":"Zhangye","NAME_ID":"Zhangye","NAME_IT":"Zhangye","NAME_JA":"張掖市","NAME_KO":"장예시","NAME_NL":"Zhangye","NAME_PL":"Zhangye","NAME_SV":"Zhangye","NAME_TR":"Zhangye","NAME_VI":"Trương Dịch","NE_ID":1159149767,"NAME_FA":"ژانگی","NAME_HE":"ג'אנגיה","NAME_UK":"Чжан'е","NAME_UR":"ژانگیے","NAME_ZHT":"張掖市","GEONAMESID":1785036,"FCLASS_ISO":null,"FCLASS_US":null,"FCLASS_FR":null,"FCLASS_RU":null,"FCLASS_ES":null,"FCLASS_CN":null,"FCLASS_TW":null,"FCLASS_IN":null,"FCLASS_NP":null,"FCLASS_PK":null,"FCLASS_DE":null,"FCLASS_GB":null,"FCLASS_BR":null,"FCLASS_IL":null,"FCLASS_PS":null,"FCLASS_SA":null,"FCLASS_EG":null,"FCLASS_MA":null,"FCLASS_PT":null,"FCLASS_AR":null,"FCLASS_JP":null,"FCLASS_KO":null,"FCLASS_VN":null,"FCLASS_TR":null,"FCLASS_ID":null,"FCLASS_PL":null,"FCLASS_GR":null,"FCLASS_IT":null,"FCLASS_NL":null,"FCLASS_SE":null,"FCLASS_BD":null,"FCLASS_UA":null,"FCLASS_TLC":null},"bbox":[100.450034,38.929987,100.450034,38.929987],"geometry":{"type":"Point","coordinates":[100.450034,38.929987]}},{"type":"Feature","properties":{"SCALERANK":4,"NATSCALE":50,"LABELRANK":1,"FEATURECLA":"Populated place","NAME":"Wuwei","NAMEPAR":null,"NAMEALT":null,"NAMEASCII":"Wuwei","ADM0CAP":0,"CAPIN":null,"WORLDCITY":0,"MEGACITY":0,"SOV0NAME":"China","SOV_A3":"CHN","ADM0NAME":"China","ADM0_A3":"CHN","ADM1NAME":"Gansu","ISO_A2":"CN","NOTE":null,"LATITUDE":37.928007,"LONGITUDE":102.641011,"POP_MAX":493092,"POP_MIN":493092,"POP_OTHER":0,"RANK_MAX":10,"RANK_MIN":10,"MEGANAME":null,"LS_NAME":"Wuwei","MAX_POP10":493092,"MAX_POP20":493092,"MAX_POP50":493092,"MAX_POP300":0,"MAX_POP310":0,"MAX_NATSCA":50,"MIN_AREAKM":369,"MAX_AREAKM":369,"MIN_AREAMI":143,"MAX_AREAMI":143,"MIN_PERKM":406,"MAX_PERKM":406,"MIN_PERMI":252,"MAX_PERMI":252,"MIN_BBXMIN":102.483333,"MAX_BBXMIN":102.483333,"MIN_BBXMAX":102.85,"MAX_BBXMAX":102.85,"MIN_BBYMIN":37.766667,"MAX_BBYMIN":37.766667,"MIN_BBYMAX":38.075,"MAX_BBYMAX":38.075,"MEAN_BBXC":102.686261,"MEAN_BBYC":37.914518,"TIMEZONE":null,"UN_FID":0,"POP1950":0,"POP1955":0,"POP1960":0,"POP1965":0,"POP1970":0,"POP1975":0,"POP1980":0,"POP1985":0,"POP1990":0,"POP1995":0,"POP2000":0,"POP2005":0,"POP2010":0,"POP2015":0,"POP2020":0,"POP2025":0,"POP2050":0,"MIN_ZOOM":5.6,"WIKIDATAID":"Q249007","WOF_ID":1141909217,"CAPALT":0,"NAME_EN":"Wuwei","NAME_DE":"Wuwei","NAME_ES":"Wuwei","NAME_FR":"Wuwei","NAME_PT":"Wuwei","NAME_RU":"Увэй","NAME_ZH":"武威","LABEL":null,"NAME_AR":"ووي","NAME_BN":"উ-ওয়েই","NAME_EL":"Γουγουέι","NAME_HI":"वूवेइ","NAME_HU":"Wuwei","NAME_ID":"Wuwei","NAME_IT":"Wuwei","NAME_JA":"武威市","NAME_KO":"우웨이시","NAME_NL":"Wuwei","NAME_PL":"Wuwei","NAME_SV":"Wuwei","NAME_TR":"Wuwei","NAME_VI":"Vũ Uy","NE_ID":1159149769,"NAME_FA":"وووی","NAME_HE":"וווויי","NAME_UK":"Вувей","NAME_UR":"ووئی","NAME_ZHT":"武威市","GEONAMESID":-1,"FCLASS_ISO":null,"FCLASS_US":null,"FCLASS_FR":null,"FCLASS_RU":null,"FCLASS_ES":null,"FCLASS_CN":null,"FCLASS_TW":null,"FCLASS_IN":null,"FCLASS_NP":null,"FCLASS_PK":null,"FCLASS_DE":null,"FCLASS_GB":null,"FCLASS_BR":null,"FCLASS_IL":null,"FCLASS_PS":null,"FCLASS_SA":null,"FCLASS_EG":null,"FCLASS_MA":null,"FCLASS_PT":null,"FCLASS_AR":null,"FCLASS_JP":null,"FCLASS_KO":null,"FCLASS_VN":null,"FCLASS_TR":null,"FCLASS_ID":null,"FCLASS_PL":null,"FCLASS_GR":null,"FCLASS_IT":null,"FCLASS_NL":null,"FCLASS_SE":null,"FCLASS_BD":null,"FCLASS_UA":null,"FCLASS_TLC":null},"bbox":[102.641011,37.928007,102.641011,37.928007],"geometry":{"type":"Point","coordinates":[102.641011,37.928007]}},{"type":"Feature","properties":{"SCALERANK":4,"NATSCALE":50,"LABELRANK":1,"FEATURECLA":"Populated place","NAME":"Dunhuang","NAMEPAR":null,"NAMEALT":null,"NAMEASCII":"Dunhuang","ADM0CAP":0,"CAPIN":null,"WORLDCITY":0,"MEGACITY":0,"SOV0NAME":"China","SOV_A3":"CHN","ADM0NAME":"China","ADM0_A3":"CHN","ADM1NAME":"Gansu","ISO_A2":"CN","NOTE":null,"LATITUDE":40.142678,"LONGITUDE":94.662015,"POP_MAX":140094,"POP_MIN":138356,"POP_OTHER":0,"RANK_MAX":9,"RANK_MIN":9,"MEGANAME":null,"LS_NAME":"Dunhuang","MAX_POP10":138356,"MAX_POP20":138356,"MAX_POP50":140094,"MAX_POP300":0,"MAX_POP310":0,"MAX_NATSCA":50,"MIN_AREAKM":46,"MAX_AREAKM":49,"MIN_AREAMI":18,"MAX_AREAMI":19,"MIN_PERKM":62,"MAX_PERKM":72,"MIN_PERMI":39,"MAX_PERMI":45,"MIN_BBXMIN":94.566667,"MAX_BBXMIN":94.566667,"MIN_BBXMAX":94.7,"MAX_BBXMAX":94.708333,"MIN_BBYMIN":40.091667,"MAX_BBYMIN":40.091667,"MIN_BBYMAX":40.166667,"MAX_BBYMAX":40.191667,"MEAN_BBXC":94.629876,"MEAN_BBYC":40.131325,"TIMEZONE":null,"UN_FID":0,"POP1950":0,"POP1955":0,"POP1960":0,"POP1965":0,"POP1970":0,"POP1975":0,"POP1980":0,"POP1985":0,"POP1990":0,"POP1995":0,"POP2000":0,"POP2005":0,"POP2010":0,"POP2015":0,"POP2020":0,"POP2025":0,"POP2050":0,"MIN_ZOOM":5,"WIKIDATAID":"Q319114","WOF_ID":1141909219,"CAPALT":0,"NAME_EN":"Dunhuang","NAME_DE":"Dunhuang","NAME_ES":"Dunhuang","NAME_FR":"Dunhuang","NAME_PT":"Dunhuang","NAME_RU":"Дуньхуан","NAME_ZH":"敦煌","LABEL":null,"NAME_AR":"دونهوانغ","NAME_BN":"তুনহুয়াং","NAME_EL":"Ντουνχουάνγκ","NAME_HI":"दूनहुआंग","NAME_HU":"Tunhuang","NAME_ID":"Dunhuang","NAME_IT":"Dunhuang","NAME_JA":"敦煌市","NAME_KO":"둔황시","NAME_NL":"Dunhuang","NAME_PL":"Dunhuang","NAME_SV":"Dunhuang","NAME_TR":"Dunhuang","NAME_VI":"Đôn Hoàng","NE_ID":1159149773,"NAME_FA":"دونهوانگ","NAME_HE":"דונגחואנג","NAME_UK":"Дуньхуан","NAME_UR":"دونہوانگ","NAME_ZHT":"敦煌市","GEONAMESID":1529531,"FCLASS_ISO":null,"FCLASS_US":null,"FCLASS_FR":null,"FCLASS_RU":null,"FCLASS_ES":null,"FCLASS_CN":null,"FCLASS_TW":null,"FCLASS_IN":null,"FCLASS_NP":null,"FCLASS_PK":null,"FCLASS_DE":null,"FCLASS_GB":null,"FCLASS_BR":null,"FCLASS_IL":null,"FCLASS_PS":null,"FCLASS_SA":null,"FCLASS_EG":null,"FCLASS_MA":null,"FCLASS_PT":null,"FCLASS_AR":null,"FCLASS_JP":null,"FCLASS_KO":null,"FCLASS_VN":null,"FCLASS_TR":null,"FCLASS_ID":null,"FCLASS_PL":null,"FCLASS_GR":null,"FCLASS_IT":null,"FCLASS_NL":null,"FCLASS_SE":null,"FCLASS_BD":null,"FCLASS_UA":null,"FCLASS_TLC":null},"bbox":[94.662015,40.142678,94.662015,40.142678],"geometry":{"type":"Point","coordinates":[94.662015,40.142678]}},{"type":"Feature","properties":{"SCALERANK":4,"NATSCALE":50,"LABELRANK":1,"FEATURECLA":"Populated place","NAME":"Tianshui","NAMEPAR":null,"NAMEALT":null,"NAMEASCII":"Tianshui","ADM0CAP":0,"CAPIN":null,"WORLDCITY":0,"MEGACITY":1,"SOV0NAME":"China","SOV_A3":"CHN","ADM0NAME":"China","ADM0_A3":"CHN","ADM1NAME":"Gansu","ISO_A2":"CN","NOTE":null,"LATITUDE":34.601964,"LONGITUDE":105.918038,"POP_MAX":1225000,"POP_MIN":74767,"POP_OTHER":615940,"RANK_MAX":12,"RANK_MIN":8,"MEGANAME":"Tianshui","LS_NAME":"Tianshui","MAX_POP10":643976,"MAX_POP20":643976,"MAX_POP50":643976,"MAX_POP300":0,"MAX_POP310":0,"MAX_NATSCA":50,"MIN_AREAKM":278,"MAX_AREAKM":278,"MIN_AREAMI":107,"MAX_AREAMI":107,"MIN_PERKM":305,"MAX_PERKM":305,"MIN_PERMI":190,"MAX_PERMI":190,"MIN_BBXMIN":105.466667,"MAX_BBXMIN":105.466667,"MIN_BBXMAX":106.008333,"MAX_BBXMAX":106.008333,"MIN_BBYMIN":34.383333,"MAX_BBYMIN":34.383333,"MIN_BBYMAX":34.641667,"MAX_BBYMAX":34.641667,"MEAN_BBXC":105.750456,"MEAN_BBYC":34.550901,"TIMEZONE":"Asia/Chongqing","UN_FID":116,"POP1950":165,"POP1955":208,"POP1960":262,"POP1965":329,"POP1970":415,"POP1975":522,"POP1980":657,"POP1985":826,"POP1990":1040,"POP1995":1090,"POP2000":1143,"POP2005":1199,"POP2010":1225,"POP2015":1279,"POP2020":1404,"POP2025":1533,"POP2050":1640,"MIN_ZOOM":5.6,"WIKIDATAID":"Q533157","WOF_ID":890514425,"CAPALT":0,"NAME_EN":"Tianshui","NAME_DE":"Tianshui","NAME_ES":"Tianshui","NAME_FR":"Tianshui","NAME_PT":"Tianshui","NAME_RU":"Тяньшуй","NAME_ZH":"天水","LABEL":null,"NAME_AR":"تيانشوي","NAME_BN":"থিয়েনশুই","NAME_EL":"Τιανσουί","NAME_HI":"तिआंशुई","NAME_HU":"Tianshui","NAME_ID":"Tianshui","NAME_IT":"Tianshui","NAME_JA":"天水市","NAME_KO":"톈수이시","NAME_NL":"Tianshui","NAME_PL":"Tianshui","NAME_SV":"Tianshui","NAME_TR":"Tianshui","NAME_VI":"Thiên Thủy","NE_ID":1159149775,"NAME_FA":"تیانشوی","NAME_HE":"טיאנשוי","NAME_UK":"Тяньшуй","NAME_UR":"تیانشوئی","NAME_ZHT":"天水市","GEONAMESID":1816751,"FCLASS_ISO":null,"FCLASS_US":null,"FCLASS_FR":null,"FCLASS_RU":null,"FCLASS_ES":null,"FCLASS_CN":null,"FCLASS_TW":null,"FCLASS_IN":null,"FCLASS_NP":null,"FCLASS_PK":null,"FCLASS_DE":null,"FCLASS_GB":null,"FCLASS_BR":null,"FCLASS_IL":null,"FCLASS_PS":null,"FCLASS_SA":null,"FCLASS_EG":null,"FCLASS_MA":null,"FCLASS_PT":null,"FCLASS_AR":null,"FCLASS_JP":null,"FCLASS_KO":null,"FCLASS_VN":null,"FCLASS_TR":null,"FCLASS_ID":null,"FCLASS_PL":null,"FCLASS_GR":null,"FCLASS_IT":null,"FCLASS_NL":null,"FCLASS_SE":null,"FCLASS_BD":null,"FCLASS_UA":null,"FCLASS_TLC":null},"bbox":[105.918038,34.601964,105.918038,34.601964],"geometry":{"type":"Point","coordinates":[105.918038,34.601964]}},{"type":"Feature","properties":{"SCALERANK":4,"NATSCALE":50,"LABELRANK":1,"FEATURECLA":"Populated place","NAME":"Dulan","NAMEPAR":null,"NAMEALT":null,"NAMEASCII":"Dulan","ADM0CAP":0,"CAPIN":null,"WORLDCITY":0,"MEGACITY":0,"SOV0NAME":"China","SOV_A3":"CHN","ADM0NAME":"China","ADM0_A3":"CHN","ADM1NAME":"Gansu","ISO_A2":"CN","NOTE":null,"LATITUDE":36.16659,"LONGITUDE":98.266601,"POP_MAX":100,"POP_MIN":0,"POP_OTHER":0,"RANK_MAX":1,"RANK_MIN":0,"MEGANAME":null,"LS_NAME":"Dulan","MAX_POP10":0,"MAX_POP20":0,"MAX_POP50":0,"MAX_POP300":0,"MAX_POP310":0,"MAX_NATSCA":0,"MIN_AREAKM":0,"MAX_AREAKM":0,"MIN_AREAMI":0,"MAX_AREAMI":0,"MIN_PERKM":0,"MAX_PERKM":0,"MIN_PERMI":0,"MAX_PERMI":0,"MIN_BBXMIN":0,"MAX_BBXMIN":0,"MIN_BBXMAX":0,"MAX_BBXMAX":0,"MIN_BBYMIN":0,"MAX_BBYMIN":0,"MIN_BBYMAX":0,"MAX_BBYMAX":0,"MEAN_BBXC":0,"MEAN_BBYC":0,"TIMEZONE":null,"UN_FID":0,"POP1950":0,"POP1955":0,"POP1960":0,"POP1965":0,"POP1970":0,"POP1975":0,"POP1980":0,"POP1985":0,"POP1990":0,"POP1995":0,"POP2000":0,"POP2005":0,"POP2010":0,"POP2015":0,"POP2020":0,"POP2025":0,"POP2050":0,"MIN_ZOOM":5.6,"WIKIDATAID":null,"WOF_ID":1141909221,"CAPALT":0,"NAME_EN":"Dulan","NAME_DE":"Dulan","NAME_ES":"Dulan","NAME_FR":"Dulan","NAME_PT":"Dulan","NAME_RU":"Дулан","NAME_ZH":"都兰","LABEL":null,"NAME_AR":"دولان","NAME_BN":"দুলান","NAME_EL":"Ντουλάν","NAME_HI":"डुलान","NAME_HU":"Dulan","NAME_ID":"Dulan","NAME_IT":"Dulan","NAME_JA":"都蘭","NAME_KO":"둘란","NAME_NL":"Dulan","NAME_PL":"Dulan","NAME_SV":"Dulan","NAME_TR":"Dulan","NAME_VI":"Đô Lan","NE_ID":1159149777,"NAME_FA":"دولان","NAME_HE":"דולאן","NAME_UK":"Дулань","NAME_UR":"دولان","NAME_ZHT":"都蘭","GEONAMESID":-1,"FCLASS_ISO":null,"FCLASS_US":null,"FCLASS_FR":null,"FCLASS_RU":null,"FCLASS_ES":null,"FCLASS_CN":null,"FCLASS_TW":null,"FCLASS_IN":null,"FCLASS_NP":null,"FCLASS_PK":null,"FCLASS_DE":null,"FCLASS_GB":null,"FCLASS_BR":null,"FCLASS_IL":null,"FCLASS_PS":null,"FCLASS_SA":null,"FCLASS_EG":null,"FCLASS_MA":null,"FCLASS_PT":null,"FCLASS_AR":null,"FCLASS_JP":null,"FCLASS_KO":null,"FCLASS_VN":null,"FCLASS_TR":null,"FCLASS_ID":null,"FCLASS_PL":null,"FCLASS_GR":null,"FCLASS_IT":null,"FCLASS_NL":null,"FCLASS_SE":null,"FCLASS_BD":null,"FCLASS_UA":null,"FCLASS_TLC":null},"bbox":[98.266601,36.16659,98.266601,36.16659],"geometry":{"type":"Point","coordinates":[98.266601,36.16659]}},{"type":"Feature","properties":{"SCALERANK":4,"NATSCALE":50,"LABELRANK":1,"FEATURECLA":"Populated place","NAME":"Golmud","NAMEPAR":null,"NAMEALT":null,"NAMEASCII":"Golmud","ADM0CAP":0,"CAPIN":null,"WORLDCITY":0,"MEGACITY":0,"SOV0NAME":"China","SOV_A3":"CHN","ADM0NAME":"China","ADM0_A3":"CHN","ADM1NAME":"Gansu","ISO_A2":"CN","NOTE":null,"LATITUDE":36.416626,"LONGITUDE":94.883345,"POP_MAX":107092,"POP_MIN":107092,"POP_OTHER":104847,"RANK_MAX":9,"RANK_MIN":9,"MEGANAME":null,"LS_NAME":"Golmud","MAX_POP10":107092,"MAX_POP20":107092,"MAX_POP50":107092,"MAX_POP300":0,"MAX_POP310":0,"MAX_NATSCA":50,"MIN_AREAKM":43,"MAX_AREAKM":43,"MIN_AREAMI":17,"MAX_AREAMI":17,"MIN_PERKM":44,"MAX_PERKM":44,"MIN_PERMI":27,"MAX_PERMI":27,"MIN_BBXMIN":94.858333,"MAX_BBXMIN":94.858333,"MIN_BBXMAX":94.958333,"MAX_BBXMAX":94.958333,"MIN_BBYMIN":36.375,"MAX_BBYMIN":36.375,"MIN_BBYMAX":36.45,"MAX_BBYMAX":36.45,"MEAN_BBXC":94.902554,"MEAN_BBYC":36.406183,"TIMEZONE":null,"UN_FID":0,"POP1950":0,"POP1955":0,"POP1960":0,"POP1965":0,"POP1970":0,"POP1975":0,"POP1980":0,"POP1985":0,"POP1990":0,"POP1995":0,"POP2000":0,"POP2005":0,"POP2010":0,"POP2015":0,"POP2020":0,"POP2025":0,"POP2050":0,"MIN_ZOOM":5,"WIKIDATAID":"Q858250","WOF_ID":1141909223,"CAPALT":0,"NAME_EN":"Golmud","NAME_DE":"Golmud","NAME_ES":"Golmud","NAME_FR":"Golmud","NAME_PT":"Golmud","NAME_RU":"Голмуд","NAME_ZH":"格尔木","LABEL":null,"NAME_AR":"غولمود","NAME_BN":"গোলমুদ","NAME_EL":"Γκόλμουντ","NAME_HI":"गोलमुद","NAME_HU":"Golmud","NAME_ID":"Golmud","NAME_IT":"Golmud","NAME_JA":"ゴルムド市","NAME_KO":"거얼무시","NAME_NL":"Golmud","NAME_PL":"Golmud","NAME_SV":"Golmud","NAME_TR":"Golmud","NAME_VI":"Golmud","NE_ID":1159149779,"NAME_FA":"گلمود","NAME_HE":"גולמוד","NAME_UK":"Голмуд","NAME_UR":"گولمود","NAME_ZHT":"格爾木市","GEONAMESID":1281184,"FCLASS_ISO":null,"FCLASS_US":null,"FCLASS_FR":null,"FCLASS_RU":null,"FCLASS_ES":null,"FCLASS_CN":null,"FCLASS_TW":null,"FCLASS_IN":null,"FCLASS_NP":null,"FCLASS_PK":null,"FCLASS_DE":null,"FCLASS_GB":null,"FCLASS_BR":null,"FCLASS_IL":null,"FCLASS_PS":null,"FCLASS_SA":null,"FCLASS_EG":null,"FCLASS_MA":null,"FCLASS_PT":null,"FCLASS_AR":null,"FCLASS_JP":null,"FCLASS_KO":null,"FCLASS_VN":null,"FCLASS_TR":null,"FCLASS_ID":null,"FCLASS_PL":null,"FCLASS_GR":null,"FCLASS_IT":null,"FCLASS_NL":null,"FCLASS_SE":null,"FCLASS_BD":null,"FCLASS_UA":null,"FCLASS_TLC":null},"bbox":[94.883345,36.416626,94.883345,36.416626],"geometry":{"type":"Point","coordinates":[94.883345,36.416626]}},{"type":"Feature","properties":{"SCALERANK":4,"NATSCALE":50,"LABELRANK":1,"FEATURECLA":"Populated place","NAME":"Yulin","NAMEPAR":null,"NAMEALT":"Yulin, Guangxi","NAMEASCII":"Yulin","ADM0CAP":0,"CAPIN":null,"WORLDCITY":0,"MEGACITY":1,"SOV0NAME":"China","SOV_A3":"CHN","ADM0NAME":"China","ADM0_A3":"CHN","ADM1NAME":"Guangxi","ISO_A2":"CN","NOTE":null,"LATITUDE":22.63192,"LONGITUDE":110.148064,"POP_MAX":1127000,"POP_MIN":148485,"POP_OTHER":2026159,"RANK_MAX":12,"RANK_MIN":9,"MEGANAME":"Yulin, Guangxi","LS_NAME":"Yulin1","MAX_POP10":2017599,"MAX_POP20":2017599,"MAX_POP50":2017599,"MAX_POP300":0,"MAX_POP310":0,"MAX_NATSCA":50,"MIN_AREAKM":969,"MAX_AREAKM":969,"MIN_AREAMI":374,"MAX_AREAMI":374,"MIN_PERKM":833,"MAX_PERKM":833,"MIN_PERMI":517,"MAX_PERMI":517,"MIN_BBXMIN":109.966667,"MAX_BBXMIN":109.966667,"MIN_BBXMAX":110.65,"MAX_BBXMAX":110.65,"MIN_BBYMIN":22.325,"MAX_BBYMIN":22.325,"MIN_BBYMAX":22.941667,"MAX_BBYMAX":22.941667,"MEAN_BBXC":110.238921,"MEAN_BBYC":22.66301,"TIMEZONE":"Asia/Chongqing","UN_FID":148,"POP1950":194,"POP1955":227,"POP1960":265,"POP1965":309,"POP1970":360,"POP1975":420,"POP1980":490,"POP1985":572,"POP1990":667,"POP1995":779,"POP2000":909,"POP2005":1060,"POP2010":1127,"POP2015":1227,"POP2020":1379,"POP2025":1507,"POP2050":1613,"MIN_ZOOM":5.6,"WIKIDATAID":"Q571918","WOF_ID":102027829,"CAPALT":0,"NAME_EN":"Yulin","NAME_DE":"Yulin","NAME_ES":"Yulin","NAME_FR":"Yulin","NAME_PT":"Yulin","NAME_RU":"Юйлинь","NAME_ZH":"玉林","LABEL":null,"NAME_AR":"يولين","NAME_BN":"ইউলিন","NAME_EL":"Γιουλίν","NAME_HI":"युलिन","NAME_HU":"Jülin","NAME_ID":"Yulin","NAME_IT":"Yulin","NAME_JA":"玉林市","NAME_KO":"위린시","NAME_NL":"Yulin","NAME_PL":"Yulin","NAME_SV":"Yulin","NAME_TR":"Yulin","NAME_VI":"Ngọc Lâm","NE_ID":1159149781,"NAME_FA":"یولاین","NAME_HE":"יולין","NAME_UK":"Юйлінь","NAME_UR":"یلن","NAME_ZHT":"玉林市","GEONAMESID":1785781,"FCLASS_ISO":null,"FCLASS_US":null,"FCLASS_FR":null,"FCLASS_RU":null,"FCLASS_ES":null,"FCLASS_CN":null,"FCLASS_TW":null,"FCLASS_IN":null,"FCLASS_NP":null,"FCLASS_PK":null,"FCLASS_DE":null,"FCLASS_GB":null,"FCLASS_BR":null,"FCLASS_IL":null,"FCLASS_PS":null,"FCLASS_SA":null,"FCLASS_EG":null,"FCLASS_MA":null,"FCLASS_PT":null,"FCLASS_AR":null,"FCLASS_JP":null,"FCLASS_KO":null,"FCLASS_VN":null,"FCLASS_TR":null,"FCLASS_ID":null,"FCLASS_PL":null,"FCLASS_GR":null,"FCLASS_IT":null,"FCLASS_NL":null,"FCLASS_SE":null,"FCLASS_BD":null,"FCLASS_UA":null,"FCLASS_TLC":null},"bbox":[110.148064,22.63192,110.148064,22.63192],"geometry":{"type":"Point","coordinates":[110.148064,22.63192]}},{"type":"Feature","properties":{"SCALERANK":4,"NATSCALE":50,"LABELRANK":1,"FEATURECLA":"Populated place","NAME":"Bose","NAMEPAR":null,"NAMEALT":null,"NAMEASCII":"Bose","ADM0CAP":0,"CAPIN":null,"WORLDCITY":0,"MEGACITY":0,"SOV0NAME":"China","SOV_A3":"CHN","ADM0NAME":"China","ADM0_A3":"CHN","ADM1NAME":"Guangxi","ISO_A2":"CN","NOTE":null,"LATITUDE":23.899716,"LONGITUDE":106.613327,"POP_MAX":175282,"POP_MIN":90603,"POP_OTHER":175282,"RANK_MAX":9,"RANK_MIN":8,"MEGANAME":null,"LS_NAME":"Bose","MAX_POP10":175282,"MAX_POP20":175282,"MAX_POP50":175282,"MAX_POP300":0,"MAX_POP310":0,"MAX_NATSCA":50,"MIN_AREAKM":64,"MAX_AREAKM":64,"MIN_AREAMI":25,"MAX_AREAMI":25,"MIN_PERKM":66,"MAX_PERKM":66,"MIN_PERMI":41,"MAX_PERMI":41,"MIN_BBXMIN":106.566667,"MAX_BBXMIN":106.566667,"MIN_BBXMAX":106.7,"MAX_BBXMAX":106.7,"MIN_BBYMIN":23.825,"MAX_BBYMIN":23.825,"MIN_BBYMAX":23.925,"MAX_BBYMAX":23.925,"MEAN_BBXC":106.630386,"MEAN_BBYC":23.876423,"TIMEZONE":"Asia/Chongqing","UN_FID":0,"POP1950":0,"POP1955":0,"POP1960":0,"POP1965":0,"POP1970":0,"POP1975":0,"POP1980":0,"POP1985":0,"POP1990":0,"POP1995":0,"POP2000":0,"POP2005":0,"POP2010":0,"POP2015":0,"POP2020":0,"POP2025":0,"POP2050":0,"MIN_ZOOM":5.6,"WIKIDATAID":"Q92381","WOF_ID":890512921,"CAPALT":0,"NAME_EN":"Baicheng","NAME_DE":"Baicheng","NAME_ES":"Baicheng","NAME_FR":"Baicheng","NAME_PT":"Baicheng","NAME_RU":"Байчэн","NAME_ZH":"白城","LABEL":null,"NAME_AR":"بايتشنغ","NAME_BN":"বাইচেং","NAME_EL":"Μπαϊτσένγκ","NAME_HI":"बैचेंग","NAME_HU":"Bose","NAME_ID":"Baicheng","NAME_IT":"Baicheng","NAME_JA":"白城市","NAME_KO":"바이청시","NAME_NL":"Baicheng","NAME_PL":"Baicheng","NAME_SV":"Baicheng","NAME_TR":"Baicheng","NAME_VI":"Bạch Thành","NE_ID":1159149783,"NAME_FA":"بایچنگ","NAME_HE":"בוס","NAME_UK":"Байчен","NAME_UR":"بائچینگ","NAME_ZHT":"白城市","GEONAMESID":1816269,"FCLASS_ISO":null,"FCLASS_US":null,"FCLASS_FR":null,"FCLASS_RU":null,"FCLASS_ES":null,"FCLASS_CN":null,"FCLASS_TW":null,"FCLASS_IN":null,"FCLASS_NP":null,"FCLASS_PK":null,"FCLASS_DE":null,"FCLASS_GB":null,"FCLASS_BR":null,"FCLASS_IL":null,"FCLASS_PS":null,"FCLASS_SA":null,"FCLASS_EG":null,"FCLASS_MA":null,"FCLASS_PT":null,"FCLASS_AR":null,"FCLASS_JP":null,"FCLASS_KO":null,"FCLASS_VN":null,"FCLASS_TR":null,"FCLASS_ID":null,"FCLASS_PL":null,"FCLASS_GR":null,"FCLASS_IT":null,"FCLASS_NL":null,"FCLASS_SE":null,"FCLASS_BD":null,"FCLASS_UA":null,"FCLASS_TLC":null},"bbox":[106.613327,23.899716,106.613327,23.899716],"geometry":{"type":"Point","coordinates":[106.613327,23.899716]}},{"type":"Feature","properties":{"SCALERANK":4,"NATSCALE":50,"LABELRANK":1,"FEATURECLA":"Populated place","NAME":"Wuzhou","NAMEPAR":null,"NAMEALT":null,"NAMEASCII":"Wuzhou","ADM0CAP":0,"CAPIN":null,"WORLDCITY":0,"MEGACITY":0,"SOV0NAME":"China","SOV_A3":"CHN","ADM0NAME":"China","ADM0_A3":"CHN","ADM1NAME":"Guangxi","ISO_A2":"CN","NOTE":null,"LATITUDE":23.480026,"LONGITUDE":111.320016,"POP_MAX":442315,"POP_MIN":265846,"POP_OTHER":441998,"RANK_MAX":10,"RANK_MIN":10,"MEGANAME":null,"LS_NAME":"Wuzhou","MAX_POP10":442315,"MAX_POP20":442315,"MAX_POP50":442315,"MAX_POP300":0,"MAX_POP310":0,"MAX_NATSCA":50,"MIN_AREAKM":108,"MAX_AREAKM":108,"MIN_AREAMI":42,"MAX_AREAMI":42,"MIN_PERKM":135,"MAX_PERKM":135,"MIN_PERMI":84,"MAX_PERMI":84,"MIN_BBXMIN":111.2,"MAX_BBXMIN":111.2,"MIN_BBXMAX":111.375,"MAX_BBXMAX":111.375,"MIN_BBYMIN":23.325,"MAX_BBYMIN":23.325,"MIN_BBYMAX":23.516667,"MAX_BBYMAX":23.516667,"MEAN_BBXC":111.268157,"MEAN_BBYC":23.450517,"TIMEZONE":"Asia/Chongqing","UN_FID":0,"POP1950":0,"POP1955":0,"POP1960":0,"POP1965":0,"POP1970":0,"POP1975":0,"POP1980":0,"POP1985":0,"POP1990":0,"POP1995":0,"POP2000":0,"POP2005":0,"POP2010":0,"POP2015":0,"POP2020":0,"POP2025":0,"POP2050":0,"MIN_ZOOM":5.6,"WIKIDATAID":"Q571652","WOF_ID":102027045,"CAPALT":0,"NAME_EN":"Wuzhou","NAME_DE":"Wuzhou","NAME_ES":"Wuzhou","NAME_FR":"Wuzhou","NAME_PT":"Wuzhou","NAME_RU":"Учжоу","NAME_ZH":"梧州","LABEL":null,"NAME_AR":"واتشو","NAME_BN":"উচৌ","NAME_EL":"Γουτσόου","NAME_HI":"वूज़ू","NAME_HU":"Wuzhou","NAME_ID":"Wuzhou","NAME_IT":"Wuzhou","NAME_JA":"梧州市","NAME_KO":"우저우시","NAME_NL":"Wuzhou","NAME_PL":"Wuzhou","NAME_SV":"Wuzhou","NAME_TR":"Wuzhou","NAME_VI":"Ngô Châu","NE_ID":1159149785,"NAME_FA":"واژو","NAME_HE":"ווזואו","NAME_UK":"Учжоу","NAME_UR":"ووژوو","NAME_ZHT":"梧州市","GEONAMESID":1790840,"FCLASS_ISO":null,"FCLASS_US":null,"FCLASS_FR":null,"FCLASS_RU":null,"FCLASS_ES":null,"FCLASS_CN":null,"FCLASS_TW":null,"FCLASS_IN":null,"FCLASS_NP":null,"FCLASS_PK":null,"FCLASS_DE":null,"FCLASS_GB":null,"FCLASS_BR":null,"FCLASS_IL":null,"FCLASS_PS":null,"FCLASS_SA":null,"FCLASS_EG":null,"FCLASS_MA":null,"FCLASS_PT":null,"FCLASS_AR":null,"FCLASS_JP":null,"FCLASS_KO":null,"FCLASS_VN":null,"FCLASS_TR":null,"FCLASS_ID":null,"FCLASS_PL":null,"FCLASS_GR":null,"FCLASS_IT":null,"FCLASS_NL":null,"FCLASS_SE":null,"FCLASS_BD":null,"FCLASS_UA":null,"FCLASS_TLC":null},"bbox":[111.320016,23.480025,111.320016,23.480025],"geometry":{"type":"Point","coordinates":[111.320016,23.480025]}},{"type":"Feature","properties":{"SCALERANK":4,"NATSCALE":50,"LABELRANK":1,"FEATURECLA":"Populated place","NAME":"Liupanshui","NAMEPAR":null,"NAMEALT":"Lupanshui","NAMEASCII":"Liupanshui","ADM0CAP":0,"CAPIN":null,"WORLDCITY":0,"MEGACITY":0,"SOV0NAME":"China","SOV_A3":"CHN","ADM0NAME":"China","ADM0_A3":"CHN","ADM1NAME":"Guizhou","ISO_A2":"CN","NOTE":null,"LATITUDE":26.596381,"LONGITUDE":104.831386,"POP_MAX":1221000,"POP_MIN":551512,"POP_OTHER":538534,"RANK_MAX":12,"RANK_MIN":11,"MEGANAME":"Liupanshui","LS_NAME":"Lupanshui","MAX_POP10":551512,"MAX_POP20":551512,"MAX_POP50":551512,"MAX_POP300":0,"MAX_POP310":0,"MAX_NATSCA":50,"MIN_AREAKM":300,"MAX_AREAKM":300,"MIN_AREAMI":116,"MAX_AREAMI":116,"MIN_PERKM":317,"MAX_PERKM":317,"MIN_PERMI":197,"MAX_PERMI":197,"MIN_BBXMIN":104.716667,"MAX_BBXMIN":104.716667,"MIN_BBXMAX":105.291667,"MAX_BBXMAX":105.291667,"MIN_BBYMIN":26.275,"MAX_BBYMIN":26.275,"MIN_BBYMAX":26.666667,"MAX_BBYMAX":26.666667,"MEAN_BBXC":105.010838,"MEAN_BBYC":26.506234,"TIMEZONE":null,"UN_FID":78,"POP1950":405,"POP1955":443,"POP1960":484,"POP1965":530,"POP1970":579,"POP1975":633,"POP1980":692,"POP1985":757,"POP1990":827,"POP1995":905,"POP2000":989,"POP2005":1149,"POP2010":1221,"POP2015":1329,"POP2020":1493,"POP2025":1632,"POP2050":1745,"MIN_ZOOM":5.6,"WIKIDATAID":"Q485918","WOF_ID":1141909225,"CAPALT":0,"NAME_EN":"Liupanshui","NAME_DE":"Liupanshui","NAME_ES":"Liupanshui","NAME_FR":"Liupanshui","NAME_PT":"Liupanshui","NAME_RU":"Люпаньшуй","NAME_ZH":"六盘水","LABEL":null,"NAME_AR":"ليوبانشيو","NAME_BN":"লিউফানশুয়েই","NAME_EL":"Λιοουπανσουέι","NAME_HI":"लिउपांशुई","NAME_HU":"Liupanshui","NAME_ID":"Liupanshui","NAME_IT":"Liupanshui","NAME_JA":"六盤水市","NAME_KO":"류판수이시","NAME_NL":"Liupanshui","NAME_PL":"Liupanshui","NAME_SV":"Liupanshui","NAME_TR":"Liupanshui","NAME_VI":"Lục Bàn Thủy","NE_ID":1159149787,"NAME_FA":"لیوپانشای","NAME_HE":"ליופאנשוי","NAME_UK":"Люпаньшуй","NAME_UR":"لیوپانشوئی","NAME_ZHT":"六盤水市","GEONAMESID":-1123,"FCLASS_ISO":null,"FCLASS_US":null,"FCLASS_FR":null,"FCLASS_RU":null,"FCLASS_ES":null,"FCLASS_CN":null,"FCLASS_TW":null,"FCLASS_IN":null,"FCLASS_NP":null,"FCLASS_PK":null,"FCLASS_DE":null,"FCLASS_GB":null,"FCLASS_BR":null,"FCLASS_IL":null,"FCLASS_PS":null,"FCLASS_SA":null,"FCLASS_EG":null,"FCLASS_MA":null,"FCLASS_PT":null,"FCLASS_AR":null,"FCLASS_JP":null,"FCLASS_KO":null,"FCLASS_VN":null,"FCLASS_TR":null,"FCLASS_ID":null,"FCLASS_PL":null,"FCLASS_GR":null,"FCLASS_IT":null,"FCLASS_NL":null,"FCLASS_SE":null,"FCLASS_BD":null,"FCLASS_UA":null,"FCLASS_TLC":null},"bbox":[104.831386,26.596381,104.831386,26.596381],"geometry":{"type":"Point","coordinates":[104.831386,26.596381]}},{"type":"Feature","properties":{"SCALERANK":4,"NATSCALE":50,"LABELRANK":1,"FEATURECLA":"Populated place","NAME":"Quanzhou","NAMEPAR":null,"NAMEALT":null,"NAMEASCII":"Quanzhou","ADM0CAP":0,"CAPIN":null,"WORLDCITY":0,"MEGACITY":1,"SOV0NAME":"China","SOV_A3":"CHN","ADM0NAME":"China","ADM0_A3":"CHN","ADM1NAME":"Fujian","ISO_A2":"CN","NOTE":null,"LATITUDE":24.901962,"LONGITUDE":118.578041,"POP_MAX":1463000,"POP_MIN":184143,"POP_OTHER":5270543,"RANK_MAX":12,"RANK_MIN":9,"MEGANAME":"Quanzhou","LS_NAME":"Quanzhou","MAX_POP10":5278982,"MAX_POP20":5278982,"MAX_POP50":5827003,"MAX_POP300":0,"MAX_POP310":0,"MAX_NATSCA":50,"MIN_AREAKM":1669,"MAX_AREAKM":1978,"MIN_AREAMI":644,"MAX_AREAMI":764,"MIN_PERKM":1353,"MAX_PERKM":1661,"MIN_PERMI":841,"MAX_PERMI":1032,"MIN_BBXMIN":118.083333,"MAX_BBXMIN":118.316667,"MIN_BBXMAX":118.983333,"MAX_BBXMAX":118.983333,"MIN_BBYMIN":24.525,"MAX_BBYMIN":24.525,"MIN_BBYMAX":25.191667,"MAX_BBYMAX":25.191667,"MEAN_BBXC":118.569702,"MEAN_BBYC":24.843966,"TIMEZONE":"Asia/Shanghai","UN_FID":97,"POP1950":219,"POP1955":242,"POP1960":267,"POP1965":294,"POP1970":324,"POP1975":358,"POP1980":395,"POP1985":435,"POP1990":480,"POP1995":745,"POP2000":1158,"POP2005":1377,"POP2010":1463,"POP2015":1592,"POP2020":1787,"POP2025":1950,"POP2050":2083,"MIN_ZOOM":5.6,"WIKIDATAID":"Q68695","WOF_ID":102027215,"CAPALT":0,"NAME_EN":"Quanzhou","NAME_DE":"Quanzhou","NAME_ES":"Quanzhou","NAME_FR":"Quanzhou","NAME_PT":"Quanzhou","NAME_RU":"Цюаньчжоу","NAME_ZH":"泉州","LABEL":null,"NAME_AR":"تشوانتشو","NAME_BN":"ছুয়ানচৌ","NAME_EL":"Τσουάντζοου","NAME_HI":"चिनझोऊ","NAME_HU":"Quanzhou","NAME_ID":"Quanzhou","NAME_IT":"Quanzhou","NAME_JA":"泉州市","NAME_KO":"취안저우시","NAME_NL":"Quanzhou","NAME_PL":"Quanzhou","NAME_SV":"Quanzhou","NAME_TR":"Quanzhou","NAME_VI":"Tuyền Châu","NE_ID":1159149791,"NAME_FA":"کوانژو","NAME_HE":"קוואנז'ו","NAME_UK":"Цюаньчжоу","NAME_UR":"چوانژو","NAME_ZHT":"泉州市","GEONAMESID":1797353,"FCLASS_ISO":null,"FCLASS_US":null,"FCLASS_FR":null,"FCLASS_RU":null,"FCLASS_ES":null,"FCLASS_CN":null,"FCLASS_TW":null,"FCLASS_IN":null,"FCLASS_NP":null,"FCLASS_PK":null,"FCLASS_DE":null,"FCLASS_GB":null,"FCLASS_BR":null,"FCLASS_IL":null,"FCLASS_PS":null,"FCLASS_SA":null,"FCLASS_EG":null,"FCLASS_MA":null,"FCLASS_PT":null,"FCLASS_AR":null,"FCLASS_JP":null,"FCLASS_KO":null,"FCLASS_VN":null,"FCLASS_TR":null,"FCLASS_ID":null,"FCLASS_PL":null,"FCLASS_GR":null,"FCLASS_IT":null,"FCLASS_NL":null,"FCLASS_SE":null,"FCLASS_BD":null,"FCLASS_UA":null,"FCLASS_TLC":null},"bbox":[118.578041,24.901962,118.578041,24.901962],"geometry":{"type":"Point","coordinates":[118.578041,24.901962]}},{"type":"Feature","properties":{"SCALERANK":4,"NATSCALE":50,"LABELRANK":1,"FEATURECLA":"Admin-1 capital","NAME":"Hefei","NAMEPAR":null,"NAMEALT":null,"NAMEASCII":"Hefei","ADM0CAP":0,"CAPIN":null,"WORLDCITY":0,"MEGACITY":1,"SOV0NAME":"China","SOV_A3":"CHN","ADM0NAME":"China","ADM0_A3":"CHN","ADM1NAME":"Anhui","ISO_A2":"CN","NOTE":null,"LATITUDE":31.851977,"LONGITUDE":117.278068,"POP_MAX":2035000,"POP_MIN":1388904,"POP_OTHER":2338961,"RANK_MAX":12,"RANK_MIN":12,"MEGANAME":"Hefei","LS_NAME":"Hefei","MAX_POP10":2599484,"MAX_POP20":2599484,"MAX_POP50":0,"MAX_POP300":0,"MAX_POP310":0,"MAX_NATSCA":20,"MIN_AREAKM":764,"MAX_AREAKM":764,"MIN_AREAMI":295,"MAX_AREAMI":295,"MIN_PERKM":862,"MAX_PERKM":862,"MIN_PERMI":535,"MAX_PERMI":535,"MIN_BBXMIN":117.116667,"MAX_BBXMIN":117.116667,"MIN_BBXMAX":117.879349,"MAX_BBXMAX":117.879349,"MIN_BBYMIN":31.608333,"MAX_BBYMIN":31.608333,"MIN_BBYMAX":32.008333,"MAX_BBYMAX":32.008333,"MEAN_BBXC":117.43189,"MEAN_BBYC":31.832095,"TIMEZONE":"Asia/Shanghai","UN_FID":50,"POP1950":256,"POP1955":308,"POP1960":369,"POP1965":443,"POP1970":531,"POP1975":637,"POP1980":764,"POP1985":917,"POP1990":1100,"POP1995":1342,"POP2000":1637,"POP2005":1916,"POP2010":2035,"POP2015":2214,"POP2020":2480,"POP2025":2700,"POP2050":2878,"MIN_ZOOM":5.6,"WIKIDATAID":"Q185684","WOF_ID":102027561,"CAPALT":0,"NAME_EN":"Hefei","NAME_DE":"Hefei","NAME_ES":"Hefei","NAME_FR":"Hefei","NAME_PT":"Hefei","NAME_RU":"Хэфэй","NAME_ZH":"合肥","LABEL":null,"NAME_AR":"خفي","NAME_BN":"হফেই","NAME_EL":"Χεφέι","NAME_HI":"हेफ़ेई","NAME_HU":"Hefej","NAME_ID":"Hefei","NAME_IT":"Hefei","NAME_JA":"合肥市","NAME_KO":"허페이시","NAME_NL":"Hefei","NAME_PL":"Hefei","NAME_SV":"Hefei","NAME_TR":"Hefei","NAME_VI":"Hợp Phì","NE_ID":1159149793,"NAME_FA":"هفئی","NAME_HE":"חפיי","NAME_UK":"Хефей","NAME_UR":"ہیفئی","NAME_ZHT":"合肥市","GEONAMESID":1808722,"FCLASS_ISO":null,"FCLASS_US":null,"FCLASS_FR":null,"FCLASS_RU":null,"FCLASS_ES":null,"FCLASS_CN":null,"FCLASS_TW":null,"FCLASS_IN":null,"FCLASS_NP":null,"FCLASS_PK":null,"FCLASS_DE":null,"FCLASS_GB":null,"FCLASS_BR":null,"FCLASS_IL":null,"FCLASS_PS":null,"FCLASS_SA":null,"FCLASS_EG":null,"FCLASS_MA":null,"FCLASS_PT":null,"FCLASS_AR":null,"FCLASS_JP":null,"FCLASS_KO":null,"FCLASS_VN":null,"FCLASS_TR":null,"FCLASS_ID":null,"FCLASS_PL":null,"FCLASS_GR":null,"FCLASS_IT":null,"FCLASS_NL":null,"FCLASS_SE":null,"FCLASS_BD":null,"FCLASS_UA":null,"FCLASS_TLC":null},"bbox":[117.278068,31.851977,117.278068,31.851977],"geometry":{"type":"Point","coordinates":[117.278068,31.851977]}},{"type":"Feature","properties":{"SCALERANK":4,"NATSCALE":50,"LABELRANK":1,"FEATURECLA":"Populated place","NAME":"Suzhou","NAMEPAR":null,"NAMEALT":"Suzhou, Anhui","NAMEASCII":"Suzhou","ADM0CAP":0,"CAPIN":null,"WORLDCITY":0,"MEGACITY":1,"SOV0NAME":"China","SOV_A3":"CHN","ADM0NAME":"China","ADM0_A3":"CHN","ADM1NAME":"Anhui","ISO_A2":"CN","NOTE":"1","LATITUDE":33.638057,"LONGITUDE":116.976943,"POP_MAX":1964000,"POP_MIN":1964000,"POP_OTHER":0,"RANK_MAX":12,"RANK_MIN":12,"MEGANAME":"Suzhou, Anhui","LS_NAME":null,"MAX_POP10":0,"MAX_POP20":0,"MAX_POP50":0,"MAX_POP300":0,"MAX_POP310":0,"MAX_NATSCA":0,"MIN_AREAKM":0,"MAX_AREAKM":0,"MIN_AREAMI":0,"MAX_AREAMI":0,"MIN_PERKM":0,"MAX_PERKM":0,"MIN_PERMI":0,"MAX_PERMI":0,"MIN_BBXMIN":0,"MAX_BBXMIN":0,"MIN_BBXMAX":0,"MAX_BBXMAX":0,"MIN_BBYMIN":0,"MAX_BBYMIN":0,"MIN_BBYMAX":0,"MAX_BBYMAX":0,"MEAN_BBXC":0,"MEAN_BBYC":0,"TIMEZONE":"Asia/Shanghai","UN_FID":106,"POP1950":61,"POP1955":73,"POP1960":88,"POP1965":105,"POP1970":125,"POP1975":150,"POP1980":180,"POP1985":215,"POP1990":258,"POP1995":623,"POP2000":1509,"POP2005":1849,"POP2010":1964,"POP2015":2137,"POP2020":2394,"POP2025":2607,"POP2050":2780,"MIN_ZOOM":5.6,"WIKIDATAID":"Q360643","WOF_ID":102027777,"CAPALT":0,"NAME_EN":"Suzhou","NAME_DE":"Suzhou","NAME_ES":"Suzhou","NAME_FR":"Suzhou","NAME_PT":"Sucheu","NAME_RU":"Сучжоу","NAME_ZH":"宿州","LABEL":null,"NAME_AR":"سوزو","NAME_BN":"সুঝাউ","NAME_EL":"Σουτσόου","NAME_HI":"सुज़ू","NAME_HU":"Suzhou","NAME_ID":"Suzhou","NAME_IT":"Suzhou","NAME_JA":"宿州市","NAME_KO":"쑤저우시","NAME_NL":"Suzhou","NAME_PL":"Suzhou","NAME_SV":"Suzhou","NAME_TR":"Suzhou","NAME_VI":"Túc Châu","NE_ID":1159149795,"NAME_FA":"سوجوا","NAME_HE":"סוז'ואו","NAME_UK":"Сучжоу","NAME_UR":"سوژو","NAME_ZHT":"宿州市","GEONAMESID":1793743,"FCLASS_ISO":null,"FCLASS_US":null,"FCLASS_FR":null,"FCLASS_RU":null,"FCLASS_ES":null,"FCLASS_CN":null,"FCLASS_TW":null,"FCLASS_IN":null,"FCLASS_NP":null,"FCLASS_PK":null,"FCLASS_DE":null,"FCLASS_GB":null,"FCLASS_BR":null,"FCLASS_IL":null,"FCLASS_PS":null,"FCLASS_SA":null,"FCLASS_EG":null,"FCLASS_MA":null,"FCLASS_PT":null,"FCLASS_AR":null,"FCLASS_JP":null,"FCLASS_KO":null,"FCLASS_VN":null,"FCLASS_TR":null,"FCLASS_ID":null,"FCLASS_PL":null,"FCLASS_GR":null,"FCLASS_IT":null,"FCLASS_NL":null,"FCLASS_SE":null,"FCLASS_BD":null,"FCLASS_UA":null,"FCLASS_TLC":null},"bbox":[116.976943,33.638057,116.976943,33.638057],"geometry":{"type":"Point","coordinates":[116.976943,33.638057]}},{"type":"Feature","properties":{"SCALERANK":4,"NATSCALE":50,"LABELRANK":1,"FEATURECLA":"Populated place","NAME":"Zhanjiang","NAMEPAR":null,"NAMEALT":null,"NAMEASCII":"Zhanjiang","ADM0CAP":0,"CAPIN":null,"WORLDCITY":0,"MEGACITY":1,"SOV0NAME":"China","SOV_A3":"CHN","ADM0NAME":"China","ADM0_A3":"CHN","ADM1NAME":"Guangdong","ISO_A2":"CN","NOTE":null,"LATITUDE":21.20193,"LONGITUDE":110.378076,"POP_MAX":1590000,"POP_MIN":637790,"POP_OTHER":2179843,"RANK_MAX":12,"RANK_MIN":11,"MEGANAME":"Zhanjiang","LS_NAME":"Zhanjiang","MAX_POP10":1149054,"MAX_POP20":1149054,"MAX_POP50":1179225,"MAX_POP300":0,"MAX_POP310":0,"MAX_NATSCA":50,"MIN_AREAKM":162,"MAX_AREAKM":185,"MIN_AREAMI":63,"MAX_AREAMI":71,"MIN_PERKM":171,"MAX_PERKM":218,"MIN_PERMI":106,"MAX_PERMI":136,"MIN_BBXMIN":110.266667,"MAX_BBXMIN":110.266667,"MIN_BBXMAX":110.425,"MAX_BBXMAX":110.425,"MIN_BBYMIN":21.158333,"MAX_BBYMIN":21.158333,"MIN_BBYMAX":21.366667,"MAX_BBYMAX":21.425,"MEAN_BBXC":110.356842,"MEAN_BBYC":21.27163,"TIMEZONE":"Asia/Chongqing","UN_FID":151,"POP1950":406,"POP1955":457,"POP1960":514,"POP1965":579,"POP1970":652,"POP1975":734,"POP1980":827,"POP1985":931,"POP1990":1049,"POP1995":1185,"POP2000":1340,"POP2005":1514,"POP2010":1590,"POP2015":1709,"POP2020":1903,"POP2025":2076,"POP2050":2216,"MIN_ZOOM":5.6,"WIKIDATAID":"Q59144","WOF_ID":102026911,"CAPALT":0,"NAME_EN":"Zhanjiang","NAME_DE":"Zhanjiang","NAME_ES":"Zhanjiang","NAME_FR":"Zhanjiang","NAME_PT":"Zhanjiang","NAME_RU":"Чжаньцзян","NAME_ZH":"湛江","LABEL":null,"NAME_AR":"زانجيانغ","NAME_BN":"চানচিয়াং","NAME_EL":"Τζαντσιάνγκ","NAME_HI":"जहांजिआंग","NAME_HU":"Zhanjiang","NAME_ID":"Zhanjiang","NAME_IT":"Zhanjiang","NAME_JA":"湛江市","NAME_KO":"잔장시","NAME_NL":"Zhanjiang","NAME_PL":"Zhanjiang","NAME_SV":"Zhanjiang","NAME_TR":"Zhanjiang","NAME_VI":"Trạm Giang","NE_ID":1159149797,"NAME_FA":"ژانژیانگ","NAME_HE":"זאנגג'יאנג","NAME_UK":"Чжаньцзян","NAME_UR":"ژانگجیانگ","NAME_ZHT":"湛江市","GEONAMESID":1784990,"FCLASS_ISO":null,"FCLASS_US":null,"FCLASS_FR":null,"FCLASS_RU":null,"FCLASS_ES":null,"FCLASS_CN":null,"FCLASS_TW":null,"FCLASS_IN":null,"FCLASS_NP":null,"FCLASS_PK":null,"FCLASS_DE":null,"FCLASS_GB":null,"FCLASS_BR":null,"FCLASS_IL":null,"FCLASS_PS":null,"FCLASS_SA":null,"FCLASS_EG":null,"FCLASS_MA":null,"FCLASS_PT":null,"FCLASS_AR":null,"FCLASS_JP":null,"FCLASS_KO":null,"FCLASS_VN":null,"FCLASS_TR":null,"FCLASS_ID":null,"FCLASS_PL":null,"FCLASS_GR":null,"FCLASS_IT":null,"FCLASS_NL":null,"FCLASS_SE":null,"FCLASS_BD":null,"FCLASS_UA":null,"FCLASS_TLC":null},"bbox":[110.378076,21.20193,110.378076,21.20193],"geometry":{"type":"Point","coordinates":[110.378076,21.20193]}},{"type":"Feature","properties":{"SCALERANK":4,"NATSCALE":50,"LABELRANK":1,"FEATURECLA":"Populated place","NAME":"Shaoguan","NAMEPAR":null,"NAMEALT":null,"NAMEASCII":"Shaoguan","ADM0CAP":0,"CAPIN":null,"WORLDCITY":0,"MEGACITY":0,"SOV0NAME":"China","SOV_A3":"CHN","ADM0NAME":"China","ADM0_A3":"CHN","ADM1NAME":"Guangdong","ISO_A2":"CN","NOTE":null,"LATITUDE":24.799971,"LONGITUDE":113.579982,"POP_MAX":720266,"POP_MIN":628749,"POP_OTHER":715347,"RANK_MAX":11,"RANK_MIN":11,"MEGANAME":null,"LS_NAME":"Shaoguan","MAX_POP10":720266,"MAX_POP20":720266,"MAX_POP50":720266,"MAX_POP300":0,"MAX_POP310":0,"MAX_NATSCA":50,"MIN_AREAKM":198,"MAX_AREAKM":198,"MIN_AREAMI":76,"MAX_AREAMI":76,"MIN_PERKM":210,"MAX_PERKM":210,"MIN_PERMI":131,"MAX_PERMI":131,"MIN_BBXMIN":113.5,"MAX_BBXMIN":113.5,"MIN_BBXMAX":113.666667,"MAX_BBXMAX":113.666667,"MIN_BBYMIN":24.65,"MAX_BBYMIN":24.65,"MIN_BBYMAX":24.916667,"MAX_BBYMAX":24.916667,"MEAN_BBXC":113.570965,"MEAN_BBYC":24.77336,"TIMEZONE":"Asia/Chongqing","UN_FID":0,"POP1950":0,"POP1955":0,"POP1960":0,"POP1965":0,"POP1970":0,"POP1975":0,"POP1980":0,"POP1985":0,"POP1990":0,"POP1995":0,"POP2000":0,"POP2005":0,"POP2010":0,"POP2015":0,"POP2020":0,"POP2025":0,"POP2050":0,"MIN_ZOOM":5.1,"WIKIDATAID":"Q59107","WOF_ID":102027171,"CAPALT":0,"NAME_EN":"Shaoguan","NAME_DE":"Shaoguan","NAME_ES":"Shaoguan","NAME_FR":"Shaoguan","NAME_PT":"Shaoguan","NAME_RU":"Шаогуань","NAME_ZH":"韶关","LABEL":null,"NAME_AR":"شاوغوان","NAME_BN":"শাওকুয়ান","NAME_EL":"Σαογκουάν","NAME_HI":"शाओगुआं","NAME_HU":"Shaoguan","NAME_ID":"Shaoguan","NAME_IT":"Shaoguan","NAME_JA":"韶関市","NAME_KO":"사오관시","NAME_NL":"Shaoguan","NAME_PL":"Shaoguan","NAME_SV":"Shaoguan","NAME_TR":"Shaoguan","NAME_VI":"Thiều Quan","NE_ID":1159149799,"NAME_FA":"شاوگوان","NAME_HE":"שאוגואן","NAME_UK":"Шаогуань","NAME_UR":"شاوگوان","NAME_ZHT":"韶關市","GEONAMESID":1795874,"FCLASS_ISO":null,"FCLASS_US":null,"FCLASS_FR":null,"FCLASS_RU":null,"FCLASS_ES":null,"FCLASS_CN":null,"FCLASS_TW":null,"FCLASS_IN":null,"FCLASS_NP":null,"FCLASS_PK":null,"FCLASS_DE":null,"FCLASS_GB":null,"FCLASS_BR":null,"FCLASS_IL":null,"FCLASS_PS":null,"FCLASS_SA":null,"FCLASS_EG":null,"FCLASS_MA":null,"FCLASS_PT":null,"FCLASS_AR":null,"FCLASS_JP":null,"FCLASS_KO":null,"FCLASS_VN":null,"FCLASS_TR":null,"FCLASS_ID":null,"FCLASS_PL":null,"FCLASS_GR":null,"FCLASS_IT":null,"FCLASS_NL":null,"FCLASS_SE":null,"FCLASS_BD":null,"FCLASS_UA":null,"FCLASS_TLC":null},"bbox":[113.579982,24.799971,113.579982,24.799971],"geometry":{"type":"Point","coordinates":[113.579982,24.799971]}},{"type":"Feature","properties":{"SCALERANK":4,"NATSCALE":50,"LABELRANK":1,"FEATURECLA":"Populated place","NAME":"Xigaze","NAMEPAR":null,"NAMEALT":null,"NAMEASCII":"Xigaze","ADM0CAP":0,"CAPIN":null,"WORLDCITY":0,"MEGACITY":0,"SOV0NAME":"China","SOV_A3":"CHN","ADM0NAME":"China","ADM0_A3":"CHN","ADM1NAME":"Xizang","ISO_A2":"CN","NOTE":null,"LATITUDE":29.250009,"LONGITUDE":88.88335,"POP_MAX":80000,"POP_MIN":38629,"POP_OTHER":0,"RANK_MAX":8,"RANK_MIN":7,"MEGANAME":null,"LS_NAME":"Xigaze","MAX_POP10":38629,"MAX_POP20":38629,"MAX_POP50":38629,"MAX_POP300":0,"MAX_POP310":0,"MAX_NATSCA":50,"MIN_AREAKM":11,"MAX_AREAKM":11,"MIN_AREAMI":4,"MAX_AREAMI":4,"MIN_PERKM":20,"MAX_PERKM":20,"MIN_PERMI":13,"MAX_PERMI":13,"MIN_BBXMIN":88.858333,"MAX_BBXMIN":88.858333,"MIN_BBXMAX":88.891667,"MAX_BBXMAX":88.891667,"MIN_BBYMIN":29.233333,"MAX_BBYMIN":29.233333,"MIN_BBYMAX":29.291667,"MAX_BBYMAX":29.291667,"MEAN_BBXC":88.875278,"MEAN_BBYC":29.264722,"TIMEZONE":"Asia/Urumqi","UN_FID":0,"POP1950":0,"POP1955":0,"POP1960":0,"POP1965":0,"POP1970":0,"POP1975":0,"POP1980":0,"POP1985":0,"POP1990":0,"POP1995":0,"POP2000":0,"POP2005":0,"POP2010":0,"POP2015":0,"POP2020":0,"POP2025":0,"POP2050":0,"MIN_ZOOM":5,"WIKIDATAID":"Q1211183","WOF_ID":102026787,"CAPALT":0,"NAME_EN":"Xigazê","NAME_DE":"Xigazê","NAME_ES":"Shigatse","NAME_FR":"ville-préfecture de Xigazê","NAME_PT":"Xigazê","NAME_RU":"Шигадзе","NAME_ZH":"日喀则","LABEL":null,"NAME_AR":"شيغاتسي","NAME_BN":"গ্ঝিস-কা-র্ত্সে বিভাগ","NAME_EL":"Σιγκάτσε","NAME_HI":"शिगात्से विभाग","NAME_HU":"Sigace","NAME_ID":"Shigatse","NAME_IT":"Prefettura di Shigatse","NAME_JA":"シガツェ市","NAME_KO":"르카쩌시","NAME_NL":"Shigatse","NAME_PL":"Xigazê","NAME_SV":"Shigatse","NAME_TR":"Xigazê","NAME_VI":"Xigazê","NE_ID":1159149873,"NAME_FA":"شیگاتسی","NAME_HE":"קסיגזה","NAME_UK":"Шигацзе","NAME_UR":"شینگاتسے","NAME_ZHT":"日喀則市","GEONAMESID":1279715,"FCLASS_ISO":null,"FCLASS_US":null,"FCLASS_FR":null,"FCLASS_RU":null,"FCLASS_ES":null,"FCLASS_CN":null,"FCLASS_TW":null,"FCLASS_IN":null,"FCLASS_NP":null,"FCLASS_PK":null,"FCLASS_DE":null,"FCLASS_GB":null,"FCLASS_BR":null,"FCLASS_IL":null,"FCLASS_PS":null,"FCLASS_SA":null,"FCLASS_EG":null,"FCLASS_MA":null,"FCLASS_PT":null,"FCLASS_AR":null,"FCLASS_JP":null,"FCLASS_KO":null,"FCLASS_VN":null,"FCLASS_TR":null,"FCLASS_ID":null,"FCLASS_PL":null,"FCLASS_GR":null,"FCLASS_IT":null,"FCLASS_NL":null,"FCLASS_SE":null,"FCLASS_BD":null,"FCLASS_UA":null,"FCLASS_TLC":null},"bbox":[88.88335,29.250009,88.88335,29.250009],"geometry":{"type":"Point","coordinates":[88.88335,29.250009]}},{"type":"Feature","properties":{"SCALERANK":4,"NATSCALE":50,"LABELRANK":1,"FEATURECLA":"Populated place","NAME":"Shache","NAMEPAR":null,"NAMEALT":null,"NAMEASCII":"Shache","ADM0CAP":0,"CAPIN":null,"WORLDCITY":0,"MEGACITY":0,"SOV0NAME":"China","SOV_A3":"CHN","ADM0NAME":"China","ADM0_A3":"CHN","ADM1NAME":"Xinjiang Uygur","ISO_A2":"CN","NOTE":null,"LATITUDE":38.426142,"LONGITUDE":77.250003,"POP_MAX":851374,"POP_MIN":191291,"POP_OTHER":191291,"RANK_MAX":11,"RANK_MIN":9,"MEGANAME":null,"LS_NAME":"Shache","MAX_POP10":191433,"MAX_POP20":191433,"MAX_POP50":191433,"MAX_POP300":0,"MAX_POP310":0,"MAX_NATSCA":50,"MIN_AREAKM":38,"MAX_AREAKM":38,"MIN_AREAMI":15,"MAX_AREAMI":15,"MIN_PERKM":49,"MAX_PERKM":49,"MIN_PERMI":31,"MAX_PERMI":31,"MIN_BBXMIN":77.208333,"MAX_BBXMIN":77.208333,"MIN_BBXMAX":77.3,"MAX_BBXMAX":77.3,"MIN_BBYMIN":38.383333,"MAX_BBYMIN":38.383333,"MIN_BBYMAX":38.466667,"MAX_BBYMAX":38.466667,"MEAN_BBXC":77.254911,"MEAN_BBYC":38.423065,"TIMEZONE":"Asia/Kashgar","UN_FID":0,"POP1950":0,"POP1955":0,"POP1960":0,"POP1965":0,"POP1970":0,"POP1975":0,"POP1980":0,"POP1985":0,"POP1990":0,"POP1995":0,"POP2000":0,"POP2005":0,"POP2010":0,"POP2015":0,"POP2020":0,"POP2025":0,"POP2050":0,"MIN_ZOOM":5.6,"WIKIDATAID":"Q857618","WOF_ID":890513533,"CAPALT":0,"NAME_EN":"Yarkant County","NAME_DE":"Yarkant","NAME_ES":"Yarkanda","NAME_FR":"Xian de Yarkand","NAME_PT":"Yarkand","NAME_RU":"Яркенд","NAME_ZH":"莎车县","LABEL":null,"NAME_AR":"ياركند","NAME_BN":"শাচে","NAME_EL":"Σάτσε","NAME_HI":"यारकन्द ज़िला","NAME_HU":"Shache","NAME_ID":"Yarkand","NAME_IT":"Yarkant","NAME_JA":"ヤルカンド県","NAME_KO":"야르칸드현","NAME_NL":"Yarkand","NAME_PL":"Shache","NAME_SV":"Yarkant","NAME_TR":"Yarkent İlçesi","NAME_VI":"Yarkand","NE_ID":1159149875,"NAME_FA":"یارکند","NAME_HE":"שאש","NAME_UK":"Яркенд","NAME_UR":"یارکانت کاؤنٹی","NAME_ZHT":"莎車縣","GEONAMESID":1280037,"FCLASS_ISO":null,"FCLASS_US":null,"FCLASS_FR":null,"FCLASS_RU":null,"FCLASS_ES":null,"FCLASS_CN":null,"FCLASS_TW":null,"FCLASS_IN":null,"FCLASS_NP":null,"FCLASS_PK":null,"FCLASS_DE":null,"FCLASS_GB":null,"FCLASS_BR":null,"FCLASS_IL":null,"FCLASS_PS":null,"FCLASS_SA":null,"FCLASS_EG":null,"FCLASS_MA":null,"FCLASS_PT":null,"FCLASS_AR":null,"FCLASS_JP":null,"FCLASS_KO":null,"FCLASS_VN":null,"FCLASS_TR":null,"FCLASS_ID":null,"FCLASS_PL":null,"FCLASS_GR":null,"FCLASS_IT":null,"FCLASS_NL":null,"FCLASS_SE":null,"FCLASS_BD":null,"FCLASS_UA":null,"FCLASS_TLC":null},"bbox":[77.250003,38.426142,77.250003,38.426142],"geometry":{"type":"Point","coordinates":[77.250003,38.426142]}},{"type":"Feature","properties":{"SCALERANK":4,"NATSCALE":50,"LABELRANK":1,"FEATURECLA":"Populated place","NAME":"Yining","NAMEPAR":null,"NAMEALT":null,"NAMEASCII":"Yining","ADM0CAP":0,"CAPIN":null,"WORLDCITY":0,"MEGACITY":0,"SOV0NAME":"China","SOV_A3":"CHN","ADM0NAME":"China","ADM0_A3":"CHN","ADM1NAME":"Xinjiang Uygur","ISO_A2":"CN","NOTE":null,"LATITUDE":43.900019,"LONGITUDE":81.350011,"POP_MAX":542507,"POP_MIN":403489,"POP_OTHER":385821,"RANK_MAX":11,"RANK_MIN":10,"MEGANAME":null,"LS_NAME":"Yining","MAX_POP10":403489,"MAX_POP20":403489,"MAX_POP50":403489,"MAX_POP300":0,"MAX_POP310":0,"MAX_NATSCA":50,"MIN_AREAKM":102,"MAX_AREAKM":102,"MIN_AREAMI":39,"MAX_AREAMI":39,"MIN_PERKM":130,"MAX_PERKM":130,"MIN_PERMI":81,"MAX_PERMI":81,"MIN_BBXMIN":81.233333,"MAX_BBXMIN":81.233333,"MIN_BBXMAX":81.425,"MAX_BBXMAX":81.425,"MIN_BBYMIN":43.875,"MAX_BBYMIN":43.875,"MIN_BBYMAX":44.016667,"MAX_BBYMAX":44.016667,"MEAN_BBXC":81.325203,"MEAN_BBYC":43.936941,"TIMEZONE":null,"UN_FID":0,"POP1950":0,"POP1955":0,"POP1960":0,"POP1965":0,"POP1970":0,"POP1975":0,"POP1980":0,"POP1985":0,"POP1990":0,"POP1995":0,"POP2000":0,"POP2005":0,"POP2010":0,"POP2015":0,"POP2020":0,"POP2025":0,"POP2050":0,"MIN_ZOOM":5.1,"WIKIDATAID":"Q866021","WOF_ID":1141909243,"CAPALT":0,"NAME_EN":"Yining City","NAME_DE":"Gulja","NAME_ES":"Gulja","NAME_FR":"Yining","NAME_PT":"Kuldja","NAME_RU":"Кульджа","NAME_ZH":"伊宁","LABEL":null,"NAME_AR":"ينينغ","NAME_BN":"ইনিং শহর","NAME_EL":"Γινίνγκ","NAME_HI":"यीनिंग सिटी","NAME_HU":"Jining","NAME_ID":"Yining City","NAME_IT":"Yining","NAME_JA":"グルジャ市","NAME_KO":"이닝시","NAME_NL":"Yining","NAME_PL":"Yining","NAME_SV":"Yining","NAME_TR":"Gulca","NAME_VI":"Y Ninh","NE_ID":1159149877,"NAME_FA":"قولجه","NAME_HE":"יינינג","NAME_UK":"Кульджа","NAME_UR":"یننگ کتے","NAME_ZHT":"伊寧市","GEONAMESID":8563527,"FCLASS_ISO":null,"FCLASS_US":null,"FCLASS_FR":null,"FCLASS_RU":null,"FCLASS_ES":null,"FCLASS_CN":null,"FCLASS_TW":null,"FCLASS_IN":null,"FCLASS_NP":null,"FCLASS_PK":null,"FCLASS_DE":null,"FCLASS_GB":null,"FCLASS_BR":null,"FCLASS_IL":null,"FCLASS_PS":null,"FCLASS_SA":null,"FCLASS_EG":null,"FCLASS_MA":null,"FCLASS_PT":null,"FCLASS_AR":null,"FCLASS_JP":null,"FCLASS_KO":null,"FCLASS_VN":null,"FCLASS_TR":null,"FCLASS_ID":null,"FCLASS_PL":null,"FCLASS_GR":null,"FCLASS_IT":null,"FCLASS_NL":null,"FCLASS_SE":null,"FCLASS_BD":null,"FCLASS_UA":null,"FCLASS_TLC":null},"bbox":[81.350011,43.900019,81.350011,43.900019],"geometry":{"type":"Point","coordinates":[81.350011,43.900019]}},{"type":"Feature","properties":{"SCALERANK":4,"NATSCALE":50,"LABELRANK":1,"FEATURECLA":"Populated place","NAME":"Shizuishan","NAMEPAR":null,"NAMEALT":null,"NAMEASCII":"Shizuishan","ADM0CAP":0,"CAPIN":null,"WORLDCITY":0,"MEGACITY":0,"SOV0NAME":"China","SOV_A3":"CHN","ADM0NAME":"China","ADM0_A3":"CHN","ADM1NAME":"Ningxia Hui","ISO_A2":"CN","NOTE":null,"LATITUDE":39.233276,"LONGITUDE":106.769028,"POP_MAX":136570,"POP_MIN":83078,"POP_OTHER":82297,"RANK_MAX":9,"RANK_MIN":8,"MEGANAME":null,"LS_NAME":"Shizuishan","MAX_POP10":83078,"MAX_POP20":83078,"MAX_POP50":83078,"MAX_POP300":0,"MAX_POP310":0,"MAX_NATSCA":50,"MIN_AREAKM":11,"MAX_AREAKM":11,"MIN_AREAMI":4,"MAX_AREAMI":4,"MIN_PERKM":20,"MAX_PERKM":20,"MIN_PERMI":12,"MAX_PERMI":12,"MIN_BBXMIN":106.75,"MAX_BBXMIN":106.75,"MIN_BBXMAX":106.791667,"MAX_BBXMAX":106.791667,"MIN_BBYMIN":39.216667,"MAX_BBYMIN":39.216667,"MIN_BBYMAX":39.266667,"MAX_BBYMAX":39.266667,"MEAN_BBXC":106.770313,"MEAN_BBYC":39.239063,"TIMEZONE":"Asia/Chongqing","UN_FID":0,"POP1950":0,"POP1955":0,"POP1960":0,"POP1965":0,"POP1970":0,"POP1975":0,"POP1980":0,"POP1985":0,"POP1990":0,"POP1995":0,"POP2000":0,"POP2005":0,"POP2010":0,"POP2015":0,"POP2020":0,"POP2025":0,"POP2050":0,"MIN_ZOOM":5.6,"WIKIDATAID":"Q604385","WOF_ID":890516261,"CAPALT":0,"NAME_EN":"Shizuishan","NAME_DE":"Shizuishan","NAME_ES":"Shizuishan","NAME_FR":"Shizuishan","NAME_PT":"Shizuishan","NAME_RU":"Шицзуйшань","NAME_ZH":"石嘴山","LABEL":null,"NAME_AR":"شيزويشان","NAME_BN":"শিচুইসান","NAME_EL":"Σιζουισάν","NAME_HI":"शिज़ुईशान","NAME_HU":"Sicujsan","NAME_ID":"Shizuishan","NAME_IT":"Shizuishan","NAME_JA":"石嘴山市","NAME_KO":"스쭈이산시","NAME_NL":"Shizuishan","NAME_PL":"Shizuishan","NAME_SV":"Shizuishan","NAME_TR":"Shizuishan","NAME_VI":"Thạch Chủy Sơn","NE_ID":1159149885,"NAME_FA":"شیزویشان","NAME_HE":"שיזוישן","NAME_UK":"Шицзуйшань","NAME_UR":"شیزوئشان","NAME_ZHT":"石嘴山市","GEONAMESID":1794806,"FCLASS_ISO":null,"FCLASS_US":null,"FCLASS_FR":null,"FCLASS_RU":null,"FCLASS_ES":null,"FCLASS_CN":null,"FCLASS_TW":null,"FCLASS_IN":null,"FCLASS_NP":null,"FCLASS_PK":null,"FCLASS_DE":null,"FCLASS_GB":null,"FCLASS_BR":null,"FCLASS_IL":null,"FCLASS_PS":null,"FCLASS_SA":null,"FCLASS_EG":null,"FCLASS_MA":null,"FCLASS_PT":null,"FCLASS_AR":null,"FCLASS_JP":null,"FCLASS_KO":null,"FCLASS_VN":null,"FCLASS_TR":null,"FCLASS_ID":null,"FCLASS_PL":null,"FCLASS_GR":null,"FCLASS_IT":null,"FCLASS_NL":null,"FCLASS_SE":null,"FCLASS_BD":null,"FCLASS_UA":null,"FCLASS_TLC":null},"bbox":[106.769028,39.233276,106.769028,39.233276],"geometry":{"type":"Point","coordinates":[106.769028,39.233276]}},{"type":"Feature","properties":{"SCALERANK":4,"NATSCALE":50,"LABELRANK":1,"FEATURECLA":"Populated place","NAME":"Yulin","NAMEPAR":null,"NAMEALT":null,"NAMEASCII":"Yulin","ADM0CAP":0,"CAPIN":null,"WORLDCITY":0,"MEGACITY":0,"SOV0NAME":"China","SOV_A3":"CHN","ADM0NAME":"China","ADM0_A3":"CHN","ADM1NAME":"Shaanxi","ISO_A2":"CN","NOTE":null,"LATITUDE":38.283308,"LONGITUDE":109.733291,"POP_MAX":155960,"POP_MIN":90870,"POP_OTHER":2026159,"RANK_MAX":9,"RANK_MIN":8,"MEGANAME":null,"LS_NAME":"Yulin2","MAX_POP10":155960,"MAX_POP20":155960,"MAX_POP50":155960,"MAX_POP300":0,"MAX_POP310":0,"MAX_NATSCA":50,"MIN_AREAKM":41,"MAX_AREAKM":41,"MIN_AREAMI":16,"MAX_AREAMI":16,"MIN_PERKM":49,"MAX_PERKM":49,"MIN_PERMI":31,"MAX_PERMI":31,"MIN_BBXMIN":109.7,"MAX_BBXMIN":109.7,"MIN_BBXMAX":109.783333,"MAX_BBXMAX":109.783333,"MIN_BBYMIN":38.208333,"MAX_BBYMIN":38.208333,"MIN_BBYMAX":38.333333,"MAX_BBYMAX":38.333333,"MEAN_BBXC":109.74679,"MEAN_BBYC":38.278893,"TIMEZONE":"Asia/Chongqing","UN_FID":0,"POP1950":0,"POP1955":0,"POP1960":0,"POP1965":0,"POP1970":0,"POP1975":0,"POP1980":0,"POP1985":0,"POP1990":0,"POP1995":0,"POP2000":0,"POP2005":0,"POP2010":0,"POP2015":0,"POP2020":0,"POP2025":0,"POP2050":0,"MIN_ZOOM":5.6,"WIKIDATAID":"Q515712","WOF_ID":102026939,"CAPALT":0,"NAME_EN":"Yulin","NAME_DE":"Yulin","NAME_ES":"Yulin","NAME_FR":"Yulin","NAME_PT":"Yulin","NAME_RU":"Юйлинь","NAME_ZH":"榆林","LABEL":null,"NAME_AR":"يولين","NAME_BN":"ইউলিন","NAME_EL":"Γιουλίν","NAME_HI":"युलिन","NAME_HU":"Jülin","NAME_ID":"Yulin","NAME_IT":"Yulin","NAME_JA":"楡林市","NAME_KO":"위린시","NAME_NL":"Yulin","NAME_PL":"Yulin","NAME_SV":"Yulin","NAME_TR":"Yulin","NAME_VI":"Du Lâm","NE_ID":1159149887,"NAME_FA":"یولین","NAME_HE":"יולין","NAME_UK":"Юйлінь","NAME_UR":"یلن","NAME_ZHT":"榆林市","GEONAMESID":1785777,"FCLASS_ISO":null,"FCLASS_US":null,"FCLASS_FR":null,"FCLASS_RU":null,"FCLASS_ES":null,"FCLASS_CN":null,"FCLASS_TW":null,"FCLASS_IN":null,"FCLASS_NP":null,"FCLASS_PK":null,"FCLASS_DE":null,"FCLASS_GB":null,"FCLASS_BR":null,"FCLASS_IL":null,"FCLASS_PS":null,"FCLASS_SA":null,"FCLASS_EG":null,"FCLASS_MA":null,"FCLASS_PT":null,"FCLASS_AR":null,"FCLASS_JP":null,"FCLASS_KO":null,"FCLASS_VN":null,"FCLASS_TR":null,"FCLASS_ID":null,"FCLASS_PL":null,"FCLASS_GR":null,"FCLASS_IT":null,"FCLASS_NL":null,"FCLASS_SE":null,"FCLASS_BD":null,"FCLASS_UA":null,"FCLASS_TLC":null},"bbox":[109.733291,38.283308,109.733291,38.283308],"geometry":{"type":"Point","coordinates":[109.733291,38.283308]}},{"type":"Feature","properties":{"SCALERANK":4,"NATSCALE":50,"LABELRANK":1,"FEATURECLA":"Populated place","NAME":"Ankang","NAMEPAR":null,"NAMEALT":null,"NAMEASCII":"Ankang","ADM0CAP":0,"CAPIN":null,"WORLDCITY":0,"MEGACITY":0,"SOV0NAME":"China","SOV_A3":"CHN","ADM0NAME":"China","ADM0_A3":"CHN","ADM1NAME":"Shaanxi","ISO_A2":"CN","NOTE":null,"LATITUDE":32.679981,"LONGITUDE":109.020002,"POP_MAX":1100000,"POP_MIN":950000,"POP_OTHER":758163,"RANK_MAX":12,"RANK_MIN":11,"MEGANAME":null,"LS_NAME":"Ankang","MAX_POP10":763683,"MAX_POP20":763683,"MAX_POP50":763683,"MAX_POP300":0,"MAX_POP310":0,"MAX_NATSCA":50,"MIN_AREAKM":597,"MAX_AREAKM":597,"MIN_AREAMI":231,"MAX_AREAMI":231,"MIN_PERKM":446,"MAX_PERKM":446,"MIN_PERMI":277,"MAX_PERMI":277,"MIN_BBXMIN":108.258333,"MAX_BBXMIN":108.258333,"MIN_BBXMAX":109.141667,"MAX_BBXMAX":109.141667,"MIN_BBYMIN":32.591667,"MAX_BBYMIN":32.591667,"MIN_BBYMAX":33.008333,"MAX_BBYMAX":33.008333,"MEAN_BBXC":108.791063,"MEAN_BBYC":32.784833,"TIMEZONE":"Asia/Chongqing","UN_FID":0,"POP1950":0,"POP1955":0,"POP1960":0,"POP1965":0,"POP1970":0,"POP1975":0,"POP1980":0,"POP1985":0,"POP1990":0,"POP1995":0,"POP2000":0,"POP2005":0,"POP2010":0,"POP2015":0,"POP2020":0,"POP2025":0,"POP2050":0,"MIN_ZOOM":5.6,"WIKIDATAID":"Q515846","WOF_ID":102027011,"CAPALT":0,"NAME_EN":"Ankang","NAME_DE":"Ankang","NAME_ES":"Ankang","NAME_FR":"Ankang","NAME_PT":"Ankang","NAME_RU":"Анькан","NAME_ZH":"安康","LABEL":null,"NAME_AR":"آنكانغ","NAME_BN":"আঙ্কান","NAME_EL":"Ανκάνγκ","NAME_HI":"अंकांग","NAME_HU":"Ankang","NAME_ID":"Ankang","NAME_IT":"Ankang","NAME_JA":"安康市","NAME_KO":"안캉시","NAME_NL":"Ankang","NAME_PL":"Ankang","NAME_SV":"Ankang","NAME_TR":"Ankang","NAME_VI":"An Khang","NE_ID":1159149889,"NAME_FA":"آنکانگ","NAME_HE":"אנקאנג","NAME_UK":"Анькан","NAME_UR":"انکانگ","NAME_ZHT":"安康市","GEONAMESID":1789065,"FCLASS_ISO":null,"FCLASS_US":null,"FCLASS_FR":null,"FCLASS_RU":null,"FCLASS_ES":null,"FCLASS_CN":null,"FCLASS_TW":null,"FCLASS_IN":null,"FCLASS_NP":null,"FCLASS_PK":null,"FCLASS_DE":null,"FCLASS_GB":null,"FCLASS_BR":null,"FCLASS_IL":null,"FCLASS_PS":null,"FCLASS_SA":null,"FCLASS_EG":null,"FCLASS_MA":null,"FCLASS_PT":null,"FCLASS_AR":null,"FCLASS_JP":null,"FCLASS_KO":null,"FCLASS_VN":null,"FCLASS_TR":null,"FCLASS_ID":null,"FCLASS_PL":null,"FCLASS_GR":null,"FCLASS_IT":null,"FCLASS_NL":null,"FCLASS_SE":null,"FCLASS_BD":null,"FCLASS_UA":null,"FCLASS_TLC":null},"bbox":[109.020002,32.679981,109.020002,32.679981],"geometry":{"type":"Point","coordinates":[109.020002,32.679981]}},{"type":"Feature","properties":{"SCALERANK":4,"NATSCALE":50,"LABELRANK":1,"FEATURECLA":"Populated place","NAME":"Houma","NAMEPAR":null,"NAMEALT":null,"NAMEASCII":"Houma","ADM0CAP":0,"CAPIN":null,"WORLDCITY":0,"MEGACITY":0,"SOV0NAME":"China","SOV_A3":"CHN","ADM0NAME":"China","ADM0_A3":"CHN","ADM1NAME":"Shanxi","ISO_A2":"CN","NOTE":null,"LATITUDE":35.619982,"LONGITUDE":111.209997,"POP_MAX":102400,"POP_MIN":102400,"POP_OTHER":64592,"RANK_MAX":9,"RANK_MIN":9,"MEGANAME":null,"LS_NAME":"Houma2","MAX_POP10":743006,"MAX_POP20":743006,"MAX_POP50":745759,"MAX_POP300":0,"MAX_POP310":0,"MAX_NATSCA":50,"MIN_AREAKM":526,"MAX_AREAKM":530,"MIN_AREAMI":203,"MAX_AREAMI":205,"MIN_PERKM":763,"MAX_PERKM":774,"MIN_PERMI":474,"MAX_PERMI":481,"MIN_BBXMIN":111.025,"MAX_BBXMIN":111.025,"MIN_BBXMAX":111.683333,"MAX_BBXMAX":111.683333,"MIN_BBYMIN":35.4,"MAX_BBYMIN":35.4,"MIN_BBYMAX":35.775,"MAX_BBYMAX":35.775,"MEAN_BBXC":111.310588,"MEAN_BBYC":35.628988,"TIMEZONE":null,"UN_FID":0,"POP1950":0,"POP1955":0,"POP1960":0,"POP1965":0,"POP1970":0,"POP1975":0,"POP1980":0,"POP1985":0,"POP1990":0,"POP1995":0,"POP2000":0,"POP2005":0,"POP2010":0,"POP2015":0,"POP2020":0,"POP2025":0,"POP2050":0,"MIN_ZOOM":5.1,"WIKIDATAID":"Q975264","WOF_ID":1141909247,"CAPALT":0,"NAME_EN":"Houma","NAME_DE":"Houma","NAME_ES":"Houma","NAME_FR":"Houma","NAME_PT":"Houma","NAME_RU":"Хоума","NAME_ZH":"侯马","LABEL":null,"NAME_AR":"هوما","NAME_BN":"হুমা","NAME_EL":"Χούμα","NAME_HI":"होउमा","NAME_HU":"Houma","NAME_ID":"Houma","NAME_IT":"Houma","NAME_JA":"侯馬市","NAME_KO":"허우마시","NAME_NL":"Houma","NAME_PL":"Houma","NAME_SV":"Houma","NAME_TR":"Houma","NAME_VI":"Hầu Mã","NE_ID":1159149891,"NAME_FA":"هوما","NAME_HE":"חומה","NAME_UK":"Хоума","NAME_UR":"ہووما","NAME_ZHT":"侯马市","GEONAMESID":-1,"FCLASS_ISO":null,"FCLASS_US":null,"FCLASS_FR":null,"FCLASS_RU":null,"FCLASS_ES":null,"FCLASS_CN":null,"FCLASS_TW":null,"FCLASS_IN":null,"FCLASS_NP":null,"FCLASS_PK":null,"FCLASS_DE":null,"FCLASS_GB":null,"FCLASS_BR":null,"FCLASS_IL":null,"FCLASS_PS":null,"FCLASS_SA":null,"FCLASS_EG":null,"FCLASS_MA":null,"FCLASS_PT":null,"FCLASS_AR":null,"FCLASS_JP":null,"FCLASS_KO":null,"FCLASS_VN":null,"FCLASS_TR":null,"FCLASS_ID":null,"FCLASS_PL":null,"FCLASS_GR":null,"FCLASS_IT":null,"FCLASS_NL":null,"FCLASS_SE":null,"FCLASS_BD":null,"FCLASS_UA":null,"FCLASS_TLC":null},"bbox":[111.209997,35.619982,111.209997,35.619982],"geometry":{"type":"Point","coordinates":[111.209997,35.619982]}},{"type":"Feature","properties":{"SCALERANK":4,"NATSCALE":50,"LABELRANK":1,"FEATURECLA":"Populated place","NAME":"Yueyang","NAMEPAR":null,"NAMEALT":null,"NAMEASCII":"Yueyang","ADM0CAP":0,"CAPIN":null,"WORLDCITY":0,"MEGACITY":1,"SOV0NAME":"China","SOV_A3":"CHN","ADM0NAME":"China","ADM0_A3":"CHN","ADM1NAME":"Hunan","ISO_A2":"CN","NOTE":null,"LATITUDE":29.381999,"LONGITUDE":113.098065,"POP_MAX":826000,"POP_MIN":826000,"POP_OTHER":1551807,"RANK_MAX":11,"RANK_MIN":11,"MEGANAME":"Yueyang","LS_NAME":"Yueyang","MAX_POP10":1365374,"MAX_POP20":1365374,"MAX_POP50":1367919,"MAX_POP300":0,"MAX_POP310":0,"MAX_NATSCA":50,"MIN_AREAKM":744,"MAX_AREAKM":749,"MIN_AREAMI":287,"MAX_AREAMI":289,"MIN_PERKM":833,"MAX_PERKM":844,"MIN_PERMI":517,"MAX_PERMI":525,"MIN_BBXMIN":113.025,"MAX_BBXMIN":113.025,"MIN_BBXMAX":113.52271,"MAX_BBXMAX":113.558333,"MIN_BBYMIN":28.916667,"MAX_BBYMIN":28.916667,"MIN_BBYMAX":29.591667,"MAX_BBYMAX":29.591667,"MEAN_BBXC":113.263341,"MEAN_BBYC":29.285414,"TIMEZONE":null,"UN_FID":147,"POP1950":673,"POP1955":713,"POP1960":757,"POP1965":803,"POP1970":851,"POP1975":903,"POP1980":958,"POP1985":1016,"POP1990":1078,"POP1995":995,"POP2000":918,"POP2005":847,"POP2010":826,"POP2015":821,"POP2020":879,"POP2025":961,"POP2050":1032,"MIN_ZOOM":5.6,"WIKIDATAID":"Q151958","WOF_ID":102027827,"CAPALT":0,"NAME_EN":"Yueyang","NAME_DE":"Yueyang","NAME_ES":"Yueyang","NAME_FR":"Yueyang","NAME_PT":"Yueyang","NAME_RU":"Юэян","NAME_ZH":"岳阳","LABEL":null,"NAME_AR":"يوييانغ","NAME_BN":"ইউয়েইয়াং","NAME_EL":"Γιουέγιανγκ","NAME_HI":"युएयांग","NAME_HU":"Jüejang","NAME_ID":"Yueyang","NAME_IT":"Yueyang","NAME_JA":"岳陽市","NAME_KO":"웨양시","NAME_NL":"Yueyang","NAME_PL":"Yueyang","NAME_SV":"Yueyang","NAME_TR":"Yueyang","NAME_VI":"Nhạc Dương","NE_ID":1159149893,"NAME_FA":"یویونگ","NAME_HE":"יואיאנג","NAME_UK":"Юеян","NAME_UR":"یوئیانگ","NAME_ZHT":"岳陽市","GEONAMESID":1785884,"FCLASS_ISO":null,"FCLASS_US":null,"FCLASS_FR":null,"FCLASS_RU":null,"FCLASS_ES":null,"FCLASS_CN":null,"FCLASS_TW":null,"FCLASS_IN":null,"FCLASS_NP":null,"FCLASS_PK":null,"FCLASS_DE":null,"FCLASS_GB":null,"FCLASS_BR":null,"FCLASS_IL":null,"FCLASS_PS":null,"FCLASS_SA":null,"FCLASS_EG":null,"FCLASS_MA":null,"FCLASS_PT":null,"FCLASS_AR":null,"FCLASS_JP":null,"FCLASS_KO":null,"FCLASS_VN":null,"FCLASS_TR":null,"FCLASS_ID":null,"FCLASS_PL":null,"FCLASS_GR":null,"FCLASS_IT":null,"FCLASS_NL":null,"FCLASS_SE":null,"FCLASS_BD":null,"FCLASS_UA":null,"FCLASS_TLC":null},"bbox":[113.098065,29.381999,113.098065,29.381999],"geometry":{"type":"Point","coordinates":[113.098065,29.381999]}},{"type":"Feature","properties":{"SCALERANK":4,"NATSCALE":50,"LABELRANK":1,"FEATURECLA":"Populated place","NAME":"Hengyang","NAMEPAR":null,"NAMEALT":null,"NAMEASCII":"Hengyang","ADM0CAP":0,"CAPIN":null,"WORLDCITY":0,"MEGACITY":1,"SOV0NAME":"China","SOV_A3":"CHN","ADM0NAME":"China","ADM0_A3":"CHN","ADM1NAME":"Hunan","ISO_A2":"CN","NOTE":null,"LATITUDE":26.881971,"LONGITUDE":112.58807,"POP_MAX":1016000,"POP_MIN":759602,"POP_OTHER":956033,"RANK_MAX":12,"RANK_MIN":11,"MEGANAME":"Hengyang","LS_NAME":"Hengyang","MAX_POP10":1746457,"MAX_POP20":1746457,"MAX_POP50":1746457,"MAX_POP300":0,"MAX_POP310":0,"MAX_NATSCA":50,"MIN_AREAKM":938,"MAX_AREAKM":938,"MIN_AREAMI":362,"MAX_AREAMI":362,"MIN_PERKM":692,"MAX_PERKM":692,"MIN_PERMI":430,"MAX_PERMI":430,"MIN_BBXMIN":112.075,"MAX_BBXMIN":112.075,"MIN_BBXMAX":112.725,"MAX_BBXMAX":112.725,"MIN_BBYMIN":26.783333,"MAX_BBYMIN":26.783333,"MIN_BBYMAX":27.258333,"MAX_BBYMAX":27.258333,"MEAN_BBXC":112.41991,"MEAN_BBYC":27.013878,"TIMEZONE":"Asia/Chongqing","UN_FID":51,"POP1950":167,"POP1955":200,"POP1960":239,"POP1965":286,"POP1970":343,"POP1975":410,"POP1980":491,"POP1985":587,"POP1990":702,"POP1995":783,"POP2000":873,"POP2005":973,"POP2010":1016,"POP2015":1087,"POP2020":1210,"POP2025":1324,"POP2050":1418,"MIN_ZOOM":5.6,"WIKIDATAID":"Q144663","WOF_ID":102027553,"CAPALT":0,"NAME_EN":"Hengyang","NAME_DE":"Hengyang","NAME_ES":"Hengyang","NAME_FR":"Hengyang","NAME_PT":"Hengyang","NAME_RU":"Хэнъян","NAME_ZH":"衡阳","LABEL":null,"NAME_AR":"هنغيانغ","NAME_BN":"হেংইয়াং","NAME_EL":"Χενγκγιάνγκ","NAME_HI":"हेंगयांग","NAME_HU":"Hengjang","NAME_ID":"Hengyang","NAME_IT":"Hengyang","NAME_JA":"衡陽市","NAME_KO":"헝양시","NAME_NL":"Hengyang","NAME_PL":"Hengyang","NAME_SV":"Hengyang","NAME_TR":"Hengyang","NAME_VI":"Hành Dương","NE_ID":1159149895,"NAME_FA":"هنگیانگ","NAME_HE":"הנגיאנג","NAME_UK":"Хен'ян","NAME_UR":"ہینگیانگ","NAME_ZHT":"衡陽市","GEONAMESID":1808370,"FCLASS_ISO":null,"FCLASS_US":null,"FCLASS_FR":null,"FCLASS_RU":null,"FCLASS_ES":null,"FCLASS_CN":null,"FCLASS_TW":null,"FCLASS_IN":null,"FCLASS_NP":null,"FCLASS_PK":null,"FCLASS_DE":null,"FCLASS_GB":null,"FCLASS_BR":null,"FCLASS_IL":null,"FCLASS_PS":null,"FCLASS_SA":null,"FCLASS_EG":null,"FCLASS_MA":null,"FCLASS_PT":null,"FCLASS_AR":null,"FCLASS_JP":null,"FCLASS_KO":null,"FCLASS_VN":null,"FCLASS_TR":null,"FCLASS_ID":null,"FCLASS_PL":null,"FCLASS_GR":null,"FCLASS_IT":null,"FCLASS_NL":null,"FCLASS_SE":null,"FCLASS_BD":null,"FCLASS_UA":null,"FCLASS_TLC":null},"bbox":[112.58807,26.881971,112.58807,26.881971],"geometry":{"type":"Point","coordinates":[112.58807,26.881971]}},{"type":"Feature","properties":{"SCALERANK":4,"NATSCALE":50,"LABELRANK":1,"FEATURECLA":"Populated place","NAME":"Mianyang","NAMEPAR":null,"NAMEALT":"Mianyang, Sichuan","NAMEASCII":"Mianyang","ADM0CAP":0,"CAPIN":null,"WORLDCITY":0,"MEGACITY":1,"SOV0NAME":"China","SOV_A3":"CHN","ADM0NAME":"China","ADM0_A3":"CHN","ADM1NAME":"Sichuan","ISO_A2":"CN","NOTE":null,"LATITUDE":31.471923,"LONGITUDE":104.768031,"POP_MAX":1396000,"POP_MIN":264136,"POP_OTHER":3805334,"RANK_MAX":12,"RANK_MIN":10,"MEGANAME":"Mianyang, Sichuan","LS_NAME":"Mianyang","MAX_POP10":4025278,"MAX_POP20":6397980,"MAX_POP50":13558307,"MAX_POP300":0,"MAX_POP310":0,"MAX_NATSCA":50,"MIN_AREAKM":5177,"MAX_AREAKM":16542,"MIN_AREAMI":1999,"MAX_AREAMI":6387,"MIN_PERKM":3108,"MAX_PERKM":12481,"MIN_PERMI":1931,"MAX_PERMI":7755,"MIN_BBXMIN":104.109507,"MAX_BBXMIN":104.321112,"MIN_BBXMAX":105.400677,"MAX_BBXMAX":106.925,"MIN_BBYMIN":30.23092,"MAX_BBYMIN":30.733333,"MIN_BBYMAX":32.033333,"MAX_BBYMAX":32.3,"MEAN_BBXC":105.028791,"MEAN_BBYC":31.34406,"TIMEZONE":"Asia/Chongqing","UN_FID":82,"POP1950":479,"POP1955":517,"POP1960":557,"POP1965":601,"POP1970":648,"POP1975":699,"POP1980":753,"POP1985":812,"POP1990":876,"POP1995":1004,"POP2000":1152,"POP2005":1322,"POP2010":1396,"POP2015":1509,"POP2020":1688,"POP2025":1842,"POP2050":1969,"MIN_ZOOM":5.6,"WIKIDATAID":"Q426130","WOF_ID":102027309,"CAPALT":0,"NAME_EN":"Mianyang","NAME_DE":"Mianyang","NAME_ES":"Mianyang","NAME_FR":"Mianyang","NAME_PT":"Mianyang","NAME_RU":"Мяньян","NAME_ZH":"绵阳","LABEL":null,"NAME_AR":"ميانيانغ","NAME_BN":"মিয়াানইয়াং","NAME_EL":"Μιάνγιανγκ","NAME_HI":"मिआनयांग","NAME_HU":"Mienjang","NAME_ID":"Mianyang","NAME_IT":"Mianyang","NAME_JA":"綿陽市","NAME_KO":"몐양시","NAME_NL":"Mianyang","NAME_PL":"Mianyang","NAME_SV":"Mianyang","NAME_TR":"Mianyang","NAME_VI":"Miên Dương","NE_ID":1159149899,"NAME_FA":"میانیانگ","NAME_HE":"מיאניאנג","NAME_UK":"Мяньян","NAME_UR":"میانیانگ","NAME_ZHT":"綿陽市","GEONAMESID":1800627,"FCLASS_ISO":null,"FCLASS_US":null,"FCLASS_FR":null,"FCLASS_RU":null,"FCLASS_ES":null,"FCLASS_CN":null,"FCLASS_TW":null,"FCLASS_IN":null,"FCLASS_NP":null,"FCLASS_PK":null,"FCLASS_DE":null,"FCLASS_GB":null,"FCLASS_BR":null,"FCLASS_IL":null,"FCLASS_PS":null,"FCLASS_SA":null,"FCLASS_EG":null,"FCLASS_MA":null,"FCLASS_PT":null,"FCLASS_AR":null,"FCLASS_JP":null,"FCLASS_KO":null,"FCLASS_VN":null,"FCLASS_TR":null,"FCLASS_ID":null,"FCLASS_PL":null,"FCLASS_GR":null,"FCLASS_IT":null,"FCLASS_NL":null,"FCLASS_SE":null,"FCLASS_BD":null,"FCLASS_UA":null,"FCLASS_TLC":null},"bbox":[104.689993,31.464828,104.689993,31.464828],"geometry":{"type":"Point","coordinates":[104.689993,31.464828]}},{"type":"Feature","properties":{"SCALERANK":4,"NATSCALE":50,"LABELRANK":1,"FEATURECLA":"Populated place","NAME":"Xichang","NAMEPAR":null,"NAMEALT":null,"NAMEASCII":"Xichang","ADM0CAP":0,"CAPIN":null,"WORLDCITY":0,"MEGACITY":0,"SOV0NAME":"China","SOV_A3":"CHN","ADM0NAME":"China","ADM0_A3":"CHN","ADM1NAME":"Sichuan","ISO_A2":"CN","NOTE":null,"LATITUDE":27.880015,"LONGITUDE":102.299998,"POP_MAX":379993,"POP_MIN":126787,"POP_OTHER":379195,"RANK_MAX":10,"RANK_MIN":9,"MEGANAME":null,"LS_NAME":"Xichang","MAX_POP10":379993,"MAX_POP20":379993,"MAX_POP50":0,"MAX_POP300":0,"MAX_POP310":0,"MAX_NATSCA":20,"MIN_AREAKM":130,"MAX_AREAKM":130,"MIN_AREAMI":50,"MAX_AREAMI":50,"MIN_PERKM":149,"MAX_PERKM":149,"MIN_PERMI":93,"MAX_PERMI":93,"MIN_BBXMIN":102.158333,"MAX_BBXMIN":102.158333,"MIN_BBXMAX":102.333333,"MAX_BBXMAX":102.333333,"MIN_BBYMIN":27.791667,"MAX_BBYMIN":27.791667,"MIN_BBYMAX":27.991667,"MAX_BBYMAX":27.991667,"MEAN_BBXC":102.22556,"MEAN_BBYC":27.890765,"TIMEZONE":"Asia/Chongqing","UN_FID":0,"POP1950":0,"POP1955":0,"POP1960":0,"POP1965":0,"POP1970":0,"POP1975":0,"POP1980":0,"POP1985":0,"POP1990":0,"POP1995":0,"POP2000":0,"POP2005":0,"POP2010":0,"POP2015":0,"POP2020":0,"POP2025":0,"POP2050":0,"MIN_ZOOM":5,"WIKIDATAID":"Q224603","WOF_ID":102027021,"CAPALT":0,"NAME_EN":"Xichang","NAME_DE":"Xichang","NAME_ES":"Xichang","NAME_FR":"Xichang","NAME_PT":"Xichang","NAME_RU":"Сичан","NAME_ZH":"西昌","LABEL":null,"NAME_AR":"شيتشانغ","NAME_BN":"জিচেং","NAME_EL":"Ξιντσάνγκ","NAME_HI":"ज़िचेंग","NAME_HU":"Hszicsang","NAME_ID":"Xichang","NAME_IT":"Xichang","NAME_JA":"西昌市","NAME_KO":"시창시","NAME_NL":"Xichang","NAME_PL":"Xichang","NAME_SV":"Xichang","NAME_TR":"Xichang","NAME_VI":"Tây Xương","NE_ID":1159149901,"NAME_FA":"شیچانگ","NAME_HE":"קסיצ'אנג","NAME_UK":"Січан","NAME_UR":"شیکچانگ","NAME_ZHT":"西昌市","GEONAMESID":1789647,"FCLASS_ISO":null,"FCLASS_US":null,"FCLASS_FR":null,"FCLASS_RU":null,"FCLASS_ES":null,"FCLASS_CN":null,"FCLASS_TW":null,"FCLASS_IN":null,"FCLASS_NP":null,"FCLASS_PK":null,"FCLASS_DE":null,"FCLASS_GB":null,"FCLASS_BR":null,"FCLASS_IL":null,"FCLASS_PS":null,"FCLASS_SA":null,"FCLASS_EG":null,"FCLASS_MA":null,"FCLASS_PT":null,"FCLASS_AR":null,"FCLASS_JP":null,"FCLASS_KO":null,"FCLASS_VN":null,"FCLASS_TR":null,"FCLASS_ID":null,"FCLASS_PL":null,"FCLASS_GR":null,"FCLASS_IT":null,"FCLASS_NL":null,"FCLASS_SE":null,"FCLASS_BD":null,"FCLASS_UA":null,"FCLASS_TLC":null},"bbox":[102.299998,27.880015,102.299998,27.880015],"geometry":{"type":"Point","coordinates":[102.299998,27.880015]}},{"type":"Feature","properties":{"SCALERANK":4,"NATSCALE":50,"LABELRANK":1,"FEATURECLA":"Populated place","NAME":"Baoshan","NAMEPAR":null,"NAMEALT":null,"NAMEASCII":"Baoshan","ADM0CAP":0,"CAPIN":null,"WORLDCITY":0,"MEGACITY":0,"SOV0NAME":"China","SOV_A3":"CHN","ADM0NAME":"China","ADM0_A3":"CHN","ADM1NAME":"Yunnan","ISO_A2":"CN","NOTE":null,"LATITUDE":25.119977,"LONGITUDE":99.15001,"POP_MAX":1000000,"POP_MIN":850000,"POP_OTHER":455494,"RANK_MAX":11,"RANK_MIN":11,"MEGANAME":null,"LS_NAME":"Baoshan","MAX_POP10":455970,"MAX_POP20":455970,"MAX_POP50":455970,"MAX_POP300":0,"MAX_POP310":0,"MAX_NATSCA":50,"MIN_AREAKM":158,"MAX_AREAKM":158,"MIN_AREAMI":61,"MAX_AREAMI":61,"MIN_PERKM":149,"MAX_PERKM":149,"MIN_PERMI":92,"MAX_PERMI":92,"MIN_BBXMIN":99.133333,"MAX_BBXMIN":99.133333,"MIN_BBXMAX":99.258333,"MAX_BBXMAX":99.258333,"MIN_BBYMIN":25,"MAX_BBYMIN":25,"MIN_BBYMAX":25.258333,"MAX_BBYMAX":25.258333,"MEAN_BBXC":99.197018,"MEAN_BBYC":25.119567,"TIMEZONE":null,"UN_FID":0,"POP1950":0,"POP1955":0,"POP1960":0,"POP1965":0,"POP1970":0,"POP1975":0,"POP1980":0,"POP1985":0,"POP1990":0,"POP1995":0,"POP2000":0,"POP2005":0,"POP2010":0,"POP2015":0,"POP2020":0,"POP2025":0,"POP2050":0,"MIN_ZOOM":5.6,"WIKIDATAID":"Q496576","WOF_ID":1141909251,"CAPALT":0,"NAME_EN":"Baoshan","NAME_DE":"Baoshan","NAME_ES":"Baoshan","NAME_FR":"Baoshan","NAME_PT":"Baoshan","NAME_RU":"Баошань","NAME_ZH":"保山","LABEL":null,"NAME_AR":"بواشان","NAME_BN":"পাওশান","NAME_EL":"Μπαοσάν","NAME_HI":"बाओशान","NAME_HU":"Paosan","NAME_ID":"Baoshan","NAME_IT":"Baoshan","NAME_JA":"保山市","NAME_KO":"바오산시","NAME_NL":"Baoshan","NAME_PL":"Baoshan","NAME_SV":"Baoshan","NAME_TR":"Baoshan","NAME_VI":"Bảo Sơn","NE_ID":1159149903,"NAME_FA":"باوشان","NAME_HE":"באושאן","NAME_UK":"Баошань","NAME_UR":"باوشان","NAME_ZHT":"保山市","GEONAMESID":-1,"FCLASS_ISO":null,"FCLASS_US":null,"FCLASS_FR":null,"FCLASS_RU":null,"FCLASS_ES":null,"FCLASS_CN":null,"FCLASS_TW":null,"FCLASS_IN":null,"FCLASS_NP":null,"FCLASS_PK":null,"FCLASS_DE":null,"FCLASS_GB":null,"FCLASS_BR":null,"FCLASS_IL":null,"FCLASS_PS":null,"FCLASS_SA":null,"FCLASS_EG":null,"FCLASS_MA":null,"FCLASS_PT":null,"FCLASS_AR":null,"FCLASS_JP":null,"FCLASS_KO":null,"FCLASS_VN":null,"FCLASS_TR":null,"FCLASS_ID":null,"FCLASS_PL":null,"FCLASS_GR":null,"FCLASS_IT":null,"FCLASS_NL":null,"FCLASS_SE":null,"FCLASS_BD":null,"FCLASS_UA":null,"FCLASS_TLC":null},"bbox":[99.15001,25.119977,99.15001,25.119977],"geometry":{"type":"Point","coordinates":[99.15001,25.119977]}},{"type":"Feature","properties":{"SCALERANK":4,"NATSCALE":50,"LABELRANK":1,"FEATURECLA":"Populated place","NAME":"Gejiu","NAMEPAR":null,"NAMEALT":null,"NAMEASCII":"Gejiu","ADM0CAP":0,"CAPIN":null,"WORLDCITY":0,"MEGACITY":0,"SOV0NAME":"China","SOV_A3":"CHN","ADM0NAME":"China","ADM0_A3":"CHN","ADM1NAME":"Yunnan","ISO_A2":"CN","NOTE":null,"LATITUDE":23.37998,"LONGITUDE":103.150076,"POP_MAX":149105,"POP_MIN":136135,"POP_OTHER":320365,"RANK_MAX":9,"RANK_MIN":9,"MEGANAME":null,"LS_NAME":"Gejiu","MAX_POP10":149105,"MAX_POP20":149105,"MAX_POP50":149105,"MAX_POP300":0,"MAX_POP310":0,"MAX_NATSCA":50,"MIN_AREAKM":22,"MAX_AREAKM":22,"MIN_AREAMI":9,"MAX_AREAMI":9,"MIN_PERKM":28,"MAX_PERKM":28,"MIN_PERMI":18,"MAX_PERMI":18,"MIN_BBXMIN":103.133333,"MAX_BBXMIN":103.133333,"MIN_BBXMAX":103.175,"MAX_BBXMAX":103.175,"MIN_BBYMIN":23.333333,"MAX_BBYMIN":23.333333,"MIN_BBYMAX":23.408333,"MAX_BBYMAX":23.408333,"MEAN_BBXC":103.152679,"MEAN_BBYC":23.368452,"TIMEZONE":"Asia/Chongqing","UN_FID":0,"POP1950":0,"POP1955":0,"POP1960":0,"POP1965":0,"POP1970":0,"POP1975":0,"POP1980":0,"POP1985":0,"POP1990":0,"POP1995":0,"POP2000":0,"POP2005":0,"POP2010":0,"POP2015":0,"POP2020":0,"POP2025":0,"POP2050":0,"MIN_ZOOM":5.1,"WIKIDATAID":"Q1016730","WOF_ID":890516429,"CAPALT":0,"NAME_EN":"Gejiu","NAME_DE":"Gejiu","NAME_ES":"Gejiu","NAME_FR":"Gejiu","NAME_PT":"Gejiu","NAME_RU":"Гэцзю","NAME_ZH":"个旧","LABEL":null,"NAME_AR":"غيجيو","NAME_BN":"কেচিউ","NAME_EL":"Γκέτζιου","NAME_HI":"जीजेयू","NAME_HU":"Gejiu","NAME_ID":"Gejiu","NAME_IT":"Gejiu","NAME_JA":"箇旧市","NAME_KO":"거주시","NAME_NL":"Gejiu","NAME_PL":"Gejiu","NAME_SV":"Gejiu","NAME_TR":"Geiju","NAME_VI":"Cá Cựu","NE_ID":1159149905,"NAME_FA":"گجیو","NAME_HE":"ג'ג'יו","NAME_UK":"Гецзю","NAME_UR":"گیجیو","NAME_ZHT":"箇舊市","GEONAMESID":1810240,"FCLASS_ISO":null,"FCLASS_US":null,"FCLASS_FR":null,"FCLASS_RU":null,"FCLASS_ES":null,"FCLASS_CN":null,"FCLASS_TW":null,"FCLASS_IN":null,"FCLASS_NP":null,"FCLASS_PK":null,"FCLASS_DE":null,"FCLASS_GB":null,"FCLASS_BR":null,"FCLASS_IL":null,"FCLASS_PS":null,"FCLASS_SA":null,"FCLASS_EG":null,"FCLASS_MA":null,"FCLASS_PT":null,"FCLASS_AR":null,"FCLASS_JP":null,"FCLASS_KO":null,"FCLASS_VN":null,"FCLASS_TR":null,"FCLASS_ID":null,"FCLASS_PL":null,"FCLASS_GR":null,"FCLASS_IT":null,"FCLASS_NL":null,"FCLASS_SE":null,"FCLASS_BD":null,"FCLASS_UA":null,"FCLASS_TLC":null},"bbox":[103.150076,23.37998,103.150076,23.37998],"geometry":{"type":"Point","coordinates":[103.150076,23.37998]}},{"type":"Feature","properties":{"SCALERANK":4,"NATSCALE":50,"LABELRANK":1,"FEATURECLA":"Admin-1 capital","NAME":"Shijiazhuang","NAMEPAR":null,"NAMEALT":"Shijianzhuang","NAMEASCII":"Shijiazhuang","ADM0CAP":0,"CAPIN":null,"WORLDCITY":0,"MEGACITY":1,"SOV0NAME":"China","SOV_A3":"CHN","ADM0NAME":"China","ADM0_A3":"CHN","ADM1NAME":"Hebei","ISO_A2":"CN","NOTE":null,"LATITUDE":38.051961,"LONGITUDE":114.478033,"POP_MAX":2417000,"POP_MIN":1992474,"POP_OTHER":5330611,"RANK_MAX":12,"RANK_MIN":12,"MEGANAME":"Shijiazhuang","LS_NAME":"Shijianzhuang","MAX_POP10":5758891,"MAX_POP20":5764207,"MAX_POP50":15632167,"MAX_POP300":0,"MAX_POP310":0,"MAX_NATSCA":50,"MIN_AREAKM":3722,"MAX_AREAKM":12080,"MIN_AREAMI":1437,"MAX_AREAMI":4664,"MIN_PERKM":2746,"MAX_PERKM":10479,"MIN_PERMI":1706,"MAX_PERMI":6511,"MIN_BBXMIN":113.908333,"MAX_BBXMIN":113.962661,"MIN_BBXMAX":114.991667,"MAX_BBXMAX":116.054413,"MIN_BBYMIN":37.315012,"MAX_BBYMIN":37.546535,"MIN_BBYMAX":38.616667,"MAX_BBYMAX":39.058333,"MEAN_BBXC":114.710862,"MEAN_BBYC":38.095569,"TIMEZONE":"Asia/Shanghai","UN_FID":104,"POP1950":335,"POP1955":402,"POP1960":481,"POP1965":577,"POP1970":691,"POP1975":828,"POP1980":992,"POP1985":1172,"POP1990":1372,"POP1995":1634,"POP2000":1947,"POP2005":2275,"POP2010":2417,"POP2015":2628,"POP2020":2941,"POP2025":3198,"POP2050":3405,"MIN_ZOOM":5.6,"WIKIDATAID":"Q58401","WOF_ID":102027161,"CAPALT":0,"NAME_EN":"Shijiazhuang","NAME_DE":"Shijiazhuang","NAME_ES":"Shijiazhuang","NAME_FR":"Shijiazhuang","NAME_PT":"Shijiazhuang","NAME_RU":"Шицзячжуан","NAME_ZH":"石家庄","LABEL":null,"NAME_AR":"شيجياتشوانغ","NAME_BN":"শিচিয়াচুয়াং","NAME_EL":"Σιτζιατσουάγκ","NAME_HI":"शिजियाझुआंग","NAME_HU":"Sicsiacsuang","NAME_ID":"Shijiazhuang","NAME_IT":"Shijiazhuang","NAME_JA":"石家荘市","NAME_KO":"스자좡시","NAME_NL":"Shijiazhuang","NAME_PL":"Shijiazhuang","NAME_SV":"Shijiazhuang","NAME_TR":"Shijiazhuang","NAME_VI":"Thạch Gia Trang","NE_ID":1159149907,"NAME_FA":"شیجیاژوانگ","NAME_HE":"שה-ג'יאג'וואנג","NAME_UK":"Шицзячжуан","NAME_UR":"شیجیاژوانگ","NAME_ZHT":"石家莊市","GEONAMESID":1795270,"FCLASS_ISO":null,"FCLASS_US":null,"FCLASS_FR":null,"FCLASS_RU":null,"FCLASS_ES":null,"FCLASS_CN":null,"FCLASS_TW":null,"FCLASS_IN":null,"FCLASS_NP":null,"FCLASS_PK":null,"FCLASS_DE":null,"FCLASS_GB":null,"FCLASS_BR":null,"FCLASS_IL":null,"FCLASS_PS":null,"FCLASS_SA":null,"FCLASS_EG":null,"FCLASS_MA":null,"FCLASS_PT":null,"FCLASS_AR":null,"FCLASS_JP":null,"FCLASS_KO":null,"FCLASS_VN":null,"FCLASS_TR":null,"FCLASS_ID":null,"FCLASS_PL":null,"FCLASS_GR":null,"FCLASS_IT":null,"FCLASS_NL":null,"FCLASS_SE":null,"FCLASS_BD":null,"FCLASS_UA":null,"FCLASS_TLC":null},"bbox":[114.478032,38.05196,114.478032,38.05196],"geometry":{"type":"Point","coordinates":[114.478032,38.05196]}},{"type":"Feature","properties":{"SCALERANK":4,"NATSCALE":50,"LABELRANK":1,"FEATURECLA":"Populated place","NAME":"Handan","NAMEPAR":null,"NAMEALT":null,"NAMEASCII":"Handan","ADM0CAP":0,"CAPIN":null,"WORLDCITY":0,"MEGACITY":1,"SOV0NAME":"China","SOV_A3":"CHN","ADM0NAME":"China","ADM0_A3":"CHN","ADM1NAME":"Hebei","ISO_A2":"CN","NOTE":null,"LATITUDE":36.581921,"LONGITUDE":114.478033,"POP_MAX":1631000,"POP_MIN":1358318,"POP_OTHER":4753535,"RANK_MAX":12,"RANK_MIN":12,"MEGANAME":"Handan","LS_NAME":"Handan","MAX_POP10":5005587,"MAX_POP20":5388297,"MAX_POP50":21199742,"MAX_POP300":0,"MAX_POP310":0,"MAX_NATSCA":50,"MIN_AREAKM":3552,"MAX_AREAKM":17441,"MIN_AREAMI":1372,"MAX_AREAMI":6734,"MIN_PERKM":2888,"MAX_PERKM":16459,"MIN_PERMI":1794,"MAX_PERMI":10227,"MIN_BBXMIN":114.008333,"MAX_BBXMIN":114.008333,"MIN_BBXMAX":115.155019,"MAX_BBXMAX":115.765599,"MIN_BBYMIN":35.275,"MAX_BBYMIN":36.223417,"MIN_BBYMAX":36.816667,"MAX_BBYMAX":37.315012,"MEAN_BBXC":114.716016,"MEAN_BBYC":36.467235,"TIMEZONE":"Asia/Shanghai","UN_FID":48,"POP1950":378,"POP1955":436,"POP1960":503,"POP1965":579,"POP1970":667,"POP1975":769,"POP1980":886,"POP1985":993,"POP1990":1092,"POP1995":1201,"POP2000":1321,"POP2005":1535,"POP2010":1631,"POP2015":1775,"POP2020":1991,"POP2025":2171,"POP2050":2318,"MIN_ZOOM":5.1,"WIKIDATAID":"Q58570","WOF_ID":890515729,"CAPALT":0,"NAME_EN":"Handan","NAME_DE":"Handan","NAME_ES":"Handan","NAME_FR":"Handan","NAME_PT":"Handan","NAME_RU":"Ханьдань","NAME_ZH":"邯郸","LABEL":null,"NAME_AR":"هاندان","NAME_BN":"হানতান","NAME_EL":"Χαντάν","NAME_HI":"हनदान","NAME_HU":"Hantan","NAME_ID":"Handan","NAME_IT":"Handan","NAME_JA":"邯鄲市","NAME_KO":"한단시","NAME_NL":"Handan","NAME_PL":"Handan","NAME_SV":"Handan","NAME_TR":"Handan","NAME_VI":"Hàm Đan","NE_ID":1159149909,"NAME_FA":"هاندان","NAME_HE":"האנדאן","NAME_UK":"Ханьдань","NAME_UR":"ہاندان","NAME_ZHT":"邯鄲市","GEONAMESID":1808963,"FCLASS_ISO":null,"FCLASS_US":null,"FCLASS_FR":null,"FCLASS_RU":null,"FCLASS_ES":null,"FCLASS_CN":null,"FCLASS_TW":null,"FCLASS_IN":null,"FCLASS_NP":null,"FCLASS_PK":null,"FCLASS_DE":null,"FCLASS_GB":null,"FCLASS_BR":null,"FCLASS_IL":null,"FCLASS_PS":null,"FCLASS_SA":null,"FCLASS_EG":null,"FCLASS_MA":null,"FCLASS_PT":null,"FCLASS_AR":null,"FCLASS_JP":null,"FCLASS_KO":null,"FCLASS_VN":null,"FCLASS_TR":null,"FCLASS_ID":null,"FCLASS_PL":null,"FCLASS_GR":null,"FCLASS_IT":null,"FCLASS_NL":null,"FCLASS_SE":null,"FCLASS_BD":null,"FCLASS_UA":null,"FCLASS_TLC":null},"bbox":[114.478032,36.581921,114.478032,36.581921],"geometry":{"type":"Point","coordinates":[114.478032,36.581921]}},{"type":"Feature","properties":{"SCALERANK":4,"NATSCALE":50,"LABELRANK":1,"FEATURECLA":"Populated place","NAME":"Anshan","NAMEPAR":null,"NAMEALT":"Anshan, Liaoning","NAMEASCII":"Anshan","ADM0CAP":0,"CAPIN":null,"WORLDCITY":0,"MEGACITY":1,"SOV0NAME":"China","SOV_A3":"CHN","ADM0NAME":"China","ADM0_A3":"CHN","ADM1NAME":"Liaoning","ISO_A2":"CN","NOTE":null,"LATITUDE":41.116967,"LONGITUDE":122.938085,"POP_MAX":1639000,"POP_MIN":1199275,"POP_OTHER":2129787,"RANK_MAX":12,"RANK_MIN":12,"MEGANAME":"Anshan, Liaoning","LS_NAME":"Anshan","MAX_POP10":1847089,"MAX_POP20":2805584,"MAX_POP50":2860964,"MAX_POP300":0,"MAX_POP310":0,"MAX_NATSCA":50,"MIN_AREAKM":471,"MAX_AREAKM":924,"MIN_AREAMI":182,"MAX_AREAMI":357,"MIN_PERKM":424,"MAX_PERKM":890,"MIN_PERMI":263,"MAX_PERMI":553,"MIN_BBXMIN":122.558333,"MAX_BBXMIN":122.558333,"MIN_BBXMAX":123.133333,"MAX_BBXMAX":123.466667,"MIN_BBYMIN":41.016667,"MAX_BBYMIN":41.016667,"MIN_BBYMAX":41.325,"MAX_BBYMAX":41.391667,"MEAN_BBXC":122.990312,"MEAN_BBYC":41.182634,"TIMEZONE":"Asia/Harbin","UN_FID":19,"POP1950":479,"POP1955":601,"POP1960":753,"POP1965":917,"POP1970":996,"POP1975":1082,"POP1980":1175,"POP1985":1295,"POP1990":1442,"POP1995":1496,"POP2000":1552,"POP2005":1611,"POP2010":1639,"POP2015":1703,"POP2020":1863,"POP2025":2029,"POP2050":2167,"MIN_ZOOM":5.6,"WIKIDATAID":"Q74957","WOF_ID":102027961,"CAPALT":0,"NAME_EN":"Anshan","NAME_DE":"Anshan","NAME_ES":"Anshan","NAME_FR":"Anshan","NAME_PT":"Anshan","NAME_RU":"Аньшань","NAME_ZH":"鞍山","LABEL":null,"NAME_AR":"آنشان","NAME_BN":"আনশান","NAME_EL":"Άνσαν","NAME_HI":"अनशन","NAME_HU":"Ansan","NAME_ID":"Anshan","NAME_IT":"Anshan","NAME_JA":"鞍山市","NAME_KO":"안산시","NAME_NL":"Anshan","NAME_PL":"Anshan","NAME_SV":"Anshan","NAME_TR":"Anshan","NAME_VI":"An Sơn","NE_ID":1159149911,"NAME_FA":"آنشان","NAME_HE":"אנשאן","NAME_UK":"Аньшань","NAME_UR":"انشان","NAME_ZHT":"鞍山市","GEONAMESID":2038632,"FCLASS_ISO":null,"FCLASS_US":null,"FCLASS_FR":null,"FCLASS_RU":null,"FCLASS_ES":null,"FCLASS_CN":null,"FCLASS_TW":null,"FCLASS_IN":null,"FCLASS_NP":null,"FCLASS_PK":null,"FCLASS_DE":null,"FCLASS_GB":null,"FCLASS_BR":null,"FCLASS_IL":null,"FCLASS_PS":null,"FCLASS_SA":null,"FCLASS_EG":null,"FCLASS_MA":null,"FCLASS_PT":null,"FCLASS_AR":null,"FCLASS_JP":null,"FCLASS_KO":null,"FCLASS_VN":null,"FCLASS_TR":null,"FCLASS_ID":null,"FCLASS_PL":null,"FCLASS_GR":null,"FCLASS_IT":null,"FCLASS_NL":null,"FCLASS_SE":null,"FCLASS_BD":null,"FCLASS_UA":null,"FCLASS_TLC":null},"bbox":[122.938085,41.116967,122.938085,41.116967],"geometry":{"type":"Point","coordinates":[122.938085,41.116967]}},{"type":"Feature","properties":{"SCALERANK":4,"NATSCALE":50,"LABELRANK":1,"FEATURECLA":"Populated place","NAME":"Dalian","NAMEPAR":null,"NAMEALT":null,"NAMEASCII":"Dalian","ADM0CAP":0,"CAPIN":null,"WORLDCITY":0,"MEGACITY":1,"SOV0NAME":"China","SOV_A3":"CHN","ADM0NAME":"China","ADM0_A3":"CHN","ADM1NAME":"Liaoning","ISO_A2":"CN","NOTE":null,"LATITUDE":38.924784,"LONGITUDE":121.627885,"POP_MAX":3167000,"POP_MIN":2035307,"POP_OTHER":2009198,"RANK_MAX":12,"RANK_MIN":12,"MEGANAME":"Dalian","LS_NAME":"Dalian","MAX_POP10":2590809,"MAX_POP20":2590809,"MAX_POP50":2590809,"MAX_POP300":0,"MAX_POP310":0,"MAX_NATSCA":50,"MIN_AREAKM":435,"MAX_AREAKM":435,"MIN_AREAMI":168,"MAX_AREAMI":168,"MIN_PERKM":375,"MAX_PERKM":375,"MIN_PERMI":233,"MAX_PERMI":233,"MIN_BBXMIN":121.466667,"MAX_BBXMIN":121.466667,"MIN_BBXMAX":121.9,"MAX_BBXMAX":121.9,"MIN_BBYMIN":38.825,"MAX_BBYMIN":38.825,"MIN_BBYMAX":39.166667,"MAX_BBYMAX":39.166667,"MEAN_BBXC":121.653055,"MEAN_BBYC":38.994542,"TIMEZONE":"Asia/Shanghai","UN_FID":34,"POP1950":678,"POP1955":850,"POP1960":1064,"POP1965":1285,"POP1970":1339,"POP1975":1396,"POP1980":1455,"POP1985":1793,"POP1990":2472,"POP1995":2658,"POP2000":2858,"POP2005":3073,"POP2010":3167,"POP2015":3335,"POP2020":3662,"POP2025":3971,"POP2050":4221,"MIN_ZOOM":5.1,"WIKIDATAID":"Q74881","WOF_ID":102027669,"CAPALT":0,"NAME_EN":"Dalian","NAME_DE":"Dalian","NAME_ES":"Dalian","NAME_FR":"Dalian","NAME_PT":"Dalian","NAME_RU":"Далянь","NAME_ZH":"大连","LABEL":null,"NAME_AR":"داليان","NAME_BN":"তালিয়েন","NAME_EL":"Νταλιάν","NAME_HI":"डालियान","NAME_HU":"Dalian","NAME_ID":"Dalian","NAME_IT":"Dalian","NAME_JA":"大連市","NAME_KO":"다롄시","NAME_NL":"Dalian","NAME_PL":"Dalian","NAME_SV":"Dalian","NAME_TR":"Dalian","NAME_VI":"Đại Liên","NE_ID":1159149913,"NAME_FA":"دالیان","NAME_HE":"דאליין","NAME_UK":"Далянь","NAME_UR":"ڈالیان","NAME_ZHT":"大連市","GEONAMESID":1814087,"FCLASS_ISO":null,"FCLASS_US":null,"FCLASS_FR":null,"FCLASS_RU":null,"FCLASS_ES":null,"FCLASS_CN":null,"FCLASS_TW":null,"FCLASS_IN":null,"FCLASS_NP":null,"FCLASS_PK":null,"FCLASS_DE":null,"FCLASS_GB":null,"FCLASS_BR":null,"FCLASS_IL":null,"FCLASS_PS":null,"FCLASS_SA":null,"FCLASS_EG":null,"FCLASS_MA":null,"FCLASS_PT":null,"FCLASS_AR":null,"FCLASS_JP":null,"FCLASS_KO":null,"FCLASS_VN":null,"FCLASS_TR":null,"FCLASS_ID":null,"FCLASS_PL":null,"FCLASS_GR":null,"FCLASS_IT":null,"FCLASS_NL":null,"FCLASS_SE":null,"FCLASS_BD":null,"FCLASS_UA":null,"FCLASS_TLC":null},"bbox":[121.627885,38.924784,121.627885,38.924784],"geometry":{"type":"Point","coordinates":[121.627885,38.924784]}},{"type":"Feature","properties":{"SCALERANK":4,"NATSCALE":50,"LABELRANK":1,"FEATURECLA":"Populated place","NAME":"Qingdao","NAMEPAR":null,"NAMEALT":null,"NAMEASCII":"Qingdao","ADM0CAP":0,"CAPIN":null,"WORLDCITY":0,"MEGACITY":1,"SOV0NAME":"China","SOV_A3":"CHN","ADM0NAME":"China","ADM0_A3":"CHN","ADM1NAME":"Shandong","ISO_A2":"CN","NOTE":null,"LATITUDE":36.091925,"LONGITUDE":120.328063,"POP_MAX":2866000,"POP_MIN":1642245,"POP_OTHER":3248858,"RANK_MAX":12,"RANK_MIN":12,"MEGANAME":"Qingdao","LS_NAME":"Qingdao","MAX_POP10":3336904,"MAX_POP20":3336904,"MAX_POP50":3847671,"MAX_POP300":0,"MAX_POP310":0,"MAX_NATSCA":50,"MIN_AREAKM":1161,"MAX_AREAKM":1665,"MIN_AREAMI":448,"MAX_AREAMI":643,"MIN_PERKM":984,"MAX_PERKM":1746,"MIN_PERMI":612,"MAX_PERMI":1085,"MIN_BBXMIN":119.916667,"MAX_BBXMIN":119.916667,"MIN_BBXMAX":120.591667,"MAX_BBXMAX":120.741667,"MIN_BBYMIN":36.041667,"MAX_BBYMIN":36.041667,"MIN_BBYMAX":36.566203,"MAX_BBYMAX":36.983333,"MEAN_BBXC":120.31942,"MEAN_BBYC":36.352139,"TIMEZONE":"Asia/Shanghai","UN_FID":94,"POP1950":894,"POP1955":933,"POP1960":973,"POP1965":1016,"POP1970":1060,"POP1975":1106,"POP1980":1154,"POP1985":1460,"POP1990":2102,"POP1995":2381,"POP2000":2698,"POP2005":2817,"POP2010":2866,"POP2015":2977,"POP2020":3246,"POP2025":3521,"POP2050":3746,"MIN_ZOOM":5,"WIKIDATAID":"Q170322","WOF_ID":102027241,"CAPALT":0,"NAME_EN":"Qingdao","NAME_DE":"Qingdao","NAME_ES":"Qingdao","NAME_FR":"Qingdao","NAME_PT":"Qingdao","NAME_RU":"Циндао","NAME_ZH":"青岛","LABEL":null,"NAME_AR":"تشينغداو","NAME_BN":"ছিংতাও","NAME_EL":"Τσινγκτάο","NAME_HI":"चिंगदाओ","NAME_HU":"Csingtao","NAME_ID":"Qingdao","NAME_IT":"Tsingtao","NAME_JA":"青島市","NAME_KO":"칭다오시","NAME_NL":"Qingdao","NAME_PL":"Qingdao","NAME_SV":"Qingdao","NAME_TR":"Qingdao","NAME_VI":"Thanh Đảo","NE_ID":1159149917,"NAME_FA":"چینگدائو","NAME_HE":"צ'ינגדאו","NAME_UK":"Ціндао","NAME_UR":"چنگڈاؤ","NAME_ZHT":"青島市","GEONAMESID":1797929,"FCLASS_ISO":null,"FCLASS_US":null,"FCLASS_FR":null,"FCLASS_RU":null,"FCLASS_ES":null,"FCLASS_CN":null,"FCLASS_TW":null,"FCLASS_IN":null,"FCLASS_NP":null,"FCLASS_PK":null,"FCLASS_DE":null,"FCLASS_GB":null,"FCLASS_BR":null,"FCLASS_IL":null,"FCLASS_PS":null,"FCLASS_SA":null,"FCLASS_EG":null,"FCLASS_MA":null,"FCLASS_PT":null,"FCLASS_AR":null,"FCLASS_JP":null,"FCLASS_KO":null,"FCLASS_VN":null,"FCLASS_TR":null,"FCLASS_ID":null,"FCLASS_PL":null,"FCLASS_GR":null,"FCLASS_IT":null,"FCLASS_NL":null,"FCLASS_SE":null,"FCLASS_BD":null,"FCLASS_UA":null,"FCLASS_TLC":null},"bbox":[120.328063,36.091925,120.328063,36.091925],"geometry":{"type":"Point","coordinates":[120.328063,36.091925]}},{"type":"Feature","properties":{"SCALERANK":4,"NATSCALE":50,"LABELRANK":1,"FEATURECLA":"Populated place","NAME":"Linyi","NAMEPAR":null,"NAMEALT":"Linyi, Shandong","NAMEASCII":"Linyi","ADM0CAP":0,"CAPIN":null,"WORLDCITY":0,"MEGACITY":1,"SOV0NAME":"China","SOV_A3":"CHN","ADM0NAME":"China","ADM0_A3":"CHN","ADM1NAME":"Shandong","ISO_A2":"CN","NOTE":null,"LATITUDE":35.081935,"LONGITUDE":118.32803,"POP_MAX":2082000,"POP_MIN":270669,"POP_OTHER":3843342,"RANK_MAX":12,"RANK_MIN":10,"MEGANAME":"Linyi, Shandong","LS_NAME":"Linyi","MAX_POP10":4076565,"MAX_POP20":4841695,"MAX_POP50":24421904,"MAX_POP300":0,"MAX_POP310":0,"MAX_NATSCA":50,"MIN_AREAKM":3115,"MAX_AREAKM":19669,"MIN_AREAMI":1203,"MAX_AREAMI":7594,"MIN_PERKM":2561,"MAX_PERKM":15310,"MIN_PERMI":1591,"MAX_PERMI":9513,"MIN_BBXMIN":116.408333,"MAX_BBXMIN":117.941667,"MIN_BBXMAX":118.922797,"MAX_BBXMAX":119.475,"MIN_BBYMIN":33.861012,"MAX_BBYMIN":34.720797,"MIN_BBYMAX":35.570956,"MAX_BBYMAX":36.133333,"MEAN_BBXC":118.234958,"MEAN_BBYC":34.988478,"TIMEZONE":"Asia/Shanghai","UN_FID":76,"POP1950":411,"POP1955":492,"POP1960":589,"POP1965":706,"POP1970":845,"POP1975":1013,"POP1980":1213,"POP1985":1453,"POP1990":1740,"POP1995":1834,"POP2000":1932,"POP2005":2035,"POP2010":2082,"POP2015":2177,"POP2020":2385,"POP2025":2594,"POP2050":2765,"MIN_ZOOM":5.6,"WIKIDATAID":"Q373346","WOF_ID":102027371,"CAPALT":0,"NAME_EN":"Linyi","NAME_DE":"Linyi","NAME_ES":"Linyi","NAME_FR":"Linyi","NAME_PT":"Linyi","NAME_RU":"Линьи","NAME_ZH":"临沂","LABEL":null,"NAME_AR":"ليني","NAME_BN":"লিন-ই","NAME_EL":"Λινγί","NAME_HI":"लिन्यी","NAME_HU":"Linji","NAME_ID":"Linyi","NAME_IT":"Linyi","NAME_JA":"臨沂市","NAME_KO":"린이시","NAME_NL":"Linyi","NAME_PL":"Linyi","NAME_SV":"Linyi","NAME_TR":"Linyi","NAME_VI":"Lâm Nghi","NE_ID":1159149919,"NAME_FA":"لینیای","NAME_HE":"ליניי","NAME_UK":"Ліньї","NAME_UR":"لنیی","NAME_ZHT":"臨沂市","GEONAMESID":1803318,"FCLASS_ISO":null,"FCLASS_US":null,"FCLASS_FR":null,"FCLASS_RU":null,"FCLASS_ES":null,"FCLASS_CN":null,"FCLASS_TW":null,"FCLASS_IN":null,"FCLASS_NP":null,"FCLASS_PK":null,"FCLASS_DE":null,"FCLASS_GB":null,"FCLASS_BR":null,"FCLASS_IL":null,"FCLASS_PS":null,"FCLASS_SA":null,"FCLASS_EG":null,"FCLASS_MA":null,"FCLASS_PT":null,"FCLASS_AR":null,"FCLASS_JP":null,"FCLASS_KO":null,"FCLASS_VN":null,"FCLASS_TR":null,"FCLASS_ID":null,"FCLASS_PL":null,"FCLASS_GR":null,"FCLASS_IT":null,"FCLASS_NL":null,"FCLASS_SE":null,"FCLASS_BD":null,"FCLASS_UA":null,"FCLASS_TLC":null},"bbox":[118.32803,35.081935,118.32803,35.081935],"geometry":{"type":"Point","coordinates":[118.32803,35.081935]}},{"type":"Feature","properties":{"SCALERANK":4,"NATSCALE":50,"LABELRANK":1,"FEATURECLA":"Populated place","NAME":"Huaiyin","NAMEPAR":null,"NAMEALT":"Huai'an","NAMEASCII":"Huaiyin","ADM0CAP":0,"CAPIN":null,"WORLDCITY":0,"MEGACITY":1,"SOV0NAME":"China","SOV_A3":"CHN","ADM0NAME":"China","ADM0_A3":"CHN","ADM1NAME":"Jiangsu","ISO_A2":"CN","NOTE":null,"LATITUDE":33.581949,"LONGITUDE":119.028039,"POP_MAX":1264000,"POP_MIN":555230,"POP_OTHER":7069504,"RANK_MAX":12,"RANK_MIN":11,"MEGANAME":"Huai'an","LS_NAME":"Huaiyin","MAX_POP10":6626109,"MAX_POP20":6665957,"MAX_POP50":19272099,"MAX_POP300":0,"MAX_POP310":0,"MAX_NATSCA":50,"MIN_AREAKM":5627,"MAX_AREAKM":19663,"MIN_AREAMI":2173,"MAX_AREAMI":7592,"MIN_PERKM":3795,"MAX_PERKM":12956,"MIN_PERMI":2358,"MAX_PERMI":8051,"MIN_BBXMIN":117.671315,"MAX_BBXMIN":118.441667,"MIN_BBXMAX":120.391667,"MAX_BBXMAX":120.8406,"MIN_BBYMIN":32.587053,"MAX_BBYMIN":33.033333,"MIN_BBYMAX":34.057606,"MAX_BBYMAX":34.673794,"MEAN_BBXC":119.42346,"MEAN_BBYC":33.637811,"TIMEZONE":"Asia/Shanghai","UN_FID":54,"POP1950":829,"POP1955":860,"POP1960":893,"POP1965":926,"POP1970":961,"POP1975":997,"POP1980":1034,"POP1985":1073,"POP1990":1113,"POP1995":1154,"POP2000":1198,"POP2005":1243,"POP2010":1264,"POP2015":1315,"POP2020":1440,"POP2025":1571,"POP2050":1681,"MIN_ZOOM":5.6,"WIKIDATAID":"Q57818","WOF_ID":890516653,"CAPALT":0,"NAME_EN":"Huai'an","NAME_DE":"Huai’an","NAME_ES":"Huai'an","NAME_FR":"Huai'an","NAME_PT":"Huai’an","NAME_RU":"Хуайань","NAME_ZH":"淮安","LABEL":null,"NAME_AR":"هوايان","NAME_BN":"হুয়াই-আন","NAME_EL":"Χουαϊάν","NAME_HI":"हैयान","NAME_HU":"Huaiyin","NAME_ID":"Huai'an","NAME_IT":"Huai'an","NAME_JA":"淮安市","NAME_KO":"화이안시","NAME_NL":"Huai'an","NAME_PL":"Huai'an","NAME_SV":"Huai'an","NAME_TR":"Huai'an","NAME_VI":"Hoài An","NE_ID":1159149921,"NAME_FA":"هوایان","NAME_HE":"הואיין","NAME_UK":"Хуайань","NAME_UR":"ہوائیآن","NAME_ZHT":"淮安市","GEONAMESID":1797873,"FCLASS_ISO":null,"FCLASS_US":null,"FCLASS_FR":null,"FCLASS_RU":null,"FCLASS_ES":null,"FCLASS_CN":null,"FCLASS_TW":null,"FCLASS_IN":null,"FCLASS_NP":null,"FCLASS_PK":null,"FCLASS_DE":null,"FCLASS_GB":null,"FCLASS_BR":null,"FCLASS_IL":null,"FCLASS_PS":null,"FCLASS_SA":null,"FCLASS_EG":null,"FCLASS_MA":null,"FCLASS_PT":null,"FCLASS_AR":null,"FCLASS_JP":null,"FCLASS_KO":null,"FCLASS_VN":null,"FCLASS_TR":null,"FCLASS_ID":null,"FCLASS_PL":null,"FCLASS_GR":null,"FCLASS_IT":null,"FCLASS_NL":null,"FCLASS_SE":null,"FCLASS_BD":null,"FCLASS_UA":null,"FCLASS_TLC":null},"bbox":[119.065967,33.585165,119.065967,33.585165],"geometry":{"type":"Point","coordinates":[119.065967,33.585165]}},{"type":"Feature","properties":{"SCALERANK":4,"NATSCALE":50,"LABELRANK":1,"FEATURECLA":"Populated place","NAME":"Wenzhou","NAMEPAR":null,"NAMEALT":null,"NAMEASCII":"Wenzhou","ADM0CAP":0,"CAPIN":null,"WORLDCITY":0,"MEGACITY":1,"SOV0NAME":"China","SOV_A3":"CHN","ADM0NAME":"China","ADM0_A3":"CHN","ADM1NAME":"Zhejiang","ISO_A2":"CN","NOTE":null,"LATITUDE":28.021927,"LONGITUDE":120.648147,"POP_MAX":2350000,"POP_MIN":865672,"POP_OTHER":4230411,"RANK_MAX":12,"RANK_MIN":11,"MEGANAME":"Wenzhou","LS_NAME":"Wenzhou","MAX_POP10":4278874,"MAX_POP20":4278874,"MAX_POP50":4278874,"MAX_POP300":0,"MAX_POP310":0,"MAX_NATSCA":50,"MIN_AREAKM":1145,"MAX_AREAKM":1145,"MIN_AREAMI":442,"MAX_AREAMI":442,"MIN_PERKM":993,"MAX_PERKM":993,"MIN_PERMI":617,"MAX_PERMI":617,"MIN_BBXMIN":120.275,"MAX_BBXMIN":120.275,"MIN_BBXMAX":120.866667,"MAX_BBXMAX":120.866667,"MIN_BBYMIN":27.391667,"MAX_BBYMIN":27.391667,"MIN_BBYMAX":28.1,"MAX_BBYMAX":28.1,"MEAN_BBXC":120.586064,"MEAN_BBYC":27.745944,"TIMEZONE":"Asia/Shanghai","UN_FID":120,"POP1950":255,"POP1955":284,"POP1960":316,"POP1965":352,"POP1970":393,"POP1975":437,"POP1980":487,"POP1985":543,"POP1990":604,"POP1995":1056,"POP2000":1845,"POP2005":2212,"POP2010":2350,"POP2015":2556,"POP2020":2860,"POP2025":3111,"POP2050":3313,"MIN_ZOOM":5.1,"WIKIDATAID":"Q42635","WOF_ID":102027067,"CAPALT":0,"NAME_EN":"Wenzhou","NAME_DE":"Wenzhou","NAME_ES":"Wenzhou","NAME_FR":"Wenzhou","NAME_PT":"Wenzhou","NAME_RU":"Вэньчжоу","NAME_ZH":"温州","LABEL":null,"NAME_AR":"ونجو","NAME_BN":"ওয়েনচৌ","NAME_EL":"Γουενζού","NAME_HI":"वानजाउ","NAME_HU":"Vencsou","NAME_ID":"Wenzhou","NAME_IT":"Wenzhou","NAME_JA":"温州市","NAME_KO":"원저우시","NAME_NL":"Wenzhou","NAME_PL":"Wenzhou","NAME_SV":"Wenzhou","NAME_TR":"Wenzhou","NAME_VI":"Ôn Châu","NE_ID":1159149923,"NAME_FA":"ونژو","NAME_HE":"וונג'ו","NAME_UK":"Веньчжоу","NAME_UR":"ونژو","NAME_ZHT":"溫州市","GEONAMESID":1791388,"FCLASS_ISO":null,"FCLASS_US":null,"FCLASS_FR":null,"FCLASS_RU":null,"FCLASS_ES":null,"FCLASS_CN":null,"FCLASS_TW":null,"FCLASS_IN":null,"FCLASS_NP":null,"FCLASS_PK":null,"FCLASS_DE":null,"FCLASS_GB":null,"FCLASS_BR":null,"FCLASS_IL":null,"FCLASS_PS":null,"FCLASS_SA":null,"FCLASS_EG":null,"FCLASS_MA":null,"FCLASS_PT":null,"FCLASS_AR":null,"FCLASS_JP":null,"FCLASS_KO":null,"FCLASS_VN":null,"FCLASS_TR":null,"FCLASS_ID":null,"FCLASS_PL":null,"FCLASS_GR":null,"FCLASS_IT":null,"FCLASS_NL":null,"FCLASS_SE":null,"FCLASS_BD":null,"FCLASS_UA":null,"FCLASS_TLC":null},"bbox":[120.648147,28.021927,120.648147,28.021927],"geometry":{"type":"Point","coordinates":[120.648147,28.021927]}},{"type":"Feature","properties":{"SCALERANK":4,"NATSCALE":50,"LABELRANK":1,"FEATURECLA":"Populated place","NAME":"Ningbo","NAMEPAR":null,"NAMEALT":null,"NAMEASCII":"Ningbo","ADM0CAP":0,"CAPIN":null,"WORLDCITY":0,"MEGACITY":1,"SOV0NAME":"China","SOV_A3":"CHN","ADM0NAME":"China","ADM0_A3":"CHN","ADM1NAME":"Zhejiang","ISO_A2":"CN","NOTE":null,"LATITUDE":29.881917,"LONGITUDE":121.548092,"POP_MAX":1923000,"POP_MIN":719867,"POP_OTHER":4274409,"RANK_MAX":12,"RANK_MIN":11,"MEGANAME":"Ningbo","LS_NAME":"Ningbo","MAX_POP10":2603129,"MAX_POP20":2603129,"MAX_POP50":2603129,"MAX_POP300":0,"MAX_POP310":0,"MAX_NATSCA":50,"MIN_AREAKM":888,"MAX_AREAKM":888,"MIN_AREAMI":343,"MAX_AREAMI":343,"MIN_PERKM":693,"MAX_PERKM":693,"MIN_PERMI":430,"MAX_PERMI":430,"MIN_BBXMIN":121.25,"MAX_BBXMIN":121.25,"MIN_BBXMAX":121.766667,"MAX_BBXMAX":121.766667,"MIN_BBYMIN":29.533333,"MAX_BBYMIN":29.533333,"MIN_BBYMAX":30.05,"MAX_BBYMAX":30.05,"MEAN_BBXC":121.520526,"MEAN_BBYC":29.84397,"TIMEZONE":"Asia/Shanghai","UN_FID":91,"POP1950":470,"POP1955":526,"POP1960":587,"POP1965":656,"POP1970":733,"POP1975":819,"POP1980":915,"POP1985":1023,"POP1990":1142,"POP1995":1331,"POP2000":1551,"POP2005":1810,"POP2010":1923,"POP2015":2092,"POP2020":2344,"POP2025":2553,"POP2050":2723,"MIN_ZOOM":5.1,"WIKIDATAID":"Q42780","WOF_ID":102027273,"CAPALT":0,"NAME_EN":"Ningbo","NAME_DE":"Ningbo","NAME_ES":"Ningbo","NAME_FR":"Ningbo","NAME_PT":"Ningbo","NAME_RU":"Нинбо","NAME_ZH":"宁波","LABEL":null,"NAME_AR":"نينغبو","NAME_BN":"নিংপো","NAME_EL":"Νινγκμπό","NAME_HI":"निंग्बो","NAME_HU":"Ningpo","NAME_ID":"Ningbo","NAME_IT":"Ningbo","NAME_JA":"寧波市","NAME_KO":"닝보시","NAME_NL":"Ningbo","NAME_PL":"Ningbo","NAME_SV":"Ningbo","NAME_TR":"Ningbo","NAME_VI":"Ninh Ba","NE_ID":1159149925,"NAME_FA":"نانگبو","NAME_HE":"נינגבו","NAME_UK":"Нінбо","NAME_UR":"ننگبو","NAME_ZHT":"寧波市","GEONAMESID":1799397,"FCLASS_ISO":null,"FCLASS_US":null,"FCLASS_FR":null,"FCLASS_RU":null,"FCLASS_ES":null,"FCLASS_CN":null,"FCLASS_TW":null,"FCLASS_IN":null,"FCLASS_NP":null,"FCLASS_PK":null,"FCLASS_DE":null,"FCLASS_GB":null,"FCLASS_BR":null,"FCLASS_IL":null,"FCLASS_PS":null,"FCLASS_SA":null,"FCLASS_EG":null,"FCLASS_MA":null,"FCLASS_PT":null,"FCLASS_AR":null,"FCLASS_JP":null,"FCLASS_KO":null,"FCLASS_VN":null,"FCLASS_TR":null,"FCLASS_ID":null,"FCLASS_PL":null,"FCLASS_GR":null,"FCLASS_IT":null,"FCLASS_NL":null,"FCLASS_SE":null,"FCLASS_BD":null,"FCLASS_UA":null,"FCLASS_TLC":null},"bbox":[121.548092,29.881917,121.548092,29.881917],"geometry":{"type":"Point","coordinates":[121.548092,29.881917]}},{"type":"Feature","properties":{"SCALERANK":4,"NATSCALE":50,"LABELRANK":1,"FEATURECLA":"Populated place","NAME":"Tongliao","NAMEPAR":null,"NAMEALT":null,"NAMEASCII":"Tongliao","ADM0CAP":0,"CAPIN":null,"WORLDCITY":0,"MEGACITY":1,"SOV0NAME":"China","SOV_A3":"CHN","ADM0NAME":"China","ADM0_A3":"CHN","ADM1NAME":"Nei Mongol","ISO_A2":"CN","NOTE":null,"LATITUDE":43.621905,"LONGITUDE":122.268048,"POP_MAX":884000,"POP_MIN":261110,"POP_OTHER":302291,"RANK_MAX":11,"RANK_MIN":10,"MEGANAME":"Tongliao","LS_NAME":"Tongliao","MAX_POP10":309828,"MAX_POP20":309828,"MAX_POP50":309828,"MAX_POP300":0,"MAX_POP310":0,"MAX_NATSCA":50,"MIN_AREAKM":99,"MAX_AREAKM":99,"MIN_AREAMI":38,"MAX_AREAMI":38,"MIN_PERKM":98,"MAX_PERKM":98,"MIN_PERMI":61,"MAX_PERMI":61,"MIN_BBXMIN":122.166667,"MAX_BBXMIN":122.166667,"MIN_BBXMAX":122.366667,"MAX_BBXMAX":122.366667,"MIN_BBYMIN":43.558333,"MAX_BBYMIN":43.558333,"MIN_BBYMAX":43.675,"MAX_BBYMAX":43.675,"MEAN_BBXC":122.269838,"MEAN_BBYC":43.619366,"TIMEZONE":"Asia/Harbin","UN_FID":117,"POP1950":110,"POP1955":132,"POP1960":160,"POP1965":193,"POP1970":234,"POP1975":283,"POP1980":341,"POP1985":462,"POP1990":674,"POP1995":729,"POP2000":790,"POP2005":855,"POP2010":884,"POP2015":935,"POP2020":1036,"POP2025":1133,"POP2050":1215,"MIN_ZOOM":5.6,"WIKIDATAID":"Q570884","WOF_ID":102027867,"CAPALT":0,"NAME_EN":"Tongliao","NAME_DE":"Tongliao","NAME_ES":"Tongliao","NAME_FR":"Tongliao","NAME_PT":"Tongliao","NAME_RU":"Тунляо","NAME_ZH":"通辽","LABEL":null,"NAME_AR":"تونغلياو","NAME_BN":"তংলিয়াও","NAME_EL":"Τονγκλιάο","NAME_HI":"तोगलिआओ","NAME_HU":"Tongliao","NAME_ID":"Tongliao","NAME_IT":"Tongliao","NAME_JA":"通遼市","NAME_KO":"퉁랴오시","NAME_NL":"Tongliao","NAME_PL":"Tongliao","NAME_SV":"Tongliao","NAME_TR":"Tongliao","NAME_VI":"Thông Liêu","NE_ID":1159149939,"NAME_FA":"تونگلیاو","NAME_HE":"טונגליאו","NAME_UK":"Тунляо","NAME_UR":"ٹونگلیاو","NAME_ZHT":"通遼市","GEONAMESID":2034400,"FCLASS_ISO":null,"FCLASS_US":null,"FCLASS_FR":null,"FCLASS_RU":null,"FCLASS_ES":null,"FCLASS_CN":null,"FCLASS_TW":null,"FCLASS_IN":null,"FCLASS_NP":null,"FCLASS_PK":null,"FCLASS_DE":null,"FCLASS_GB":null,"FCLASS_BR":null,"FCLASS_IL":null,"FCLASS_PS":null,"FCLASS_SA":null,"FCLASS_EG":null,"FCLASS_MA":null,"FCLASS_PT":null,"FCLASS_AR":null,"FCLASS_JP":null,"FCLASS_KO":null,"FCLASS_VN":null,"FCLASS_TR":null,"FCLASS_ID":null,"FCLASS_PL":null,"FCLASS_GR":null,"FCLASS_IT":null,"FCLASS_NL":null,"FCLASS_SE":null,"FCLASS_BD":null,"FCLASS_UA":null,"FCLASS_TLC":null},"bbox":[122.268048,43.621905,122.268048,43.621905],"geometry":{"type":"Point","coordinates":[122.268048,43.621905]}},{"type":"Feature","properties":{"SCALERANK":4,"NATSCALE":50,"LABELRANK":1,"FEATURECLA":"Admin-1 capital","NAME":"Hohhot","NAMEPAR":null,"NAMEALT":"Huhot","NAMEASCII":"Hohhot","ADM0CAP":0,"CAPIN":null,"WORLDCITY":0,"MEGACITY":1,"SOV0NAME":"China","SOV_A3":"CHN","ADM0NAME":"China","ADM0_A3":"CHN","ADM1NAME":"Nei Mongol","ISO_A2":"CN","NOTE":null,"LATITUDE":40.821921,"LONGITUDE":111.65805,"POP_MAX":1726000,"POP_MIN":774477,"POP_OTHER":1212450,"RANK_MAX":12,"RANK_MIN":11,"MEGANAME":"Hohhot","LS_NAME":"Hohhot","MAX_POP10":1253853,"MAX_POP20":1253853,"MAX_POP50":1253853,"MAX_POP300":0,"MAX_POP310":0,"MAX_NATSCA":50,"MIN_AREAKM":261,"MAX_AREAKM":261,"MIN_AREAMI":101,"MAX_AREAMI":101,"MIN_PERKM":280,"MAX_PERKM":280,"MIN_PERMI":174,"MAX_PERMI":174,"MIN_BBXMIN":111.508333,"MAX_BBXMIN":111.508333,"MIN_BBXMAX":111.975,"MAX_BBXMAX":111.975,"MIN_BBYMIN":40.666667,"MAX_BBYMIN":40.666667,"MIN_BBYMAX":40.916667,"MAX_BBYMAX":40.916667,"MEAN_BBXC":111.709113,"MEAN_BBYC":40.827961,"TIMEZONE":"Asia/Chongqing","UN_FID":53,"POP1950":318,"POP1955":363,"POP1960":415,"POP1965":473,"POP1970":540,"POP1975":617,"POP1980":704,"POP1985":810,"POP1990":938,"POP1995":1142,"POP2000":1389,"POP2005":1625,"POP2010":1726,"POP2015":1878,"POP2020":2106,"POP2025":2295,"POP2050":2449,"MIN_ZOOM":5.1,"WIKIDATAID":"Q535534","WOF_ID":102027913,"CAPALT":0,"NAME_EN":"Hohhot","NAME_DE":"Hohhot","NAME_ES":"Hohhot","NAME_FR":"Hohhot","NAME_PT":"Hohhot","NAME_RU":"Хух-Хото","NAME_ZH":"呼和浩特","LABEL":null,"NAME_AR":"هوهوت","NAME_BN":"হোহ-হত","NAME_EL":"Χοχότ","NAME_HI":"होहोट","NAME_HU":"Hohhot","NAME_ID":"Hohhot","NAME_IT":"Hohhot","NAME_JA":"フフホト市","NAME_KO":"후허하오터시","NAME_NL":"Hohhot","NAME_PL":"Hohhot","NAME_SV":"Hohhot","NAME_TR":"Huhhot","NAME_VI":"Hohhot","NE_ID":1159149941,"NAME_FA":"هوهوت","NAME_HE":"חוחחוט","NAME_UK":"Хух-Хото","NAME_UR":"ہوہوٹ","NAME_ZHT":"呼和浩特市","GEONAMESID":2036892,"FCLASS_ISO":null,"FCLASS_US":null,"FCLASS_FR":null,"FCLASS_RU":null,"FCLASS_ES":null,"FCLASS_CN":null,"FCLASS_TW":null,"FCLASS_IN":null,"FCLASS_NP":null,"FCLASS_PK":null,"FCLASS_DE":null,"FCLASS_GB":null,"FCLASS_BR":null,"FCLASS_IL":null,"FCLASS_PS":null,"FCLASS_SA":null,"FCLASS_EG":null,"FCLASS_MA":null,"FCLASS_PT":null,"FCLASS_AR":null,"FCLASS_JP":null,"FCLASS_KO":null,"FCLASS_VN":null,"FCLASS_TR":null,"FCLASS_ID":null,"FCLASS_PL":null,"FCLASS_GR":null,"FCLASS_IT":null,"FCLASS_NL":null,"FCLASS_SE":null,"FCLASS_BD":null,"FCLASS_UA":null,"FCLASS_TLC":null},"bbox":[111.65805,40.821921,111.65805,40.821921],"geometry":{"type":"Point","coordinates":[111.65805,40.821921]}},{"type":"Feature","properties":{"SCALERANK":4,"NATSCALE":50,"LABELRANK":1,"FEATURECLA":"Populated place","NAME":"Chifeng","NAMEPAR":null,"NAMEALT":null,"NAMEASCII":"Chifeng","ADM0CAP":0,"CAPIN":null,"WORLDCITY":0,"MEGACITY":1,"SOV0NAME":"China","SOV_A3":"CHN","ADM0NAME":"China","ADM0_A3":"CHN","ADM1NAME":"Nei Mongol","ISO_A2":"CN","NOTE":null,"LATITUDE":42.271961,"LONGITUDE":118.948044,"POP_MAX":1277000,"POP_MIN":346654,"POP_OTHER":586984,"RANK_MAX":12,"RANK_MIN":10,"MEGANAME":"Chifeng","LS_NAME":"Chifeng","MAX_POP10":602179,"MAX_POP20":602179,"MAX_POP50":602388,"MAX_POP300":0,"MAX_POP310":0,"MAX_NATSCA":50,"MIN_AREAKM":211,"MAX_AREAKM":212,"MIN_AREAMI":81,"MAX_AREAMI":82,"MIN_PERKM":220,"MAX_PERKM":224,"MIN_PERMI":137,"MAX_PERMI":139,"MIN_BBXMIN":118.775,"MAX_BBXMIN":118.775,"MIN_BBXMAX":119.033333,"MAX_BBXMAX":119.033333,"MIN_BBYMIN":42.15,"MAX_BBYMIN":42.15,"MIN_BBYMAX":42.425,"MAX_BBYMAX":42.425,"MEAN_BBXC":118.898436,"MEAN_BBYC":42.289098,"TIMEZONE":"Asia/Harbin","UN_FID":32,"POP1950":133,"POP1955":161,"POP1960":194,"POP1965":235,"POP1970":284,"POP1975":343,"POP1980":414,"POP1985":601,"POP1990":987,"POP1995":1065,"POP2000":1148,"POP2005":1238,"POP2010":1277,"POP2015":1348,"POP2020":1489,"POP2025":1625,"POP2050":1739,"MIN_ZOOM":5.6,"WIKIDATAID":"Q570829","WOF_ID":102027943,"CAPALT":0,"NAME_EN":"Chifeng","NAME_DE":"Chifeng","NAME_ES":"Ulanhad","NAME_FR":"Chifeng","NAME_PT":"Chifeng","NAME_RU":"Чифэн","NAME_ZH":"赤峰","LABEL":null,"NAME_AR":"تشيفنغ","NAME_BN":"ছিফেং","NAME_EL":"Τσιφένγκ","NAME_HI":"चीफेन्ग","NAME_HU":"Csefeng","NAME_ID":"Chifeng","NAME_IT":"Chifeng","NAME_JA":"赤峰市","NAME_KO":"츠펑시","NAME_NL":"Chifeng","NAME_PL":"Chifeng","NAME_SV":"Chifeng","NAME_TR":"Chifeng","NAME_VI":"Xích Phong","NE_ID":1159149943,"NAME_FA":"چیفنگ","NAME_HE":"צ'יפנג","NAME_UK":"Чіфен","NAME_UR":"چیفینگ","NAME_ZHT":"赤峰市","GEONAMESID":2038067,"FCLASS_ISO":null,"FCLASS_US":null,"FCLASS_FR":null,"FCLASS_RU":null,"FCLASS_ES":null,"FCLASS_CN":null,"FCLASS_TW":null,"FCLASS_IN":null,"FCLASS_NP":null,"FCLASS_PK":null,"FCLASS_DE":null,"FCLASS_GB":null,"FCLASS_BR":null,"FCLASS_IL":null,"FCLASS_PS":null,"FCLASS_SA":null,"FCLASS_EG":null,"FCLASS_MA":null,"FCLASS_PT":null,"FCLASS_AR":null,"FCLASS_JP":null,"FCLASS_KO":null,"FCLASS_VN":null,"FCLASS_TR":null,"FCLASS_ID":null,"FCLASS_PL":null,"FCLASS_GR":null,"FCLASS_IT":null,"FCLASS_NL":null,"FCLASS_SE":null,"FCLASS_BD":null,"FCLASS_UA":null,"FCLASS_TLC":null},"bbox":[118.948044,42.271961,118.948044,42.271961],"geometry":{"type":"Point","coordinates":[118.948044,42.271961]}},{"type":"Feature","properties":{"SCALERANK":4,"NATSCALE":50,"LABELRANK":1,"FEATURECLA":"Populated place","NAME":"Jixi","NAMEPAR":null,"NAMEALT":"Jixi, Heilongjiang","NAMEASCII":"Jixi","ADM0CAP":0,"CAPIN":null,"WORLDCITY":0,"MEGACITY":1,"SOV0NAME":"China","SOV_A3":"CHN","ADM0NAME":"China","ADM0_A3":"CHN","ADM1NAME":"Heilongjiang","ISO_A2":"CN","NOTE":null,"LATITUDE":45.301906,"LONGITUDE":130.968085,"POP_MAX":965000,"POP_MIN":403759,"POP_OTHER":460608,"RANK_MAX":11,"RANK_MIN":10,"MEGANAME":"Jixi, Heilongjiang","LS_NAME":"Jixi","MAX_POP10":477426,"MAX_POP20":477426,"MAX_POP50":0,"MAX_POP300":0,"MAX_POP310":0,"MAX_NATSCA":20,"MIN_AREAKM":148,"MAX_AREAKM":148,"MIN_AREAMI":57,"MAX_AREAMI":57,"MIN_PERKM":160,"MAX_PERKM":160,"MIN_PERMI":99,"MAX_PERMI":99,"MIN_BBXMIN":130.858333,"MAX_BBXMIN":130.858333,"MIN_BBXMAX":131.2,"MAX_BBXMAX":131.2,"MIN_BBYMIN":45.258333,"MAX_BBYMIN":45.258333,"MIN_BBYMAX":45.391667,"MAX_BBYMAX":45.391667,"MEAN_BBXC":131.012602,"MEAN_BBYC":45.327024,"TIMEZONE":"Asia/Harbin","UN_FID":66,"POP1950":177,"POP1955":222,"POP1960":280,"POP1965":352,"POP1970":442,"POP1975":556,"POP1980":700,"POP1985":792,"POP1990":835,"POP1995":871,"POP2000":908,"POP2005":947,"POP2010":965,"POP2015":1006,"POP2020":1105,"POP2025":1208,"POP2050":1295,"MIN_ZOOM":5.6,"WIKIDATAID":"Q28979","WOF_ID":102027895,"CAPALT":0,"NAME_EN":"Jixi","NAME_DE":"Jixi","NAME_ES":"Jixi","NAME_FR":"Jixi","NAME_PT":"Jixi","NAME_RU":"Цзиси","NAME_ZH":"鸡西","LABEL":null,"NAME_AR":"جيشى","NAME_BN":"চিশি","NAME_EL":"Τζιξί","NAME_HI":"जिक्षी","NAME_HU":"Csihszi","NAME_ID":"Jixi","NAME_IT":"Jixi","NAME_JA":"鶏西市","NAME_KO":"지시시","NAME_NL":"Jixi","NAME_PL":"Jixi","NAME_SV":"Jixi","NAME_TR":"Jixi","NAME_VI":"Kê Tây","NE_ID":1159149957,"NAME_FA":"جیشی","NAME_HE":"ג'יקסי","NAME_UK":"Цзісі","NAME_UR":"جیشی","NAME_ZHT":"雞西市","GEONAMESID":2036389,"FCLASS_ISO":null,"FCLASS_US":null,"FCLASS_FR":null,"FCLASS_RU":null,"FCLASS_ES":null,"FCLASS_CN":null,"FCLASS_TW":null,"FCLASS_IN":null,"FCLASS_NP":null,"FCLASS_PK":null,"FCLASS_DE":null,"FCLASS_GB":null,"FCLASS_BR":null,"FCLASS_IL":null,"FCLASS_PS":null,"FCLASS_SA":null,"FCLASS_EG":null,"FCLASS_MA":null,"FCLASS_PT":null,"FCLASS_AR":null,"FCLASS_JP":null,"FCLASS_KO":null,"FCLASS_VN":null,"FCLASS_TR":null,"FCLASS_ID":null,"FCLASS_PL":null,"FCLASS_GR":null,"FCLASS_IT":null,"FCLASS_NL":null,"FCLASS_SE":null,"FCLASS_BD":null,"FCLASS_UA":null,"FCLASS_TLC":null},"bbox":[130.968085,45.301906,130.968085,45.301906],"geometry":{"type":"Point","coordinates":[130.968085,45.301906]}},{"type":"Feature","properties":{"SCALERANK":4,"NATSCALE":50,"LABELRANK":1,"FEATURECLA":"Populated place","NAME":"Faridabad","NAMEPAR":null,"NAMEALT":null,"NAMEASCII":"Faridabad","ADM0CAP":0,"CAPIN":null,"WORLDCITY":0,"MEGACITY":1,"SOV0NAME":"India","SOV_A3":"IND","ADM0NAME":"India","ADM0_A3":"IND","ADM1NAME":"Haryana","ISO_A2":"IN","NOTE":null,"LATITUDE":28.435279,"LONGITUDE":77.314721,"POP_MAX":1394000,"POP_MIN":1394000,"POP_OTHER":0,"RANK_MAX":12,"RANK_MIN":12,"MEGANAME":"Faridabad","LS_NAME":null,"MAX_POP10":0,"MAX_POP20":0,"MAX_POP50":0,"MAX_POP300":0,"MAX_POP310":0,"MAX_NATSCA":0,"MIN_AREAKM":0,"MAX_AREAKM":0,"MIN_AREAMI":0,"MAX_AREAMI":0,"MIN_PERKM":0,"MAX_PERKM":0,"MIN_PERMI":0,"MAX_PERMI":0,"MIN_BBXMIN":0,"MAX_BBXMIN":0,"MIN_BBXMAX":0,"MAX_BBXMAX":0,"MIN_BBYMIN":0,"MAX_BBYMIN":0,"MIN_BBYMAX":0,"MAX_BBYMAX":0,"MEAN_BBXC":0,"MEAN_BBYC":0,"TIMEZONE":"Asia/Kolkata","UN_FID":230,"POP1950":22,"POP1955":29,"POP1960":38,"POP1965":55,"POP1970":81,"POP1975":153,"POP1980":302,"POP1985":434,"POP1990":593,"POP1995":779,"POP2000":1018,"POP2005":1298,"POP2010":1394,"POP2015":1512,"POP2020":1691,"POP2025":1887,"POP2050":2109,"MIN_ZOOM":5.6,"WIKIDATAID":"Q200663","WOF_ID":102030289,"CAPALT":0,"NAME_EN":"Faridabad","NAME_DE":"Faridabad","NAME_ES":"Faridabad","NAME_FR":"Faridabad","NAME_PT":"Faridabad","NAME_RU":"Фаридабад","NAME_ZH":"法里达巴德","LABEL":null,"NAME_AR":"فريد آباد","NAME_BN":"ফরিদাবাদ","NAME_EL":"Φαρινταμπάντ","NAME_HI":"फरीदाबाद","NAME_HU":"Faridábád","NAME_ID":"Faridabad","NAME_IT":"Faridabad","NAME_JA":"ファリーダーバード","NAME_KO":"파리다바드","NAME_NL":"Faridabad","NAME_PL":"Faridabad","NAME_SV":"Faridabad","NAME_TR":"Faridabad","NAME_VI":"Faridabad","NE_ID":1159149999,"NAME_FA":"فریدآباد","NAME_HE":"פרידאבד","NAME_UK":"Фаридабад","NAME_UR":"فریدآباد","NAME_ZHT":"法里達巴德","GEONAMESID":1271951,"FCLASS_ISO":null,"FCLASS_US":null,"FCLASS_FR":null,"FCLASS_RU":null,"FCLASS_ES":null,"FCLASS_CN":null,"FCLASS_TW":null,"FCLASS_IN":null,"FCLASS_NP":null,"FCLASS_PK":null,"FCLASS_DE":null,"FCLASS_GB":null,"FCLASS_BR":null,"FCLASS_IL":null,"FCLASS_PS":null,"FCLASS_SA":null,"FCLASS_EG":null,"FCLASS_MA":null,"FCLASS_PT":null,"FCLASS_AR":null,"FCLASS_JP":null,"FCLASS_KO":null,"FCLASS_VN":null,"FCLASS_TR":null,"FCLASS_ID":null,"FCLASS_PL":null,"FCLASS_GR":null,"FCLASS_IT":null,"FCLASS_NL":null,"FCLASS_SE":null,"FCLASS_BD":null,"FCLASS_UA":null,"FCLASS_TLC":null},"bbox":[77.314721,28.435279,77.314721,28.435279],"geometry":{"type":"Point","coordinates":[77.314721,28.435279]}},{"type":"Feature","properties":{"SCALERANK":4,"NATSCALE":50,"LABELRANK":1,"FEATURECLA":"Admin-1 capital","NAME":"Srinagar","NAMEPAR":null,"NAMEALT":null,"NAMEASCII":"Srinagar","ADM0CAP":0,"CAPIN":null,"WORLDCITY":0,"MEGACITY":1,"SOV0NAME":"India","SOV_A3":"IND","ADM0NAME":"India","ADM0_A3":"IND","ADM1NAME":"Jammu and Kashmir","ISO_A2":"IN","NOTE":null,"LATITUDE":34.101917,"LONGITUDE":74.813064,"POP_MAX":1140000,"POP_MIN":975857,"POP_OTHER":3056949,"RANK_MAX":12,"RANK_MIN":11,"MEGANAME":"Srinagar","LS_NAME":"Srinagar","MAX_POP10":3152429,"MAX_POP20":3171702,"MAX_POP50":3941055,"MAX_POP300":0,"MAX_POP310":0,"MAX_NATSCA":50,"MIN_AREAKM":2278,"MAX_AREAKM":2909,"MIN_AREAMI":879,"MAX_AREAMI":1123,"MIN_PERKM":1809,"MAX_PERKM":2490,"MIN_PERMI":1124,"MAX_PERMI":1547,"MIN_BBXMIN":74.175,"MAX_BBXMIN":74.541667,"MIN_BBXMAX":75.375,"MAX_BBXMAX":75.375,"MIN_BBYMIN":33.525,"MAX_BBYMIN":33.525,"MIN_BBYMAX":34.3,"MAX_BBYMAX":34.475,"MEAN_BBXC":74.886149,"MEAN_BBYC":33.914402,"TIMEZONE":"Asia/Kolkata","UN_FID":264,"POP1950":248,"POP1955":268,"POP1960":289,"POP1965":342,"POP1970":412,"POP1975":494,"POP1980":592,"POP1985":661,"POP1990":730,"POP1995":833,"POP2000":954,"POP2005":1087,"POP2010":1140,"POP2015":1218,"POP2020":1358,"POP2025":1518,"POP2050":1699,"MIN_ZOOM":5.6,"WIKIDATAID":"Q170115","WOF_ID":102028565,"CAPALT":0,"NAME_EN":"Srinagar","NAME_DE":"Srinagar","NAME_ES":"Srinagar","NAME_FR":"Srinagar","NAME_PT":"Srinagar","NAME_RU":"Сринагар","NAME_ZH":"斯利那加","LABEL":null,"NAME_AR":"سريناغار","NAME_BN":"শ্রীনগর","NAME_EL":"Σριναγκάρ","NAME_HI":"श्रीनगर","NAME_HU":"Szrinagar","NAME_ID":"Srinagar","NAME_IT":"Srinagar","NAME_JA":"シュリーナガル","NAME_KO":"스리나가르","NAME_NL":"Srinagar","NAME_PL":"Śrinagar","NAME_SV":"Srinagar","NAME_TR":"Srinagar","NAME_VI":"Srinagar","NE_ID":1159150001,"NAME_FA":"سرینگر","NAME_HE":"סרינגאר","NAME_UK":"Срінаґар","NAME_UR":"سری نگر","NAME_ZHT":"斯利那加","GEONAMESID":1255634,"FCLASS_ISO":null,"FCLASS_US":null,"FCLASS_FR":null,"FCLASS_RU":null,"FCLASS_ES":null,"FCLASS_CN":null,"FCLASS_TW":null,"FCLASS_IN":null,"FCLASS_NP":null,"FCLASS_PK":null,"FCLASS_DE":null,"FCLASS_GB":null,"FCLASS_BR":null,"FCLASS_IL":null,"FCLASS_PS":null,"FCLASS_SA":null,"FCLASS_EG":null,"FCLASS_MA":null,"FCLASS_PT":null,"FCLASS_AR":null,"FCLASS_JP":null,"FCLASS_KO":null,"FCLASS_VN":null,"FCLASS_TR":null,"FCLASS_ID":null,"FCLASS_PL":null,"FCLASS_GR":null,"FCLASS_IT":null,"FCLASS_NL":null,"FCLASS_SE":null,"FCLASS_BD":null,"FCLASS_UA":null,"FCLASS_TLC":null},"bbox":[74.828309,34.069474,74.828309,34.069474],"geometry":{"type":"Point","coordinates":[74.828309,34.069474]}},{"type":"Feature","properties":{"SCALERANK":4,"NATSCALE":50,"LABELRANK":1,"FEATURECLA":"Populated place","NAME":"Vijayawada","NAMEPAR":null,"NAMEALT":"Bezwada|Bezawada","NAMEASCII":"Vijayawada","ADM0CAP":0,"CAPIN":null,"WORLDCITY":0,"MEGACITY":1,"SOV0NAME":"India","SOV_A3":"IND","ADM0NAME":"India","ADM0_A3":"IND","ADM1NAME":"Andhra Pradesh","ISO_A2":"IN","NOTE":null,"LATITUDE":16.521905,"LONGITUDE":80.628057,"POP_MAX":1137000,"POP_MIN":874587,"POP_OTHER":2470463,"RANK_MAX":12,"RANK_MIN":11,"MEGANAME":"Vijayawada","LS_NAME":"Vijayawada","MAX_POP10":2158737,"MAX_POP20":4318135,"MAX_POP50":0,"MAX_POP300":0,"MAX_POP310":0,"MAX_NATSCA":20,"MIN_AREAKM":1287,"MAX_AREAKM":3406,"MIN_AREAMI":497,"MAX_AREAMI":1315,"MIN_PERKM":1392,"MAX_PERKM":3874,"MIN_PERMI":865,"MAX_PERMI":2407,"MIN_BBXMIN":79.841667,"MAX_BBXMIN":80.433333,"MIN_BBXMAX":81.182615,"MAX_BBXMAX":81.333333,"MIN_BBYMIN":15.916667,"MAX_BBYMIN":16.328664,"MIN_BBYMAX":17.212236,"MAX_BBYMAX":17.315286,"MEAN_BBXC":80.770047,"MEAN_BBYC":16.637772,"TIMEZONE":"Asia/Kolkata","UN_FID":270,"POP1950":155,"POP1955":190,"POP1960":229,"POP1965":277,"POP1970":335,"POP1975":419,"POP1980":527,"POP1985":658,"POP1990":821,"POP1995":914,"POP2000":999,"POP2005":1094,"POP2010":1137,"POP2015":1209,"POP2020":1346,"POP2025":1505,"POP2050":1684,"MIN_ZOOM":5.6,"WIKIDATAID":"Q200017","WOF_ID":102028271,"CAPALT":0,"NAME_EN":"Vijayawada","NAME_DE":"Vijayawada","NAME_ES":"Vijayawada","NAME_FR":"Vijayawada","NAME_PT":"Vijayawada","NAME_RU":"Виджаявада","NAME_ZH":"维杰亚瓦达","LABEL":null,"NAME_AR":"فيجاياوادا","NAME_BN":"বিজয়ওয়াড়া","NAME_EL":"Βιτζαγιαβάντα","NAME_HI":"विजयवाड़ा","NAME_HU":"Vidzsajavádá","NAME_ID":"Vijayawada","NAME_IT":"Vijayawada","NAME_JA":"ヴィジャヤワーダ","NAME_KO":"비자야와다","NAME_NL":"Vijayawada","NAME_PL":"Widźajawada","NAME_SV":"Vijayawada","NAME_TR":"Vijayawada","NAME_VI":"Vijayawada","NE_ID":1159150003,"NAME_FA":"ویجیاوادا","NAME_HE":"ויג'יאוואדה","NAME_UK":"Віджаявада","NAME_UR":"وجئے واڑہ","NAME_ZHT":"維傑亞瓦達","GEONAMESID":1253184,"FCLASS_ISO":null,"FCLASS_US":null,"FCLASS_FR":null,"FCLASS_RU":null,"FCLASS_ES":null,"FCLASS_CN":null,"FCLASS_TW":null,"FCLASS_IN":null,"FCLASS_NP":null,"FCLASS_PK":null,"FCLASS_DE":null,"FCLASS_GB":null,"FCLASS_BR":null,"FCLASS_IL":null,"FCLASS_PS":null,"FCLASS_SA":null,"FCLASS_EG":null,"FCLASS_MA":null,"FCLASS_PT":null,"FCLASS_AR":null,"FCLASS_JP":null,"FCLASS_KO":null,"FCLASS_VN":null,"FCLASS_TR":null,"FCLASS_ID":null,"FCLASS_PL":null,"FCLASS_GR":null,"FCLASS_IT":null,"FCLASS_NL":null,"FCLASS_SE":null,"FCLASS_BD":null,"FCLASS_UA":null,"FCLASS_TLC":null},"bbox":[80.628057,16.521905,80.628057,16.521905],"geometry":{"type":"Point","coordinates":[80.628057,16.521905]}},{"type":"Feature","properties":{"SCALERANK":4,"NATSCALE":50,"LABELRANK":1,"FEATURECLA":"Admin-1 capital","NAME":"Thiruvananthapuram","NAMEPAR":"Trivandrum","NAMEALT":null,"NAMEASCII":"Thiruvananthapuram","ADM0CAP":0,"CAPIN":null,"WORLDCITY":0,"MEGACITY":1,"SOV0NAME":"India","SOV_A3":"IND","ADM0NAME":"India","ADM0_A3":"IND","ADM1NAME":"Kerala","ISO_A2":"IN","NOTE":null,"LATITUDE":8.50193,"LONGITUDE":76.948075,"POP_MAX":954000,"POP_MIN":784153,"POP_OTHER":2885266,"RANK_MAX":11,"RANK_MIN":11,"MEGANAME":"Thiruvananthapuram","LS_NAME":"Trivandrum","MAX_POP10":2914366,"MAX_POP20":2914109,"MAX_POP50":11730326,"MAX_POP300":0,"MAX_POP310":0,"MAX_NATSCA":50,"MIN_AREAKM":1024,"MAX_AREAKM":5579,"MIN_AREAMI":396,"MAX_AREAMI":2154,"MIN_PERKM":1065,"MAX_PERKM":4497,"MIN_PERMI":662,"MAX_PERMI":2794,"MIN_BBXMIN":76.283333,"MAX_BBXMIN":76.742467,"MIN_BBXMAX":77.258333,"MAX_BBXMAX":77.65,"MIN_BBYMIN":8.075,"MAX_BBYMIN":8.283333,"MIN_BBYMAX":8.896352,"MAX_BBYMAX":9.750002,"MEAN_BBXC":76.921902,"MEAN_BBYC":8.707784,"TIMEZONE":"Asia/Kolkata","UN_FID":266,"POP1950":182,"POP1955":208,"POP1960":236,"POP1965":302,"POP1970":394,"POP1975":454,"POP1980":512,"POP1985":636,"POP1990":801,"POP1995":853,"POP2000":885,"POP2005":927,"POP2010":954,"POP2015":1008,"POP2020":1122,"POP2025":1256,"POP2050":1408,"MIN_ZOOM":5.6,"WIKIDATAID":"Q167715","WOF_ID":102028407,"CAPALT":0,"NAME_EN":"Thiruvananthapuram","NAME_DE":"Thiruvananthapuram","NAME_ES":"Thiruvananthapuram","NAME_FR":"Thiruvananthapuram","NAME_PT":"Thiruvananthapuram","NAME_RU":"Тривандрам","NAME_ZH":"特里凡得琅","LABEL":null,"NAME_AR":"ثيروفانانثابورام","NAME_BN":"তিরুবনন্তপুরম","NAME_EL":"Θιρουβανανθαπουράμ","NAME_HI":"तिरुवनन्तपुरम","NAME_HU":"Thiruvananthapuram","NAME_ID":"Thiruvananthapuram","NAME_IT":"Thiruvananthapuram","NAME_JA":"ティルヴァナンタプラム","NAME_KO":"티루바난타푸람","NAME_NL":"Trivandrum","NAME_PL":"Thiruvananthapuram","NAME_SV":"Thiruvananthapuram","NAME_TR":"Thiruvananthapuram","NAME_VI":"Thiruvananthapuram","NE_ID":1159150007,"NAME_FA":"تریواندروم","NAME_HE":"טריוונדרום","NAME_UK":"Тируванантапурам","NAME_UR":"تریوینڈرم","NAME_ZHT":"特里凡得琅","GEONAMESID":1254163,"FCLASS_ISO":null,"FCLASS_US":null,"FCLASS_FR":null,"FCLASS_RU":null,"FCLASS_ES":null,"FCLASS_CN":null,"FCLASS_TW":null,"FCLASS_IN":null,"FCLASS_NP":null,"FCLASS_PK":null,"FCLASS_DE":null,"FCLASS_GB":null,"FCLASS_BR":null,"FCLASS_IL":null,"FCLASS_PS":null,"FCLASS_SA":null,"FCLASS_EG":null,"FCLASS_MA":null,"FCLASS_PT":null,"FCLASS_AR":null,"FCLASS_JP":null,"FCLASS_KO":null,"FCLASS_VN":null,"FCLASS_TR":null,"FCLASS_ID":null,"FCLASS_PL":null,"FCLASS_GR":null,"FCLASS_IT":null,"FCLASS_NL":null,"FCLASS_SE":null,"FCLASS_BD":null,"FCLASS_UA":null,"FCLASS_TLC":null},"bbox":[76.925191,8.515521,76.925191,8.515521],"geometry":{"type":"Point","coordinates":[76.925191,8.515521]}},{"type":"Feature","properties":{"SCALERANK":4,"NATSCALE":50,"LABELRANK":1,"FEATURECLA":"Populated place","NAME":"Kochi","NAMEPAR":"Cochin","NAMEALT":null,"NAMEASCII":"Kochi","ADM0CAP":0,"CAPIN":null,"WORLDCITY":0,"MEGACITY":1,"SOV0NAME":"India","SOV_A3":"IND","ADM0NAME":"India","ADM0_A3":"IND","ADM1NAME":"Kerala","ISO_A2":"IN","NOTE":null,"LATITUDE":10.016953,"LONGITUDE":76.22197,"POP_MAX":1519000,"POP_MIN":604696,"POP_OTHER":5758533,"RANK_MAX":12,"RANK_MIN":11,"MEGANAME":"Kochi","LS_NAME":"Cochin","MAX_POP10":5564535,"MAX_POP20":5564349,"MAX_POP50":0,"MAX_POP300":0,"MAX_POP310":0,"MAX_NATSCA":20,"MIN_AREAKM":2246,"MAX_AREAKM":2251,"MIN_AREAMI":867,"MAX_AREAMI":869,"MIN_PERKM":1750,"MAX_PERKM":1750,"MIN_PERMI":1087,"MAX_PERMI":1087,"MIN_BBXMIN":75.983333,"MAX_BBXMIN":75.983333,"MIN_BBXMAX":76.525,"MAX_BBXMAX":76.525,"MIN_BBYMIN":9.753646,"MAX_BBYMIN":9.753646,"MIN_BBYMAX":10.725,"MAX_BBYMAX":10.725,"MEAN_BBXC":76.270824,"MEAN_BBYC":10.286355,"TIMEZONE":"Asia/Kolkata","UN_FID":244,"POP1950":163,"POP1955":208,"POP1960":268,"POP1965":338,"POP1970":424,"POP1975":532,"POP1980":666,"POP1985":855,"POP1990":1103,"POP1995":1229,"POP2000":1340,"POP2005":1463,"POP2010":1519,"POP2015":1612,"POP2020":1791,"POP2025":1999,"POP2050":2232,"MIN_ZOOM":5.6,"WIKIDATAID":"Q1800","WOF_ID":102030497,"CAPALT":0,"NAME_EN":"Kochi","NAME_DE":"Kochi","NAME_ES":"Cochín","NAME_FR":"Kochi","NAME_PT":"Cochim","NAME_RU":"Кочин","NAME_ZH":"戈奇","LABEL":null,"NAME_AR":"كوتشي","NAME_BN":"কোচি","NAME_EL":"Κοτσί","NAME_HI":"कोच्चि","NAME_HU":"Koccsi","NAME_ID":"Kochi","NAME_IT":"Kochi","NAME_JA":"コーチ","NAME_KO":"코치","NAME_NL":"Kochi","NAME_PL":"Koczin","NAME_SV":"Cochin","NAME_TR":"Koçin","NAME_VI":"Kochi","NE_ID":1159150009,"NAME_FA":"کوچی","NAME_HE":"קוצ'י","NAME_UK":"Кочі","NAME_UR":"کوچی","NAME_ZHT":"科契","GEONAMESID":1273874,"FCLASS_ISO":null,"FCLASS_US":null,"FCLASS_FR":null,"FCLASS_RU":null,"FCLASS_ES":null,"FCLASS_CN":null,"FCLASS_TW":null,"FCLASS_IN":null,"FCLASS_NP":null,"FCLASS_PK":null,"FCLASS_DE":null,"FCLASS_GB":null,"FCLASS_BR":null,"FCLASS_IL":null,"FCLASS_PS":null,"FCLASS_SA":null,"FCLASS_EG":null,"FCLASS_MA":null,"FCLASS_PT":null,"FCLASS_AR":null,"FCLASS_JP":null,"FCLASS_KO":null,"FCLASS_VN":null,"FCLASS_TR":null,"FCLASS_ID":null,"FCLASS_PL":null,"FCLASS_GR":null,"FCLASS_IT":null,"FCLASS_NL":null,"FCLASS_SE":null,"FCLASS_BD":null,"FCLASS_UA":null,"FCLASS_TLC":null},"bbox":[76.22197,10.016953,76.22197,10.016953],"geometry":{"type":"Point","coordinates":[76.22197,10.016953]}},{"type":"Feature","properties":{"SCALERANK":4,"NATSCALE":50,"LABELRANK":1,"FEATURECLA":"Populated place","NAME":"Cuttack","NAMEPAR":null,"NAMEALT":null,"NAMEASCII":"Cuttack","ADM0CAP":0,"CAPIN":null,"WORLDCITY":0,"MEGACITY":0,"SOV0NAME":"India","SOV_A3":"IND","ADM0NAME":"India","ADM0_A3":"IND","ADM1NAME":"Orissa","ISO_A2":"IN","NOTE":null,"LATITUDE":20.470003,"LONGITUDE":85.889941,"POP_MAX":580000,"POP_MIN":580000,"POP_OTHER":4254562,"RANK_MAX":11,"RANK_MIN":11,"MEGANAME":null,"LS_NAME":"Cuttack","MAX_POP10":4215111,"MAX_POP20":7019442,"MAX_POP50":11229497,"MAX_POP300":0,"MAX_POP310":0,"MAX_NATSCA":50,"MIN_AREAKM":3428,"MAX_AREAKM":9443,"MIN_AREAMI":1323,"MAX_AREAMI":3646,"MIN_PERKM":2743,"MAX_PERKM":7310,"MIN_PERMI":1705,"MAX_PERMI":4542,"MIN_BBXMIN":84.925,"MAX_BBXMIN":85.5,"MIN_BBXMAX":86.655247,"MAX_BBXMAX":87.058333,"MIN_BBYMIN":19.691667,"MAX_BBYMIN":20.191667,"MIN_BBYMAX":21.254281,"MAX_BBYMAX":21.808333,"MEAN_BBXC":86.064744,"MEAN_BBYC":20.592513,"TIMEZONE":"Asia/Kolkata","UN_FID":0,"POP1950":0,"POP1955":0,"POP1960":0,"POP1965":0,"POP1970":0,"POP1975":0,"POP1980":0,"POP1985":0,"POP1990":0,"POP1995":0,"POP2000":0,"POP2005":0,"POP2010":0,"POP2015":0,"POP2020":0,"POP2025":0,"POP2050":0,"MIN_ZOOM":5.6,"WIKIDATAID":"Q207324","WOF_ID":102030477,"CAPALT":0,"NAME_EN":"Pochinki","NAME_DE":"Cuttack","NAME_ES":"Cuttack","NAME_FR":"Cuttack","NAME_PT":"Cuttack","NAME_RU":"Каттак","NAME_ZH":"克塔克","LABEL":null,"NAME_AR":"كوتاك","NAME_BN":"কটক","NAME_EL":"Κάτακ","NAME_HI":"कटक","NAME_HU":"Kattak","NAME_ID":"Cuttack","NAME_IT":"Cuttack","NAME_JA":"カタク","NAME_KO":"쿠타크","NAME_NL":"Cuttack","NAME_PL":"Cuttack","NAME_SV":"Cuttack","NAME_TR":"Cuttack","NAME_VI":"Cuttack","NE_ID":1159150011,"NAME_FA":"کاتک","NAME_HE":"קוטאק","NAME_UK":"Каттак","NAME_UR":"کٹک","NAME_ZHT":"克塔克","GEONAMESID":1273780,"FCLASS_ISO":null,"FCLASS_US":null,"FCLASS_FR":null,"FCLASS_RU":null,"FCLASS_ES":null,"FCLASS_CN":null,"FCLASS_TW":null,"FCLASS_IN":null,"FCLASS_NP":null,"FCLASS_PK":null,"FCLASS_DE":null,"FCLASS_GB":null,"FCLASS_BR":null,"FCLASS_IL":null,"FCLASS_PS":null,"FCLASS_SA":null,"FCLASS_EG":null,"FCLASS_MA":null,"FCLASS_PT":null,"FCLASS_AR":null,"FCLASS_JP":null,"FCLASS_KO":null,"FCLASS_VN":null,"FCLASS_TR":null,"FCLASS_ID":null,"FCLASS_PL":null,"FCLASS_GR":null,"FCLASS_IT":null,"FCLASS_NL":null,"FCLASS_SE":null,"FCLASS_BD":null,"FCLASS_UA":null,"FCLASS_TLC":null},"bbox":[85.889941,20.470002,85.889941,20.470002],"geometry":{"type":"Point","coordinates":[85.889941,20.470002]}},{"type":"Feature","properties":{"SCALERANK":4,"NATSCALE":50,"LABELRANK":1,"FEATURECLA":"Populated place","NAME":"Hubballi","NAMEPAR":"Hubli","NAMEALT":null,"NAMEASCII":"Hubballi","ADM0CAP":0,"CAPIN":null,"WORLDCITY":0,"MEGACITY":1,"SOV0NAME":"India","SOV_A3":"IND","ADM0NAME":"India","ADM0_A3":"IND","ADM1NAME":"Karnataka","ISO_A2":"IN","NOTE":null,"LATITUDE":15.361924,"LONGITUDE":75.12307,"POP_MAX":890000,"POP_MIN":792804,"POP_OTHER":792965,"RANK_MAX":11,"RANK_MIN":11,"MEGANAME":"Hubli-Dharwad","LS_NAME":"Hubli","MAX_POP10":792804,"MAX_POP20":792804,"MAX_POP50":0,"MAX_POP300":0,"MAX_POP310":0,"MAX_NATSCA":20,"MIN_AREAKM":181,"MAX_AREAKM":181,"MIN_AREAMI":70,"MAX_AREAMI":70,"MIN_PERKM":142,"MAX_PERKM":142,"MIN_PERMI":88,"MAX_PERMI":88,"MIN_BBXMIN":74.958333,"MAX_BBXMIN":74.958333,"MIN_BBXMAX":75.191667,"MAX_BBXMAX":75.191667,"MIN_BBYMIN":15.291667,"MAX_BBYMIN":15.291667,"MIN_BBYMAX":15.516667,"MAX_BBYMAX":15.516667,"MEAN_BBXC":75.078636,"MEAN_BBYC":15.40822,"TIMEZONE":"Asia/Kolkata","UN_FID":234,"POP1950":192,"POP1955":217,"POP1960":245,"POP1965":298,"POP1970":367,"POP1975":437,"POP1980":516,"POP1985":577,"POP1990":639,"POP1995":705,"POP2000":776,"POP2005":855,"POP2010":890,"POP2015":948,"POP2020":1057,"POP2025":1184,"POP2050":1327,"MIN_ZOOM":5.6,"WIKIDATAID":"Q33412","WOF_ID":102030067,"CAPALT":0,"NAME_EN":"Hubli","NAME_DE":"Hubli-Dharwad","NAME_ES":"Hubli","NAME_FR":"Hubli-Dharwad","NAME_PT":"Hubli","NAME_RU":"Хубли","NAME_ZH":"胡布利","LABEL":null,"NAME_AR":"هوبلي","NAME_BN":"হুবলি","NAME_EL":"Χούμπλι","NAME_HI":"हुबली","NAME_HU":"Hubli","NAME_ID":"Hubli","NAME_IT":"Hubli-Dharwad","NAME_JA":"フブリ","NAME_KO":"후블리","NAME_NL":"Hubli-Dharwad","NAME_PL":"Hubli-Dharwar","NAME_SV":"Hubli-Dharwad","NAME_TR":"Hubli","NAME_VI":"Hubli-Dharwad","NE_ID":1159150013,"NAME_FA":"هوبلی -دارودا","NAME_HE":"חובלי","NAME_UK":"Хублі","NAME_UR":"ہوبلی","NAME_ZHT":"胡布利","GEONAMESID":1269920,"FCLASS_ISO":null,"FCLASS_US":null,"FCLASS_FR":null,"FCLASS_RU":null,"FCLASS_ES":null,"FCLASS_CN":null,"FCLASS_TW":null,"FCLASS_IN":null,"FCLASS_NP":null,"FCLASS_PK":null,"FCLASS_DE":null,"FCLASS_GB":null,"FCLASS_BR":null,"FCLASS_IL":null,"FCLASS_PS":null,"FCLASS_SA":null,"FCLASS_EG":null,"FCLASS_MA":null,"FCLASS_PT":null,"FCLASS_AR":null,"FCLASS_JP":null,"FCLASS_KO":null,"FCLASS_VN":null,"FCLASS_TR":null,"FCLASS_ID":null,"FCLASS_PL":null,"FCLASS_GR":null,"FCLASS_IT":null,"FCLASS_NL":null,"FCLASS_SE":null,"FCLASS_BD":null,"FCLASS_UA":null,"FCLASS_TLC":null},"bbox":[75.12307,15.361924,75.12307,15.361924],"geometry":{"type":"Point","coordinates":[75.12307,15.361924]}},{"type":"Feature","properties":{"SCALERANK":4,"NATSCALE":50,"LABELRANK":1,"FEATURECLA":"Populated place","NAME":"Mangaluru","NAMEPAR":"Mangalore","NAMEALT":null,"NAMEASCII":"Mangaluru","ADM0CAP":0,"CAPIN":null,"WORLDCITY":0,"MEGACITY":0,"SOV0NAME":"India","SOV_A3":"IND","ADM0NAME":"India","ADM0_A3":"IND","ADM1NAME":"Karnataka","ISO_A2":"IN","NOTE":null,"LATITUDE":12.900025,"LONGITUDE":74.849994,"POP_MAX":776632,"POP_MIN":417387,"POP_OTHER":1079815,"RANK_MAX":11,"RANK_MIN":10,"MEGANAME":null,"LS_NAME":"Mangalore","MAX_POP10":776632,"MAX_POP20":776632,"MAX_POP50":776632,"MAX_POP300":0,"MAX_POP310":0,"MAX_NATSCA":50,"MIN_AREAKM":230,"MAX_AREAKM":230,"MIN_AREAMI":89,"MAX_AREAMI":89,"MIN_PERKM":215,"MAX_PERKM":215,"MIN_PERMI":134,"MAX_PERMI":134,"MIN_BBXMIN":74.75,"MAX_BBXMIN":74.75,"MIN_BBXMAX":74.925,"MAX_BBXMAX":74.925,"MIN_BBYMIN":12.841667,"MAX_BBYMIN":12.841667,"MIN_BBYMAX":13.175,"MAX_BBYMAX":13.175,"MEAN_BBXC":74.842844,"MEAN_BBYC":12.965278,"TIMEZONE":"Asia/Kolkata","UN_FID":0,"POP1950":0,"POP1955":0,"POP1960":0,"POP1965":0,"POP1970":0,"POP1975":0,"POP1980":0,"POP1985":0,"POP1990":0,"POP1995":0,"POP2000":0,"POP2005":0,"POP2010":0,"POP2015":0,"POP2020":0,"POP2025":0,"POP2050":0,"MIN_ZOOM":5.6,"WIKIDATAID":"Q127041","WOF_ID":102029439,"CAPALT":0,"NAME_EN":"Mangalore","NAME_DE":"Mangaluru","NAME_ES":"Mangalore","NAME_FR":"Mangalore","NAME_PT":"Mangalore","NAME_RU":"Мангалор","NAME_ZH":"门格洛尔","LABEL":null,"NAME_AR":"مانغلور","NAME_BN":"মাঙ্গলুরু","NAME_EL":"Μανγκαλόρε","NAME_HI":"मैंगलूर","NAME_HU":"Mangalor","NAME_ID":"Mangalore","NAME_IT":"Mangalore","NAME_JA":"マンガロール","NAME_KO":"망갈로르","NAME_NL":"Mangalore","NAME_PL":"Mangalore","NAME_SV":"Mangalore","NAME_TR":"Mangalore","NAME_VI":"Mangalore","NE_ID":1159150015,"NAME_FA":"منگلور","NAME_HE":"מנגלור","NAME_UK":"Мангалур","NAME_UR":"منگلور","NAME_ZHT":"門格洛爾","GEONAMESID":1263780,"FCLASS_ISO":null,"FCLASS_US":null,"FCLASS_FR":null,"FCLASS_RU":null,"FCLASS_ES":null,"FCLASS_CN":null,"FCLASS_TW":null,"FCLASS_IN":null,"FCLASS_NP":null,"FCLASS_PK":null,"FCLASS_DE":null,"FCLASS_GB":null,"FCLASS_BR":null,"FCLASS_IL":null,"FCLASS_PS":null,"FCLASS_SA":null,"FCLASS_EG":null,"FCLASS_MA":null,"FCLASS_PT":null,"FCLASS_AR":null,"FCLASS_JP":null,"FCLASS_KO":null,"FCLASS_VN":null,"FCLASS_TR":null,"FCLASS_ID":null,"FCLASS_PL":null,"FCLASS_GR":null,"FCLASS_IT":null,"FCLASS_NL":null,"FCLASS_SE":null,"FCLASS_BD":null,"FCLASS_UA":null,"FCLASS_TLC":null},"bbox":[74.849994,12.900025,74.849994,12.900025],"geometry":{"type":"Point","coordinates":[74.849994,12.900025]}},{"type":"Feature","properties":{"SCALERANK":4,"NATSCALE":50,"LABELRANK":1,"FEATURECLA":"Populated place","NAME":"Mysuru","NAMEPAR":"Mysore","NAMEALT":null,"NAMEASCII":"Mysuru","ADM0CAP":0,"CAPIN":null,"WORLDCITY":0,"MEGACITY":1,"SOV0NAME":"India","SOV_A3":"IND","ADM0NAME":"India","ADM0_A3":"IND","ADM1NAME":"Karnataka","ISO_A2":"IN","NOTE":null,"LATITUDE":12.31193,"LONGITUDE":76.658067,"POP_MAX":887000,"POP_MIN":868313,"POP_OTHER":1120352,"RANK_MAX":11,"RANK_MIN":11,"MEGANAME":"Mysore","LS_NAME":"Mysore","MAX_POP10":1122628,"MAX_POP20":1122628,"MAX_POP50":1122628,"MAX_POP300":0,"MAX_POP310":0,"MAX_NATSCA":50,"MIN_AREAKM":281,"MAX_AREAKM":281,"MIN_AREAMI":108,"MAX_AREAMI":108,"MIN_PERKM":176,"MAX_PERKM":176,"MIN_PERMI":109,"MAX_PERMI":109,"MIN_BBXMIN":76.525,"MAX_BBXMIN":76.525,"MIN_BBXMAX":76.766667,"MAX_BBXMAX":76.766667,"MIN_BBYMIN":12.225,"MAX_BBYMIN":12.225,"MIN_BBYMAX":12.45,"MAX_BBYMAX":12.45,"MEAN_BBXC":76.643452,"MEAN_BBYC":12.340203,"TIMEZONE":"Asia/Kolkata","UN_FID":254,"POP1950":237,"POP1955":248,"POP1960":253,"POP1965":293,"POP1970":347,"POP1975":404,"POP1980":470,"POP1985":548,"POP1990":640,"POP1995":708,"POP2000":776,"POP2005":853,"POP2010":887,"POP2015":943,"POP2020":1053,"POP2025":1179,"POP2050":1322,"MIN_ZOOM":5.6,"WIKIDATAID":"Q10086","WOF_ID":102029303,"CAPALT":0,"NAME_EN":"Mysore","NAME_DE":"Mysuru","NAME_ES":"Mysore","NAME_FR":"Mysore","NAME_PT":"Mysore","NAME_RU":"Майсур","NAME_ZH":"迈索尔","LABEL":null,"NAME_AR":"مايسور","NAME_BN":"মহীশূর","NAME_EL":"Μαϊσόρε","NAME_HI":"मैसूर","NAME_HU":"Maiszúr","NAME_ID":"Mysore","NAME_IT":"Mysore","NAME_JA":"マイソール","NAME_KO":"마이소르","NAME_NL":"Mysore","NAME_PL":"Mysore","NAME_SV":"Mysore","NAME_TR":"Maisur","NAME_VI":"Mysore","NE_ID":1159150017,"NAME_FA":"میسور","NAME_HE":"מייסור","NAME_UK":"Майсур","NAME_UR":"میسور","NAME_ZHT":"邁索爾","GEONAMESID":1262321,"FCLASS_ISO":null,"FCLASS_US":null,"FCLASS_FR":null,"FCLASS_RU":null,"FCLASS_ES":null,"FCLASS_CN":null,"FCLASS_TW":null,"FCLASS_IN":null,"FCLASS_NP":null,"FCLASS_PK":null,"FCLASS_DE":null,"FCLASS_GB":null,"FCLASS_BR":null,"FCLASS_IL":null,"FCLASS_PS":null,"FCLASS_SA":null,"FCLASS_EG":null,"FCLASS_MA":null,"FCLASS_PT":null,"FCLASS_AR":null,"FCLASS_JP":null,"FCLASS_KO":null,"FCLASS_VN":null,"FCLASS_TR":null,"FCLASS_ID":null,"FCLASS_PL":null,"FCLASS_GR":null,"FCLASS_IT":null,"FCLASS_NL":null,"FCLASS_SE":null,"FCLASS_BD":null,"FCLASS_UA":null,"FCLASS_TLC":null},"bbox":[76.658067,12.31193,76.658067,12.31193],"geometry":{"type":"Point","coordinates":[76.658067,12.31193]}},{"type":"Feature","properties":{"SCALERANK":4,"NATSCALE":50,"LABELRANK":1,"FEATURECLA":"Populated place","NAME":"Kalaburagi","NAMEPAR":"Gulbarga","NAMEALT":null,"NAMEASCII":"Kalaburagi","ADM0CAP":0,"CAPIN":null,"WORLDCITY":0,"MEGACITY":0,"SOV0NAME":"India","SOV_A3":"IND","ADM0NAME":"India","ADM0_A3":"IND","ADM1NAME":"Karnataka","ISO_A2":"IN","NOTE":null,"LATITUDE":17.34996,"LONGITUDE":76.820003,"POP_MAX":483615,"POP_MIN":481478,"POP_OTHER":465967,"RANK_MAX":10,"RANK_MIN":10,"MEGANAME":null,"LS_NAME":"Gulbarga","MAX_POP10":481478,"MAX_POP20":481478,"MAX_POP50":481478,"MAX_POP300":0,"MAX_POP310":0,"MAX_NATSCA":50,"MIN_AREAKM":113,"MAX_AREAKM":113,"MIN_AREAMI":44,"MAX_AREAMI":44,"MIN_PERKM":72,"MAX_PERKM":72,"MIN_PERMI":45,"MAX_PERMI":45,"MIN_BBXMIN":76.766667,"MAX_BBXMIN":76.766667,"MIN_BBXMAX":76.883333,"MAX_BBXMAX":76.883333,"MIN_BBYMIN":17.275,"MAX_BBYMIN":17.275,"MIN_BBYMAX":17.408333,"MAX_BBYMAX":17.408333,"MEAN_BBXC":76.829529,"MEAN_BBYC":17.34535,"TIMEZONE":"Asia/Kolkata","UN_FID":0,"POP1950":0,"POP1955":0,"POP1960":0,"POP1965":0,"POP1970":0,"POP1975":0,"POP1980":0,"POP1985":0,"POP1990":0,"POP1995":0,"POP2000":0,"POP2005":0,"POP2010":0,"POP2015":0,"POP2020":0,"POP2025":0,"POP2050":0,"MIN_ZOOM":5.6,"WIKIDATAID":"Q37112","WOF_ID":102030177,"CAPALT":0,"NAME_EN":"Gulbarga","NAME_DE":"Gulbarga","NAME_ES":"Gulbarga","NAME_FR":"Gulbarga","NAME_PT":"Gulbarga","NAME_RU":"Гулбарга","NAME_ZH":"古巴尔嘎","LABEL":null,"NAME_AR":"كلبركة","NAME_BN":"গুলবর্গা","NAME_EL":"Καλαμπουράγκι","NAME_HI":"गुलबर्गा","NAME_HU":"Gulbarga","NAME_ID":"Kalaburagi","NAME_IT":"Gulbarga","NAME_JA":"グルバルガ","NAME_KO":"굴바르가","NAME_NL":"Gulbarga","NAME_PL":"Gulbarga","NAME_SV":"Gulbarga","NAME_TR":"Kalaburagi","NAME_VI":"Gulbarga","NE_ID":1159150019,"NAME_FA":"گلبرگه","NAME_HE":"קלבורגי","NAME_UK":"Гулбарга","NAME_UR":"گلبرگہ","NAME_ZHT":"古巴爾嘎","GEONAMESID":1270752,"FCLASS_ISO":null,"FCLASS_US":null,"FCLASS_FR":null,"FCLASS_RU":null,"FCLASS_ES":null,"FCLASS_CN":null,"FCLASS_TW":null,"FCLASS_IN":null,"FCLASS_NP":null,"FCLASS_PK":null,"FCLASS_DE":null,"FCLASS_GB":null,"FCLASS_BR":null,"FCLASS_IL":null,"FCLASS_PS":null,"FCLASS_SA":null,"FCLASS_EG":null,"FCLASS_MA":null,"FCLASS_PT":null,"FCLASS_AR":null,"FCLASS_JP":null,"FCLASS_KO":null,"FCLASS_VN":null,"FCLASS_TR":null,"FCLASS_ID":null,"FCLASS_PL":null,"FCLASS_GR":null,"FCLASS_IT":null,"FCLASS_NL":null,"FCLASS_SE":null,"FCLASS_BD":null,"FCLASS_UA":null,"FCLASS_TLC":null},"bbox":[76.820003,17.34996,76.820003,17.34996],"geometry":{"type":"Point","coordinates":[76.820003,17.34996]}},{"type":"Feature","properties":{"SCALERANK":4,"NATSCALE":50,"LABELRANK":1,"FEATURECLA":"Populated place","NAME":"Kolhapur","NAMEPAR":null,"NAMEALT":null,"NAMEASCII":"Kolhapur","ADM0CAP":0,"CAPIN":null,"WORLDCITY":0,"MEGACITY":0,"SOV0NAME":"India","SOV_A3":"IND","ADM0NAME":"India","ADM0_A3":"IND","ADM1NAME":"Maharashtra","ISO_A2":"IN","NOTE":null,"LATITUDE":16.7,"LONGITUDE":74.220007,"POP_MAX":750000,"POP_MIN":561841,"POP_OTHER":1081081,"RANK_MAX":11,"RANK_MIN":11,"MEGANAME":null,"LS_NAME":"Kolhapur","MAX_POP10":996048,"MAX_POP20":996048,"MAX_POP50":996048,"MAX_POP300":0,"MAX_POP310":0,"MAX_NATSCA":50,"MIN_AREAKM":453,"MAX_AREAKM":453,"MIN_AREAMI":175,"MAX_AREAMI":175,"MIN_PERKM":517,"MAX_PERKM":517,"MIN_PERMI":321,"MAX_PERMI":321,"MIN_BBXMIN":74.116667,"MAX_BBXMIN":74.116667,"MIN_BBXMAX":74.383333,"MAX_BBXMAX":74.383333,"MIN_BBYMIN":16.491667,"MAX_BBYMIN":16.491667,"MIN_BBYMAX":16.808333,"MAX_BBYMAX":16.808333,"MEAN_BBXC":74.255118,"MEAN_BBYC":16.655722,"TIMEZONE":"Asia/Kolkata","UN_FID":0,"POP1950":0,"POP1955":0,"POP1960":0,"POP1965":0,"POP1970":0,"POP1975":0,"POP1980":0,"POP1985":0,"POP1990":0,"POP1995":0,"POP2000":0,"POP2005":0,"POP2010":0,"POP2015":0,"POP2020":0,"POP2025":0,"POP2050":0,"MIN_ZOOM":5.1,"WIKIDATAID":"Q209698","WOF_ID":102029701,"CAPALT":0,"NAME_EN":"Kolhapur","NAME_DE":"Kolhapur","NAME_ES":"Kolhapur","NAME_FR":"Kolhapur","NAME_PT":"Kolhapur","NAME_RU":"Колхапур","NAME_ZH":"戈尔哈布尔","LABEL":null,"NAME_AR":"كولهابور","NAME_BN":"কোলাপুর","NAME_EL":"Κολχάπουρ","NAME_HI":"कोल्हापुर","NAME_HU":"Kolhápur","NAME_ID":"Kolhapur","NAME_IT":"Kolhapur","NAME_JA":"コールハープル","NAME_KO":"콜라푸르","NAME_NL":"Kolhapur","NAME_PL":"Kolhapur","NAME_SV":"Kolhapur","NAME_TR":"Kolhapur","NAME_VI":"Kolhapur","NE_ID":1159150021,"NAME_FA":"کولاپور","NAME_HE":"קולהאפור","NAME_UK":"Колхапур","NAME_UR":"کولہاپور","NAME_ZHT":"戈爾哈布爾","GEONAMESID":1266285,"FCLASS_ISO":null,"FCLASS_US":null,"FCLASS_FR":null,"FCLASS_RU":null,"FCLASS_ES":null,"FCLASS_CN":null,"FCLASS_TW":null,"FCLASS_IN":null,"FCLASS_NP":null,"FCLASS_PK":null,"FCLASS_DE":null,"FCLASS_GB":null,"FCLASS_BR":null,"FCLASS_IL":null,"FCLASS_PS":null,"FCLASS_SA":null,"FCLASS_EG":null,"FCLASS_MA":null,"FCLASS_PT":null,"FCLASS_AR":null,"FCLASS_JP":null,"FCLASS_KO":null,"FCLASS_VN":null,"FCLASS_TR":null,"FCLASS_ID":null,"FCLASS_PL":null,"FCLASS_GR":null,"FCLASS_IT":null,"FCLASS_NL":null,"FCLASS_SE":null,"FCLASS_BD":null,"FCLASS_UA":null,"FCLASS_TLC":null},"bbox":[74.220007,16.7,74.220007,16.7],"geometry":{"type":"Point","coordinates":[74.220007,16.7]}},{"type":"Feature","properties":{"SCALERANK":4,"NATSCALE":50,"LABELRANK":1,"FEATURECLA":"Populated place","NAME":"Nanded","NAMEPAR":null,"NAMEALT":null,"NAMEASCII":"Nanded","ADM0CAP":0,"CAPIN":null,"WORLDCITY":0,"MEGACITY":0,"SOV0NAME":"India","SOV_A3":"IND","ADM0NAME":"India","ADM0_A3":"IND","ADM1NAME":"Maharashtra","ISO_A2":"IN","NOTE":null,"LATITUDE":19.169979,"LONGITUDE":77.300026,"POP_MAX":623708,"POP_MIN":550564,"POP_OTHER":623868,"RANK_MAX":11,"RANK_MIN":11,"MEGANAME":null,"LS_NAME":"Nanded","MAX_POP10":623708,"MAX_POP20":623708,"MAX_POP50":623708,"MAX_POP300":0,"MAX_POP310":0,"MAX_NATSCA":50,"MIN_AREAKM":233,"MAX_AREAKM":233,"MIN_AREAMI":90,"MAX_AREAMI":90,"MIN_PERKM":219,"MAX_PERKM":219,"MIN_PERMI":136,"MAX_PERMI":136,"MIN_BBXMIN":77.2,"MAX_BBXMIN":77.2,"MIN_BBXMAX":77.408333,"MAX_BBXMAX":77.408333,"MIN_BBYMIN":19.091667,"MAX_BBYMIN":19.091667,"MIN_BBYMAX":19.341667,"MAX_BBYMAX":19.341667,"MEAN_BBXC":77.320052,"MEAN_BBYC":19.190712,"TIMEZONE":null,"UN_FID":0,"POP1950":0,"POP1955":0,"POP1960":0,"POP1965":0,"POP1970":0,"POP1975":0,"POP1980":0,"POP1985":0,"POP1990":0,"POP1995":0,"POP2000":0,"POP2005":0,"POP2010":0,"POP2015":0,"POP2020":0,"POP2025":0,"POP2050":0,"MIN_ZOOM":5.6,"WIKIDATAID":"Q855122","WOF_ID":1141909265,"CAPALT":0,"NAME_EN":"Nanded","NAME_DE":"Nanded","NAME_ES":"Nanded","NAME_FR":"Nanded","NAME_PT":"Nanded","NAME_RU":"Нандер","NAME_ZH":"楠代德","LABEL":null,"NAME_AR":"نانديد","NAME_BN":"নান্দেদ","NAME_EL":"Ναντέντ","NAME_HI":"नांदेड़","NAME_HU":"Nánded","NAME_ID":"Nanded","NAME_IT":"Nanded","NAME_JA":"ナーンデード","NAME_KO":"난데드","NAME_NL":"Nanded","NAME_PL":"Nander","NAME_SV":"Nanded","NAME_TR":"Nanded","NAME_VI":"Nanded","NE_ID":1159150025,"NAME_FA":"ناندید","NAME_HE":"ננדד","NAME_UK":"Нандед","NAME_UR":"ناندیڑ","NAME_ZHT":"楠代德","GEONAMESID":-1,"FCLASS_ISO":null,"FCLASS_US":null,"FCLASS_FR":null,"FCLASS_RU":null,"FCLASS_ES":null,"FCLASS_CN":null,"FCLASS_TW":null,"FCLASS_IN":null,"FCLASS_NP":null,"FCLASS_PK":null,"FCLASS_DE":null,"FCLASS_GB":null,"FCLASS_BR":null,"FCLASS_IL":null,"FCLASS_PS":null,"FCLASS_SA":null,"FCLASS_EG":null,"FCLASS_MA":null,"FCLASS_PT":null,"FCLASS_AR":null,"FCLASS_JP":null,"FCLASS_KO":null,"FCLASS_VN":null,"FCLASS_TR":null,"FCLASS_ID":null,"FCLASS_PL":null,"FCLASS_GR":null,"FCLASS_IT":null,"FCLASS_NL":null,"FCLASS_SE":null,"FCLASS_BD":null,"FCLASS_UA":null,"FCLASS_TLC":null},"bbox":[77.308337,19.197259,77.308337,19.197259],"geometry":{"type":"Point","coordinates":[77.308337,19.197259]}},{"type":"Feature","properties":{"SCALERANK":4,"NATSCALE":50,"LABELRANK":1,"FEATURECLA":"Populated place","NAME":"Akola","NAMEPAR":null,"NAMEALT":null,"NAMEASCII":"Akola","ADM0CAP":0,"CAPIN":null,"WORLDCITY":0,"MEGACITY":0,"SOV0NAME":"India","SOV_A3":"IND","ADM0NAME":"India","ADM0_A3":"IND","ADM1NAME":"Maharashtra","ISO_A2":"IN","NOTE":null,"LATITUDE":20.709988,"LONGITUDE":77.010018,"POP_MAX":503502,"POP_MIN":428857,"POP_OTHER":504189,"RANK_MAX":11,"RANK_MIN":10,"MEGANAME":null,"LS_NAME":"Akola","MAX_POP10":503502,"MAX_POP20":503502,"MAX_POP50":503502,"MAX_POP300":0,"MAX_POP310":0,"MAX_NATSCA":50,"MIN_AREAKM":172,"MAX_AREAKM":172,"MIN_AREAMI":66,"MAX_AREAMI":66,"MIN_PERKM":158,"MAX_PERKM":158,"MIN_PERMI":98,"MAX_PERMI":98,"MIN_BBXMIN":76.833333,"MAX_BBXMIN":76.833333,"MIN_BBXMAX":77.108333,"MAX_BBXMAX":77.108333,"MIN_BBYMIN":20.533333,"MAX_BBYMIN":20.533333,"MIN_BBYMAX":20.783333,"MAX_BBYMAX":20.783333,"MEAN_BBXC":76.991725,"MEAN_BBYC":20.700988,"TIMEZONE":"Asia/Kolkata","UN_FID":0,"POP1950":0,"POP1955":0,"POP1960":0,"POP1965":0,"POP1970":0,"POP1975":0,"POP1980":0,"POP1985":0,"POP1990":0,"POP1995":0,"POP2000":0,"POP2005":0,"POP2010":0,"POP2015":0,"POP2020":0,"POP2025":0,"POP2050":0,"MIN_ZOOM":5.6,"WIKIDATAID":"Q213014","WOF_ID":102031005,"CAPALT":0,"NAME_EN":"Akola","NAME_DE":"Akola","NAME_ES":"Akola","NAME_FR":"Akola","NAME_PT":"Akola","NAME_RU":"Акола","NAME_ZH":"阿科拉","LABEL":null,"NAME_AR":"أكولا","NAME_BN":"অকোলা","NAME_EL":"Ακόλα","NAME_HI":"अकोला","NAME_HU":"Akola","NAME_ID":"Akola","NAME_IT":"Akola","NAME_JA":"アコラ","NAME_KO":"아콜라","NAME_NL":"Akola","NAME_PL":"Akola","NAME_SV":"Akola","NAME_TR":"Akola","NAME_VI":"Akola","NE_ID":1159150027,"NAME_FA":"اکولا","NAME_HE":"אקולה","NAME_UK":"Акола","NAME_UR":"اکولہ","NAME_ZHT":"阿科拉","GEONAMESID":1279105,"FCLASS_ISO":null,"FCLASS_US":null,"FCLASS_FR":null,"FCLASS_RU":null,"FCLASS_ES":null,"FCLASS_CN":null,"FCLASS_TW":null,"FCLASS_IN":null,"FCLASS_NP":null,"FCLASS_PK":null,"FCLASS_DE":null,"FCLASS_GB":null,"FCLASS_BR":null,"FCLASS_IL":null,"FCLASS_PS":null,"FCLASS_SA":null,"FCLASS_EG":null,"FCLASS_MA":null,"FCLASS_PT":null,"FCLASS_AR":null,"FCLASS_JP":null,"FCLASS_KO":null,"FCLASS_VN":null,"FCLASS_TR":null,"FCLASS_ID":null,"FCLASS_PL":null,"FCLASS_GR":null,"FCLASS_IT":null,"FCLASS_NL":null,"FCLASS_SE":null,"FCLASS_BD":null,"FCLASS_UA":null,"FCLASS_TLC":null},"bbox":[77.010018,20.709988,77.010018,20.709988],"geometry":{"type":"Point","coordinates":[77.010018,20.709988]}},{"type":"Feature","properties":{"SCALERANK":4,"NATSCALE":50,"LABELRANK":1,"FEATURECLA":"Populated place","NAME":"Guwahati","NAMEPAR":null,"NAMEALT":"Gauhati|Dispur|Gauhati","NAMEASCII":"Guwahati","ADM0CAP":0,"CAPIN":null,"WORLDCITY":0,"MEGACITY":1,"SOV0NAME":"India","SOV_A3":"IND","ADM0NAME":"India","ADM0_A3":"IND","ADM1NAME":"Assam","ISO_A2":"IN","NOTE":null,"LATITUDE":26.161963,"LONGITUDE":91.768049,"POP_MAX":983000,"POP_MIN":17516,"POP_OTHER":5845724,"RANK_MAX":11,"RANK_MIN":6,"MEGANAME":"Guwahati","LS_NAME":"Guwahati","MAX_POP10":1681976,"MAX_POP20":1681976,"MAX_POP50":1681976,"MAX_POP300":0,"MAX_POP310":0,"MAX_NATSCA":50,"MIN_AREAKM":434,"MAX_AREAKM":434,"MIN_AREAMI":168,"MAX_AREAMI":168,"MIN_PERKM":348,"MAX_PERKM":348,"MIN_PERMI":216,"MAX_PERMI":216,"MIN_BBXMIN":91.3,"MAX_BBXMIN":91.3,"MIN_BBXMAX":91.858333,"MAX_BBXMAX":91.858333,"MIN_BBYMIN":25.908333,"MAX_BBYMIN":25.908333,"MIN_BBYMAX":26.2,"MAX_BBYMAX":26.2,"MEAN_BBXC":91.602394,"MEAN_BBYC":26.090337,"TIMEZONE":"Asia/Kolkata","UN_FID":232,"POP1950":43,"POP1955":71,"POP1960":126,"POP1965":161,"POP1970":195,"POP1975":252,"POP1980":329,"POP1985":431,"POP1990":564,"POP1995":675,"POP2000":797,"POP2005":932,"POP2010":983,"POP2015":1054,"POP2020":1178,"POP2025":1318,"POP2050":1477,"MIN_ZOOM":5.6,"WIKIDATAID":"Q199605","WOF_ID":102030245,"CAPALT":0,"NAME_EN":"Guwahati","NAME_DE":"Guwahati","NAME_ES":"Guwahati","NAME_FR":"Guwahati","NAME_PT":"Guwahati","NAME_RU":"Гувахати","NAME_ZH":"古瓦哈提","LABEL":null,"NAME_AR":"غواهاتي","NAME_BN":"গুয়াহাটি","NAME_EL":"Γουβαχάτι","NAME_HI":"गुवाहाटी","NAME_HU":"Gauháti","NAME_ID":"Guwahati","NAME_IT":"Guwahati","NAME_JA":"グワーハーティー","NAME_KO":"구와하티","NAME_NL":"Guwahati","NAME_PL":"Guwahati","NAME_SV":"Guwahati","NAME_TR":"Guwahati","NAME_VI":"Guwahati","NE_ID":1159150029,"NAME_FA":"گواتی","NAME_HE":"גוואהטי","NAME_UK":"Ґувахаті","NAME_UR":"گوہاٹی","NAME_ZHT":"古瓦哈提","GEONAMESID":1261186,"FCLASS_ISO":null,"FCLASS_US":null,"FCLASS_FR":null,"FCLASS_RU":null,"FCLASS_ES":null,"FCLASS_CN":null,"FCLASS_TW":null,"FCLASS_IN":null,"FCLASS_NP":null,"FCLASS_PK":null,"FCLASS_DE":null,"FCLASS_GB":null,"FCLASS_BR":null,"FCLASS_IL":null,"FCLASS_PS":null,"FCLASS_SA":null,"FCLASS_EG":null,"FCLASS_MA":null,"FCLASS_PT":null,"FCLASS_AR":null,"FCLASS_JP":null,"FCLASS_KO":null,"FCLASS_VN":null,"FCLASS_TR":null,"FCLASS_ID":null,"FCLASS_PL":null,"FCLASS_GR":null,"FCLASS_IT":null,"FCLASS_NL":null,"FCLASS_SE":null,"FCLASS_BD":null,"FCLASS_UA":null,"FCLASS_TLC":null},"bbox":[91.768049,26.161963,91.768049,26.161963],"geometry":{"type":"Point","coordinates":[91.768049,26.161963]}},{"type":"Feature","properties":{"SCALERANK":4,"NATSCALE":50,"LABELRANK":1,"FEATURECLA":"Populated place","NAME":"Ludhiana","NAMEPAR":null,"NAMEALT":null,"NAMEASCII":"Ludhiana","ADM0CAP":0,"CAPIN":null,"WORLDCITY":0,"MEGACITY":1,"SOV0NAME":"India","SOV_A3":"IND","ADM0NAME":"India","ADM0_A3":"IND","ADM1NAME":"Punjab","ISO_A2":"IN","NOTE":null,"LATITUDE":30.929708,"LONGITUDE":75.870312,"POP_MAX":1649000,"POP_MIN":1545368,"POP_OTHER":3666060,"RANK_MAX":12,"RANK_MIN":12,"MEGANAME":"Ludhiana","LS_NAME":"Ludhiana","MAX_POP10":3965257,"MAX_POP20":4175410,"MAX_POP50":12743933,"MAX_POP300":0,"MAX_POP310":0,"MAX_NATSCA":50,"MIN_AREAKM":4013,"MAX_AREAKM":12069,"MIN_AREAMI":1549,"MAX_AREAMI":4660,"MIN_PERKM":2953,"MAX_PERKM":9441,"MIN_PERMI":1835,"MAX_PERMI":5867,"MIN_BBXMIN":75.041667,"MAX_BBXMIN":75.113582,"MIN_BBXMAX":76.374056,"MAX_BBXMAX":76.940096,"MIN_BBYMIN":29.566667,"MAX_BBYMIN":30.15,"MIN_BBYMAX":31.234701,"MAX_BBYMAX":31.825,"MEAN_BBXC":75.876053,"MEAN_BBYC":30.765112,"TIMEZONE":"Asia/Kolkata","UN_FID":249,"POP1950":151,"POP1955":188,"POP1960":237,"POP1965":302,"POP1970":387,"POP1975":479,"POP1980":590,"POP1985":767,"POP1990":1006,"POP1995":1183,"POP2000":1368,"POP2005":1572,"POP2010":1649,"POP2015":1762,"POP2020":1961,"POP2025":2186,"POP2050":2440,"MIN_ZOOM":5.6,"WIKIDATAID":"Q200123","WOF_ID":102029555,"CAPALT":0,"NAME_EN":"Ludhiana","NAME_DE":"Ludhiana","NAME_ES":"Ludhiāna","NAME_FR":"Ludhiana","NAME_PT":"Ludhiana","NAME_RU":"Лудхияна","NAME_ZH":"卢迪亚纳","LABEL":null,"NAME_AR":"لوديانا","NAME_BN":"লুধিয়ানা","NAME_EL":"Λουντιάνα","NAME_HI":"लुधियाना","NAME_HU":"Ludhijána","NAME_ID":"Ludhiana","NAME_IT":"Ludhiana","NAME_JA":"ルディヤーナー","NAME_KO":"루디아나","NAME_NL":"Ludhiana","NAME_PL":"Ludhijana","NAME_SV":"Ludhiana","NAME_TR":"Ludhiana","NAME_VI":"Ludhiana","NE_ID":1159150137,"NAME_FA":"لودهیانا","NAME_HE":"לודהיאנה","NAME_UK":"Лудхіяна","NAME_UR":"لدھیانہ","NAME_ZHT":"盧迪亞納","GEONAMESID":1264728,"FCLASS_ISO":null,"FCLASS_US":null,"FCLASS_FR":null,"FCLASS_RU":null,"FCLASS_ES":null,"FCLASS_CN":null,"FCLASS_TW":null,"FCLASS_IN":null,"FCLASS_NP":null,"FCLASS_PK":null,"FCLASS_DE":null,"FCLASS_GB":null,"FCLASS_BR":null,"FCLASS_IL":null,"FCLASS_PS":null,"FCLASS_SA":null,"FCLASS_EG":null,"FCLASS_MA":null,"FCLASS_PT":null,"FCLASS_AR":null,"FCLASS_JP":null,"FCLASS_KO":null,"FCLASS_VN":null,"FCLASS_TR":null,"FCLASS_ID":null,"FCLASS_PL":null,"FCLASS_GR":null,"FCLASS_IT":null,"FCLASS_NL":null,"FCLASS_SE":null,"FCLASS_BD":null,"FCLASS_UA":null,"FCLASS_TLC":null},"bbox":[75.870312,30.929708,75.870312,30.929708],"geometry":{"type":"Point","coordinates":[75.870312,30.929708]}},{"type":"Feature","properties":{"SCALERANK":4,"NATSCALE":50,"LABELRANK":1,"FEATURECLA":"Populated place","NAME":"Kota","NAMEPAR":null,"NAMEALT":null,"NAMEASCII":"Kota","ADM0CAP":0,"CAPIN":null,"WORLDCITY":0,"MEGACITY":1,"SOV0NAME":"India","SOV_A3":"IND","ADM0NAME":"India","ADM0_A3":"IND","ADM1NAME":"Rajasthan","ISO_A2":"IN","NOTE":null,"LATITUDE":25.181945,"LONGITUDE":75.833053,"POP_MAX":827000,"POP_MIN":763088,"POP_OTHER":1093748,"RANK_MAX":11,"RANK_MIN":11,"MEGANAME":"Kota","LS_NAME":"Kota","MAX_POP10":1128302,"MAX_POP20":1128302,"MAX_POP50":1128302,"MAX_POP300":0,"MAX_POP310":0,"MAX_NATSCA":50,"MIN_AREAKM":173,"MAX_AREAKM":173,"MIN_AREAMI":67,"MAX_AREAMI":67,"MIN_PERKM":127,"MAX_PERKM":127,"MIN_PERMI":79,"MAX_PERMI":79,"MIN_BBXMIN":75.791667,"MAX_BBXMIN":75.791667,"MIN_BBXMAX":75.991667,"MAX_BBXMAX":75.991667,"MIN_BBYMIN":25.108333,"MAX_BBYMIN":25.108333,"MIN_BBYMAX":25.275,"MAX_BBYMAX":25.275,"MEAN_BBXC":75.873113,"MEAN_BBYC":25.184062,"TIMEZONE":"Asia/Kolkata","UN_FID":246,"POP1950":64,"POP1955":85,"POP1960":116,"POP1965":154,"POP1970":204,"POP1975":266,"POP1980":346,"POP1985":427,"POP1990":523,"POP1995":604,"POP2000":692,"POP2005":789,"POP2010":827,"POP2015":885,"POP2020":989,"POP2025":1108,"POP2050":1243,"MIN_ZOOM":5.6,"WIKIDATAID":"Q330531","WOF_ID":102029669,"CAPALT":0,"NAME_EN":"Kota","NAME_DE":"Kota","NAME_ES":"Kotah","NAME_FR":"Kota","NAME_PT":"Kota","NAME_RU":"Кота","NAME_ZH":"科塔","LABEL":null,"NAME_AR":"كوتا","NAME_BN":"কোটা","NAME_EL":"Κότα","NAME_HI":"कोटा","NAME_HU":"Kota","NAME_ID":"Kota","NAME_IT":"Kota","NAME_JA":"コーター","NAME_KO":"코타","NAME_NL":"Kota","NAME_PL":"Kota","NAME_SV":"Kota","NAME_TR":"Kota","NAME_VI":"Kota","NE_ID":1159150139,"NAME_FA":"کوتا","NAME_HE":"קוטה","NAME_UK":"Кота","NAME_UR":"کوٹہ","NAME_ZHT":"科塔","GEONAMESID":1266049,"FCLASS_ISO":null,"FCLASS_US":null,"FCLASS_FR":null,"FCLASS_RU":null,"FCLASS_ES":null,"FCLASS_CN":null,"FCLASS_TW":null,"FCLASS_IN":null,"FCLASS_NP":null,"FCLASS_PK":null,"FCLASS_DE":null,"FCLASS_GB":null,"FCLASS_BR":null,"FCLASS_IL":null,"FCLASS_PS":null,"FCLASS_SA":null,"FCLASS_EG":null,"FCLASS_MA":null,"FCLASS_PT":null,"FCLASS_AR":null,"FCLASS_JP":null,"FCLASS_KO":null,"FCLASS_VN":null,"FCLASS_TR":null,"FCLASS_ID":null,"FCLASS_PL":null,"FCLASS_GR":null,"FCLASS_IT":null,"FCLASS_NL":null,"FCLASS_SE":null,"FCLASS_BD":null,"FCLASS_UA":null,"FCLASS_TLC":null},"bbox":[75.833053,25.181945,75.833053,25.181945],"geometry":{"type":"Point","coordinates":[75.833053,25.181945]}},{"type":"Feature","properties":{"SCALERANK":4,"NATSCALE":50,"LABELRANK":1,"FEATURECLA":"Populated place","NAME":"Jodhpur","NAMEPAR":null,"NAMEALT":null,"NAMEASCII":"Jodhpur","ADM0CAP":0,"CAPIN":null,"WORLDCITY":0,"MEGACITY":1,"SOV0NAME":"India","SOV_A3":"IND","ADM0NAME":"India","ADM0_A3":"IND","ADM1NAME":"Rajasthan","ISO_A2":"IN","NOTE":null,"LATITUDE":26.293712,"LONGITUDE":73.014827,"POP_MAX":995000,"POP_MIN":921476,"POP_OTHER":1179912,"RANK_MAX":11,"RANK_MIN":11,"MEGANAME":"Jodhpur","LS_NAME":"Jodhpur","MAX_POP10":1170808,"MAX_POP20":1170808,"MAX_POP50":1236892,"MAX_POP300":0,"MAX_POP310":0,"MAX_NATSCA":50,"MIN_AREAKM":441,"MAX_AREAKM":543,"MIN_AREAMI":170,"MAX_AREAMI":210,"MIN_PERKM":494,"MAX_PERKM":687,"MIN_PERMI":307,"MAX_PERMI":427,"MIN_BBXMIN":72.891667,"MAX_BBXMIN":72.891667,"MIN_BBXMAX":73.655273,"MAX_BBXMAX":73.841667,"MIN_BBYMIN":26.125,"MAX_BBYMIN":26.125,"MIN_BBYMAX":26.575,"MAX_BBYMAX":26.575,"MEAN_BBXC":73.244871,"MEAN_BBYC":26.320987,"TIMEZONE":"Asia/Kolkata","UN_FID":242,"POP1950":177,"POP1955":199,"POP1960":222,"POP1965":261,"POP1970":310,"POP1975":388,"POP1980":491,"POP1985":570,"POP1990":654,"POP1995":743,"POP2000":842,"POP2005":951,"POP2010":995,"POP2015":1062,"POP2020":1185,"POP2025":1327,"POP2050":1486,"MIN_ZOOM":5.6,"WIKIDATAID":"Q200019","WOF_ID":102029947,"CAPALT":0,"NAME_EN":"Jodhpur","NAME_DE":"Jodhpur","NAME_ES":"Jodhpur","NAME_FR":"Jodhpur","NAME_PT":"Jodhpur","NAME_RU":"Джодхпур","NAME_ZH":"焦特布尔","LABEL":null,"NAME_AR":"جودبور","NAME_BN":"যোধপুর","NAME_EL":"Τζοντχπούρ","NAME_HI":"जोधपुर","NAME_HU":"Dzsodhpur","NAME_ID":"Jodhpur","NAME_IT":"Jodhpur","NAME_JA":"ジョードプル","NAME_KO":"조드푸르","NAME_NL":"Jodhpur","NAME_PL":"Dźodhpur","NAME_SV":"Jodhpur","NAME_TR":"Jodhpur","NAME_VI":"Jodhpur","NE_ID":1159150141,"NAME_FA":"جوداپور","NAME_HE":"ג'ודפור","NAME_UK":"Джодхпур","NAME_UR":"جودھ پور","NAME_ZHT":"焦特布爾","GEONAMESID":1268865,"FCLASS_ISO":null,"FCLASS_US":null,"FCLASS_FR":null,"FCLASS_RU":null,"FCLASS_ES":null,"FCLASS_CN":null,"FCLASS_TW":null,"FCLASS_IN":null,"FCLASS_NP":null,"FCLASS_PK":null,"FCLASS_DE":null,"FCLASS_GB":null,"FCLASS_BR":null,"FCLASS_IL":null,"FCLASS_PS":null,"FCLASS_SA":null,"FCLASS_EG":null,"FCLASS_MA":null,"FCLASS_PT":null,"FCLASS_AR":null,"FCLASS_JP":null,"FCLASS_KO":null,"FCLASS_VN":null,"FCLASS_TR":null,"FCLASS_ID":null,"FCLASS_PL":null,"FCLASS_GR":null,"FCLASS_IT":null,"FCLASS_NL":null,"FCLASS_SE":null,"FCLASS_BD":null,"FCLASS_UA":null,"FCLASS_TLC":null},"bbox":[73.014827,26.293712,73.014827,26.293712],"geometry":{"type":"Point","coordinates":[73.014827,26.293712]}},{"type":"Feature","properties":{"SCALERANK":4,"NATSCALE":50,"LABELRANK":1,"FEATURECLA":"Admin-1 capital","NAME":"Lucknow","NAMEPAR":null,"NAMEALT":null,"NAMEASCII":"Lucknow","ADM0CAP":0,"CAPIN":null,"WORLDCITY":0,"MEGACITY":1,"SOV0NAME":"India","SOV_A3":"IND","ADM0NAME":"India","ADM0_A3":"IND","ADM1NAME":"Uttar Pradesh","ISO_A2":"IN","NOTE":null,"LATITUDE":26.856985,"LONGITUDE":80.913053,"POP_MAX":2695000,"POP_MIN":2472011,"POP_OTHER":7149052,"RANK_MAX":12,"RANK_MIN":12,"MEGANAME":"Lucknow","LS_NAME":"Lucknow","MAX_POP10":7358626,"MAX_POP20":9342554,"MAX_POP50":33713032,"MAX_POP300":0,"MAX_POP310":0,"MAX_NATSCA":50,"MIN_AREAKM":5536,"MAX_AREAKM":30638,"MIN_AREAMI":2137,"MAX_AREAMI":11829,"MIN_PERKM":3783,"MAX_PERKM":22658,"MIN_PERMI":2351,"MAX_PERMI":14079,"MIN_BBXMIN":79.41804,"MAX_BBXMIN":80.333333,"MIN_BBXMAX":81.556235,"MAX_BBXMAX":82.566667,"MIN_BBYMIN":25.416667,"MAX_BBYMIN":26.302572,"MIN_BBYMAX":27.311917,"MAX_BBYMAX":29.025,"MEAN_BBXC":81.036867,"MEAN_BBYC":27.030612,"TIMEZONE":"Asia/Kolkata","UN_FID":248,"POP1950":489,"POP1955":560,"POP1960":644,"POP1965":720,"POP1970":801,"POP1975":892,"POP1980":993,"POP1985":1254,"POP1990":1614,"POP1995":1906,"POP2000":2221,"POP2005":2567,"POP2010":2695,"POP2015":2877,"POP2020":3191,"POP2025":3546,"POP2050":3944,"MIN_ZOOM":5.6,"WIKIDATAID":"Q47916","WOF_ID":102029557,"CAPALT":0,"NAME_EN":"Lucknow","NAME_DE":"Lucknow","NAME_ES":"Lucknow","NAME_FR":"Lucknow","NAME_PT":"Lucknow","NAME_RU":"Лакхнау","NAME_ZH":"勒克瑙","LABEL":null,"NAME_AR":"لكناو","NAME_BN":"লখনউ","NAME_EL":"Λάκναου","NAME_HI":"लखनऊ","NAME_HU":"Lakhnau","NAME_ID":"Lucknow","NAME_IT":"Lucknow","NAME_JA":"ラクナウ","NAME_KO":"러크나우","NAME_NL":"Lucknow","NAME_PL":"Lucknow","NAME_SV":"Lucknow","NAME_TR":"Lucknow","NAME_VI":"Lucknow","NE_ID":1159150147,"NAME_FA":"لکھنو","NAME_HE":"לאקנאו","NAME_UK":"Лакнау","NAME_UR":"لکھنؤ","NAME_ZHT":"勒克瑙","GEONAMESID":1264733,"FCLASS_ISO":null,"FCLASS_US":null,"FCLASS_FR":null,"FCLASS_RU":null,"FCLASS_ES":null,"FCLASS_CN":null,"FCLASS_TW":null,"FCLASS_IN":null,"FCLASS_NP":null,"FCLASS_PK":null,"FCLASS_DE":null,"FCLASS_GB":null,"FCLASS_BR":null,"FCLASS_IL":null,"FCLASS_PS":null,"FCLASS_SA":null,"FCLASS_EG":null,"FCLASS_MA":null,"FCLASS_PT":null,"FCLASS_AR":null,"FCLASS_JP":null,"FCLASS_KO":null,"FCLASS_VN":null,"FCLASS_TR":null,"FCLASS_ID":null,"FCLASS_PL":null,"FCLASS_GR":null,"FCLASS_IT":null,"FCLASS_NL":null,"FCLASS_SE":null,"FCLASS_BD":null,"FCLASS_UA":null,"FCLASS_TLC":null},"bbox":[80.913053,26.856985,80.913053,26.856985],"geometry":{"type":"Point","coordinates":[80.913053,26.856985]}},{"type":"Feature","properties":{"SCALERANK":4,"NATSCALE":50,"LABELRANK":1,"FEATURECLA":"Populated place","NAME":"Saharanpur","NAMEPAR":null,"NAMEALT":null,"NAMEASCII":"Saharanpur","ADM0CAP":0,"CAPIN":null,"WORLDCITY":0,"MEGACITY":0,"SOV0NAME":"India","SOV_A3":"IND","ADM0NAME":"India","ADM0_A3":"IND","ADM1NAME":"Uttar Pradesh","ISO_A2":"IN","NOTE":null,"LATITUDE":29.970017,"LONGITUDE":77.550036,"POP_MAX":484873,"POP_MIN":484873,"POP_OTHER":3079478,"RANK_MAX":10,"RANK_MIN":10,"MEGANAME":null,"LS_NAME":"Saharanpur","MAX_POP10":3192680,"MAX_POP20":4863289,"MAX_POP50":17575870,"MAX_POP300":0,"MAX_POP310":0,"MAX_NATSCA":50,"MIN_AREAKM":2717,"MAX_AREAKM":16186,"MIN_AREAMI":1049,"MAX_AREAMI":6249,"MIN_PERKM":1472,"MAX_PERKM":9814,"MIN_PERMI":915,"MAX_PERMI":6098,"MIN_BBXMIN":76.312171,"MAX_BBXMIN":77.14344,"MIN_BBXMAX":78.008333,"MAX_BBXMAX":79.66832,"MIN_BBYMIN":28.782206,"MAX_BBYMIN":29.645914,"MIN_BBYMAX":30.383333,"MAX_BBYMAX":30.823554,"MEAN_BBXC":77.571983,"MEAN_BBYC":29.844255,"TIMEZONE":"Asia/Kolkata","UN_FID":0,"POP1950":0,"POP1955":0,"POP1960":0,"POP1965":0,"POP1970":0,"POP1975":0,"POP1980":0,"POP1985":0,"POP1990":0,"POP1995":0,"POP2000":0,"POP2005":0,"POP2010":0,"POP2015":0,"POP2020":0,"POP2025":0,"POP2050":0,"MIN_ZOOM":5.6,"WIKIDATAID":"Q242895","WOF_ID":102028783,"CAPALT":0,"NAME_EN":"Saharanpur","NAME_DE":"Saharanpur","NAME_ES":"Saharanpur","NAME_FR":"Saharanpur","NAME_PT":"Saharanpur","NAME_RU":"Сахаранпур","NAME_ZH":"萨哈兰普尔","LABEL":null,"NAME_AR":"سهارنبور","NAME_BN":"সাহারানপুর","NAME_EL":"Σαχαρανπούρ","NAME_HI":"सहारनपुर","NAME_HU":"Szaharanpur","NAME_ID":"Saharanpur","NAME_IT":"Saharanpur","NAME_JA":"サハーランプル","NAME_KO":"사하란푸르","NAME_NL":"Saharanpur","NAME_PL":"Saharanpur","NAME_SV":"Saharanpur","NAME_TR":"Saharanpur","NAME_VI":"Saharanpur","NE_ID":1159150151,"NAME_FA":"سهارانپور","NAME_HE":"סהרנפור","NAME_UK":"Сахаранпур","NAME_UR":"سہارنپور","NAME_ZHT":"薩哈蘭普爾","GEONAMESID":1257806,"FCLASS_ISO":null,"FCLASS_US":null,"FCLASS_FR":null,"FCLASS_RU":null,"FCLASS_ES":null,"FCLASS_CN":null,"FCLASS_TW":null,"FCLASS_IN":null,"FCLASS_NP":null,"FCLASS_PK":null,"FCLASS_DE":null,"FCLASS_GB":null,"FCLASS_BR":null,"FCLASS_IL":null,"FCLASS_PS":null,"FCLASS_SA":null,"FCLASS_EG":null,"FCLASS_MA":null,"FCLASS_PT":null,"FCLASS_AR":null,"FCLASS_JP":null,"FCLASS_KO":null,"FCLASS_VN":null,"FCLASS_TR":null,"FCLASS_ID":null,"FCLASS_PL":null,"FCLASS_GR":null,"FCLASS_IT":null,"FCLASS_NL":null,"FCLASS_SE":null,"FCLASS_BD":null,"FCLASS_UA":null,"FCLASS_TLC":null},"bbox":[77.550036,29.970017,77.550036,29.970017],"geometry":{"type":"Point","coordinates":[77.550036,29.970017]}},{"type":"Feature","properties":{"SCALERANK":4,"NATSCALE":50,"LABELRANK":1,"FEATURECLA":"Admin-1 capital","NAME":"Ranchi","NAMEPAR":null,"NAMEALT":null,"NAMEASCII":"Ranchi","ADM0CAP":0,"CAPIN":null,"WORLDCITY":0,"MEGACITY":1,"SOV0NAME":"India","SOV_A3":"IND","ADM0NAME":"India","ADM0_A3":"IND","ADM1NAME":"Jharkhand","ISO_A2":"IN","NOTE":null,"LATITUDE":23.371952,"LONGITUDE":85.328081,"POP_MAX":1044000,"POP_MIN":846454,"POP_OTHER":2545274,"RANK_MAX":12,"RANK_MIN":11,"MEGANAME":"Ranchi","LS_NAME":"Ranchi","MAX_POP10":1694922,"MAX_POP20":1694922,"MAX_POP50":1694922,"MAX_POP300":0,"MAX_POP310":0,"MAX_NATSCA":50,"MIN_AREAKM":939,"MAX_AREAKM":939,"MIN_AREAMI":363,"MAX_AREAMI":363,"MIN_PERKM":1364,"MAX_PERKM":1364,"MIN_PERMI":847,"MAX_PERMI":847,"MIN_BBXMIN":84.608333,"MAX_BBXMIN":84.608333,"MIN_BBXMAX":85.591667,"MAX_BBXMAX":85.591667,"MIN_BBYMIN":22.875,"MAX_BBYMIN":22.875,"MIN_BBYMAX":23.591667,"MAX_BBYMAX":23.591667,"MEAN_BBXC":85.184031,"MEAN_BBYC":23.335944,"TIMEZONE":"Asia/Kolkata","UN_FID":261,"POP1950":103,"POP1955":120,"POP1960":138,"POP1965":182,"POP1970":244,"POP1975":342,"POP1980":480,"POP1985":549,"POP1990":607,"POP1995":712,"POP2000":844,"POP2005":990,"POP2010":1044,"POP2015":1120,"POP2020":1251,"POP2025":1400,"POP2050":1567,"MIN_ZOOM":5.6,"WIKIDATAID":"Q174461","WOF_ID":102028861,"CAPALT":0,"NAME_EN":"Ranchi","NAME_DE":"Ranchi","NAME_ES":"Ranchi","NAME_FR":"Ranchi","NAME_PT":"Ranchi","NAME_RU":"Ранчи","NAME_ZH":"兰契","LABEL":null,"NAME_AR":"رانشي","NAME_BN":"রাঁচি","NAME_EL":"Ράντσι","NAME_HI":"राँची","NAME_HU":"Ráncsi","NAME_ID":"Ranchi","NAME_IT":"Ranchi","NAME_JA":"ラーンチー","NAME_KO":"란치","NAME_NL":"Ranchi","NAME_PL":"Ranchi","NAME_SV":"Ranchi","NAME_TR":"Ranchi","NAME_VI":"Ranchi","NE_ID":1159150153,"NAME_FA":"رانچی","NAME_HE":"ראנצ'י","NAME_UK":"Ранчі","NAME_UR":"رانچی","NAME_ZHT":"蘭契","GEONAMESID":1258526,"FCLASS_ISO":null,"FCLASS_US":null,"FCLASS_FR":null,"FCLASS_RU":null,"FCLASS_ES":null,"FCLASS_CN":null,"FCLASS_TW":null,"FCLASS_IN":null,"FCLASS_NP":null,"FCLASS_PK":null,"FCLASS_DE":null,"FCLASS_GB":null,"FCLASS_BR":null,"FCLASS_IL":null,"FCLASS_PS":null,"FCLASS_SA":null,"FCLASS_EG":null,"FCLASS_MA":null,"FCLASS_PT":null,"FCLASS_AR":null,"FCLASS_JP":null,"FCLASS_KO":null,"FCLASS_VN":null,"FCLASS_TR":null,"FCLASS_ID":null,"FCLASS_PL":null,"FCLASS_GR":null,"FCLASS_IT":null,"FCLASS_NL":null,"FCLASS_SE":null,"FCLASS_BD":null,"FCLASS_UA":null,"FCLASS_TLC":null},"bbox":[85.32808,23.371952,85.32808,23.371952],"geometry":{"type":"Point","coordinates":[85.32808,23.371952]}},{"type":"Feature","properties":{"SCALERANK":4,"NATSCALE":50,"LABELRANK":1,"FEATURECLA":"Populated place","NAME":"Bhagalpur","NAMEPAR":null,"NAMEALT":null,"NAMEASCII":"Bhagalpur","ADM0CAP":0,"CAPIN":null,"WORLDCITY":0,"MEGACITY":0,"SOV0NAME":"India","SOV_A3":"IND","ADM0NAME":"India","ADM0_A3":"IND","ADM1NAME":"Bihar","ISO_A2":"IN","NOTE":null,"LATITUDE":25.229996,"LONGITUDE":86.980003,"POP_MAX":361548,"POP_MIN":361548,"POP_OTHER":12709550,"RANK_MAX":10,"RANK_MIN":10,"MEGANAME":null,"LS_NAME":"Bhagalpur","MAX_POP10":7733237,"MAX_POP20":7733242,"MAX_POP50":13166369,"MAX_POP300":0,"MAX_POP310":0,"MAX_NATSCA":50,"MIN_AREAKM":6611,"MAX_AREAKM":11513,"MIN_AREAMI":2552,"MAX_AREAMI":4445,"MIN_PERKM":4898,"MAX_PERKM":9135,"MIN_PERMI":3044,"MAX_PERMI":5676,"MIN_BBXMIN":85.933333,"MAX_BBXMIN":85.978373,"MIN_BBXMAX":87.675,"MAX_BBXMAX":87.866667,"MIN_BBYMIN":23.590948,"MAX_BBYMIN":24.286556,"MIN_BBYMAX":25.4,"MAX_BBYMAX":25.4,"MEAN_BBXC":86.862883,"MEAN_BBYC":24.854233,"TIMEZONE":"Asia/Kolkata","UN_FID":0,"POP1950":0,"POP1955":0,"POP1960":0,"POP1965":0,"POP1970":0,"POP1975":0,"POP1980":0,"POP1985":0,"POP1990":0,"POP1995":0,"POP2000":0,"POP2005":0,"POP2010":0,"POP2015":0,"POP2020":0,"POP2025":0,"POP2050":0,"MIN_ZOOM":5.6,"WIKIDATAID":"Q760714","WOF_ID":102030721,"CAPALT":0,"NAME_EN":"Bhagalpur","NAME_DE":"Bhagalpur","NAME_ES":"Bhagalpur","NAME_FR":"Bhagalpur","NAME_PT":"Bhagalpur","NAME_RU":"Бхагалпур","NAME_ZH":"帕格尔布尔","LABEL":null,"NAME_AR":"بهاجالبور","NAME_BN":"ভাগলপুর","NAME_EL":"Μπαγκαλπούρ","NAME_HI":"भागलपुर","NAME_HU":"Bhágalpur","NAME_ID":"Bhagalpur","NAME_IT":"Bhagalpur","NAME_JA":"バーガルプル","NAME_KO":"바갈푸르","NAME_NL":"Bhagalpur","NAME_PL":"Bhagalpur","NAME_SV":"Bhagalpur","NAME_TR":"Bhagalpur","NAME_VI":"Bhagalpur","NE_ID":1159150155,"NAME_FA":"باگلپور","NAME_HE":"בהגלפור","NAME_UK":"Бхаґалпур","NAME_UR":"بھاگلپور","NAME_ZHT":"帕格爾布爾","GEONAMESID":1276300,"FCLASS_ISO":null,"FCLASS_US":null,"FCLASS_FR":null,"FCLASS_RU":null,"FCLASS_ES":null,"FCLASS_CN":null,"FCLASS_TW":null,"FCLASS_IN":null,"FCLASS_NP":null,"FCLASS_PK":null,"FCLASS_DE":null,"FCLASS_GB":null,"FCLASS_BR":null,"FCLASS_IL":null,"FCLASS_PS":null,"FCLASS_SA":null,"FCLASS_EG":null,"FCLASS_MA":null,"FCLASS_PT":null,"FCLASS_AR":null,"FCLASS_JP":null,"FCLASS_KO":null,"FCLASS_VN":null,"FCLASS_TR":null,"FCLASS_ID":null,"FCLASS_PL":null,"FCLASS_GR":null,"FCLASS_IT":null,"FCLASS_NL":null,"FCLASS_SE":null,"FCLASS_BD":null,"FCLASS_UA":null,"FCLASS_TLC":null},"bbox":[86.980003,25.229996,86.980003,25.229996],"geometry":{"type":"Point","coordinates":[86.980003,25.229996]}},{"type":"Feature","properties":{"SCALERANK":4,"NATSCALE":50,"LABELRANK":1,"FEATURECLA":"Admin-1 capital","NAME":"Raipur","NAMEPAR":null,"NAMEALT":null,"NAMEASCII":"Raipur","ADM0CAP":0,"CAPIN":null,"WORLDCITY":0,"MEGACITY":1,"SOV0NAME":"India","SOV_A3":"IND","ADM0NAME":"India","ADM0_A3":"IND","ADM1NAME":"Chhattisgarh","ISO_A2":"IN","NOTE":null,"LATITUDE":21.23694,"LONGITUDE":81.633061,"POP_MAX":875000,"POP_MIN":679995,"POP_OTHER":2209778,"RANK_MAX":11,"RANK_MIN":11,"MEGANAME":"Raipur","LS_NAME":"Raipur","MAX_POP10":2171977,"MAX_POP20":2171977,"MAX_POP50":2171977,"MAX_POP300":0,"MAX_POP310":0,"MAX_NATSCA":50,"MIN_AREAKM":752,"MAX_AREAKM":752,"MIN_AREAMI":290,"MAX_AREAMI":290,"MIN_PERKM":708,"MAX_PERKM":708,"MIN_PERMI":440,"MAX_PERMI":440,"MIN_BBXMIN":81.158333,"MAX_BBXMIN":81.158333,"MIN_BBXMAX":81.983333,"MAX_BBXMAX":81.983333,"MIN_BBYMIN":20.683333,"MAX_BBYMIN":20.683333,"MIN_BBYMAX":21.5,"MAX_BBYMAX":21.5,"MEAN_BBXC":81.481254,"MEAN_BBYC":21.180387,"TIMEZONE":"Asia/Kolkata","UN_FID":259,"POP1950":88,"POP1955":109,"POP1960":136,"POP1965":165,"POP1970":200,"POP1975":255,"POP1980":327,"POP1985":387,"POP1990":453,"POP1995":553,"POP2000":680,"POP2005":824,"POP2010":875,"POP2015":944,"POP2020":1057,"POP2025":1184,"POP2050":1327,"MIN_ZOOM":5.6,"WIKIDATAID":"Q372773","WOF_ID":102028919,"CAPALT":0,"NAME_EN":"Raipur","NAME_DE":"Raipur","NAME_ES":"Raipur","NAME_FR":"Raipur","NAME_PT":"Raipur","NAME_RU":"Райпур","NAME_ZH":"赖布尔","LABEL":null,"NAME_AR":"رايبور","NAME_BN":"রায়পুর","NAME_EL":"Ραϊπούρ","NAME_HI":"रायपुर","NAME_HU":"Rájpur","NAME_ID":"Raipur","NAME_IT":"Raipur","NAME_JA":"ラーイプル","NAME_KO":"라이푸르","NAME_NL":"Raipur","NAME_PL":"Raipur","NAME_SV":"Raipur","NAME_TR":"Raipur","NAME_VI":"Raipur","NE_ID":1159150157,"NAME_FA":"رایپور","NAME_HE":"ראיפור","NAME_UK":"Райпур","NAME_UR":"رائے پور","NAME_ZHT":"賴布爾","GEONAMESID":1258980,"FCLASS_ISO":null,"FCLASS_US":null,"FCLASS_FR":null,"FCLASS_RU":null,"FCLASS_ES":null,"FCLASS_CN":null,"FCLASS_TW":null,"FCLASS_IN":null,"FCLASS_NP":null,"FCLASS_PK":null,"FCLASS_DE":null,"FCLASS_GB":null,"FCLASS_BR":null,"FCLASS_IL":null,"FCLASS_PS":null,"FCLASS_SA":null,"FCLASS_EG":null,"FCLASS_MA":null,"FCLASS_PT":null,"FCLASS_AR":null,"FCLASS_JP":null,"FCLASS_KO":null,"FCLASS_VN":null,"FCLASS_TR":null,"FCLASS_ID":null,"FCLASS_PL":null,"FCLASS_GR":null,"FCLASS_IT":null,"FCLASS_NL":null,"FCLASS_SE":null,"FCLASS_BD":null,"FCLASS_UA":null,"FCLASS_TLC":null},"bbox":[81.633061,21.23694,81.633061,21.23694],"geometry":{"type":"Point","coordinates":[81.633061,21.23694]}},{"type":"Feature","properties":{"SCALERANK":4,"NATSCALE":50,"LABELRANK":1,"FEATURECLA":"Populated place","NAME":"Jabalpur","NAMEPAR":null,"NAMEALT":null,"NAMEASCII":"Jabalpur","ADM0CAP":0,"CAPIN":null,"WORLDCITY":0,"MEGACITY":1,"SOV0NAME":"India","SOV_A3":"IND","ADM0NAME":"India","ADM0_A3":"IND","ADM1NAME":"Madhya Pradesh","ISO_A2":"IN","NOTE":null,"LATITUDE":23.177003,"LONGITUDE":79.953112,"POP_MAX":1285000,"POP_MIN":1030168,"POP_OTHER":1202571,"RANK_MAX":12,"RANK_MIN":12,"MEGANAME":"Jabalpur","LS_NAME":"Jabalpur","MAX_POP10":1216369,"MAX_POP20":1216369,"MAX_POP50":1216369,"MAX_POP300":0,"MAX_POP310":0,"MAX_NATSCA":50,"MIN_AREAKM":265,"MAX_AREAKM":265,"MIN_AREAMI":102,"MAX_AREAMI":102,"MIN_PERKM":206,"MAX_PERKM":206,"MIN_PERMI":128,"MAX_PERMI":128,"MIN_BBXMIN":79.816667,"MAX_BBXMIN":79.816667,"MIN_BBXMAX":80.083333,"MAX_BBXMAX":80.083333,"MIN_BBYMIN":23.041667,"MAX_BBYMIN":23.041667,"MIN_BBYMAX":23.358333,"MAX_BBYMAX":23.358333,"MEAN_BBXC":79.943775,"MEAN_BBYC":23.185987,"TIMEZONE":"Asia/Kolkata","UN_FID":237,"POP1950":251,"POP1955":300,"POP1960":358,"POP1965":431,"POP1970":520,"POP1975":621,"POP1980":740,"POP1985":812,"POP1990":879,"POP1995":981,"POP2000":1100,"POP2005":1231,"POP2010":1285,"POP2015":1369,"POP2020":1524,"POP2025":1703,"POP2050":1904,"MIN_ZOOM":5.6,"WIKIDATAID":"Q200878","WOF_ID":102030029,"CAPALT":0,"NAME_EN":"Jabalpur","NAME_DE":"Jabalpur","NAME_ES":"Jabalpur","NAME_FR":"Jabalpur","NAME_PT":"Jabalpur","NAME_RU":"Джабалпур","NAME_ZH":"贾巴尔普尔","LABEL":null,"NAME_AR":"جبلبور","NAME_BN":"জব্বলপুর","NAME_EL":"Τζάμπαλπούρ","NAME_HI":"जबलपुर","NAME_HU":"Dzsabalpur","NAME_ID":"Jabalpur","NAME_IT":"Jabalpur","NAME_JA":"ジャバルプル","NAME_KO":"자발푸르","NAME_NL":"Jabalpur","NAME_PL":"Dżabalpur","NAME_SV":"Jabalpur","NAME_TR":"Jabalpur","NAME_VI":"Jabalpur","NE_ID":1159150159,"NAME_FA":"جبالپور","NAME_HE":"ג׳באלפור","NAME_UK":"Джабалпур","NAME_UR":"جبل پور","NAME_ZHT":"賈巴爾普爾","GEONAMESID":1269633,"FCLASS_ISO":null,"FCLASS_US":null,"FCLASS_FR":null,"FCLASS_RU":null,"FCLASS_ES":null,"FCLASS_CN":null,"FCLASS_TW":null,"FCLASS_IN":null,"FCLASS_NP":null,"FCLASS_PK":null,"FCLASS_DE":null,"FCLASS_GB":null,"FCLASS_BR":null,"FCLASS_IL":null,"FCLASS_PS":null,"FCLASS_SA":null,"FCLASS_EG":null,"FCLASS_MA":null,"FCLASS_PT":null,"FCLASS_AR":null,"FCLASS_JP":null,"FCLASS_KO":null,"FCLASS_VN":null,"FCLASS_TR":null,"FCLASS_ID":null,"FCLASS_PL":null,"FCLASS_GR":null,"FCLASS_IT":null,"FCLASS_NL":null,"FCLASS_SE":null,"FCLASS_BD":null,"FCLASS_UA":null,"FCLASS_TLC":null},"bbox":[79.953112,23.177003,79.953112,23.177003],"geometry":{"type":"Point","coordinates":[79.953112,23.177003]}},{"type":"Feature","properties":{"SCALERANK":4,"NATSCALE":50,"LABELRANK":1,"FEATURECLA":"Populated place","NAME":"Indore","NAMEPAR":null,"NAMEALT":null,"NAMEASCII":"Indore","ADM0CAP":0,"CAPIN":null,"WORLDCITY":0,"MEGACITY":1,"SOV0NAME":"India","SOV_A3":"IND","ADM0NAME":"India","ADM0_A3":"IND","ADM1NAME":"Madhya Pradesh","ISO_A2":"IN","NOTE":null,"LATITUDE":22.717005,"LONGITUDE":75.863077,"POP_MAX":2026000,"POP_MIN":1837041,"POP_OTHER":2311691,"RANK_MAX":12,"RANK_MIN":12,"MEGANAME":"Indore","LS_NAME":"Indore","MAX_POP10":2345033,"MAX_POP20":2345033,"MAX_POP50":2436041,"MAX_POP300":0,"MAX_POP310":0,"MAX_NATSCA":50,"MIN_AREAKM":813,"MAX_AREAKM":895,"MIN_AREAMI":314,"MAX_AREAMI":346,"MIN_PERKM":592,"MAX_PERKM":661,"MIN_PERMI":368,"MAX_PERMI":411,"MIN_BBXMIN":75.441667,"MAX_BBXMIN":75.441667,"MIN_BBXMAX":76.25,"MAX_BBXMAX":76.25,"MIN_BBYMIN":22.516667,"MAX_BBYMIN":22.516667,"MIN_BBYMAX":22.991667,"MAX_BBYMAX":23.1,"MEAN_BBXC":75.836805,"MEAN_BBYC":22.736915,"TIMEZONE":"Asia/Kolkata","UN_FID":236,"POP1950":302,"POP1955":345,"POP1960":389,"POP1965":459,"POP1970":546,"POP1975":663,"POP1980":808,"POP1985":941,"POP1990":1088,"POP1995":1314,"POP2000":1597,"POP2005":1914,"POP2010":2026,"POP2015":2176,"POP2020":2421,"POP2025":2696,"POP2050":3005,"MIN_ZOOM":5.6,"WIKIDATAID":"Q66616","WOF_ID":102030041,"CAPALT":0,"NAME_EN":"Indore","NAME_DE":"Indore","NAME_ES":"Indore","NAME_FR":"Indore","NAME_PT":"Indore","NAME_RU":"Индаур","NAME_ZH":"因多尔","LABEL":null,"NAME_AR":"إندور","NAME_BN":"ইন্দোর","NAME_EL":"Ιντόρ","NAME_HI":"इन्दौर","NAME_HU":"Indaur","NAME_ID":"Indore","NAME_IT":"Indore","NAME_JA":"インドール","NAME_KO":"인도르","NAME_NL":"Indore","NAME_PL":"Indore","NAME_SV":"Indore","NAME_TR":"Indore","NAME_VI":"Indore","NE_ID":1159150161,"NAME_FA":"ایندور","NAME_HE":"אינדור","NAME_UK":"Індаур","NAME_UR":"اندور","NAME_ZHT":"因多爾","GEONAMESID":1269743,"FCLASS_ISO":null,"FCLASS_US":null,"FCLASS_FR":null,"FCLASS_RU":null,"FCLASS_ES":null,"FCLASS_CN":null,"FCLASS_TW":null,"FCLASS_IN":null,"FCLASS_NP":null,"FCLASS_PK":null,"FCLASS_DE":null,"FCLASS_GB":null,"FCLASS_BR":null,"FCLASS_IL":null,"FCLASS_PS":null,"FCLASS_SA":null,"FCLASS_EG":null,"FCLASS_MA":null,"FCLASS_PT":null,"FCLASS_AR":null,"FCLASS_JP":null,"FCLASS_KO":null,"FCLASS_VN":null,"FCLASS_TR":null,"FCLASS_ID":null,"FCLASS_PL":null,"FCLASS_GR":null,"FCLASS_IT":null,"FCLASS_NL":null,"FCLASS_SE":null,"FCLASS_BD":null,"FCLASS_UA":null,"FCLASS_TLC":null},"bbox":[75.863077,22.717005,75.863077,22.717005],"geometry":{"type":"Point","coordinates":[75.863077,22.717005]}},{"type":"Feature","properties":{"SCALERANK":4,"NATSCALE":50,"LABELRANK":1,"FEATURECLA":"Admin-1 capital","NAME":"Puducherry","NAMEPAR":"Pondicherry","NAMEALT":null,"NAMEASCII":"Puducherry","ADM0CAP":0,"CAPIN":null,"WORLDCITY":0,"MEGACITY":0,"SOV0NAME":"India","SOV_A3":"IND","ADM0NAME":"India","ADM0_A3":"IND","ADM1NAME":"Puducherry","ISO_A2":"IN","NOTE":null,"LATITUDE":11.934994,"LONGITUDE":79.83,"POP_MAX":227411,"POP_MIN":227411,"POP_OTHER":1518183,"RANK_MAX":10,"RANK_MIN":10,"MEGANAME":null,"LS_NAME":"Pondicherry","MAX_POP10":1518412,"MAX_POP20":3438854,"MAX_POP50":5677101,"MAX_POP300":0,"MAX_POP310":0,"MAX_NATSCA":50,"MIN_AREAKM":1148,"MAX_AREAKM":6352,"MIN_AREAMI":443,"MAX_AREAMI":2453,"MIN_PERKM":1040,"MAX_PERKM":6495,"MIN_PERMI":646,"MAX_PERMI":4036,"MIN_BBXMIN":78.633333,"MAX_BBXMIN":79.417855,"MIN_BBXMAX":79.958333,"MAX_BBXMAX":80.141667,"MIN_BBYMIN":11.163055,"MAX_BBYMIN":11.825183,"MIN_BBYMAX":12.389637,"MAX_BBYMAX":12.887828,"MEAN_BBXC":79.562583,"MEAN_BBYC":11.982197,"TIMEZONE":"Asia/Kolkata","UN_FID":0,"POP1950":0,"POP1955":0,"POP1960":0,"POP1965":0,"POP1970":0,"POP1975":0,"POP1980":0,"POP1985":0,"POP1990":0,"POP1995":0,"POP2000":0,"POP2005":0,"POP2010":0,"POP2015":0,"POP2020":0,"POP2025":0,"POP2050":0,"MIN_ZOOM":5.1,"WIKIDATAID":"Q639421","WOF_ID":102028985,"CAPALT":0,"NAME_EN":"Pondicherry","NAME_DE":"Puducherry","NAME_ES":"Puducherry","NAME_FR":"Pondichéry","NAME_PT":"Puducherry","NAME_RU":"Пондичерри","NAME_ZH":"本地治里","LABEL":null,"NAME_AR":"بودوتشيري","NAME_BN":"পণ্ডিচেরী","NAME_EL":"Πουντουτσέρι","NAME_HI":"पॉन्डिचेरी","NAME_HU":"Puduccseri","NAME_ID":"Pondicherry","NAME_IT":"Pondicherry","NAME_JA":"ポンディシェリ","NAME_KO":"퐁디셰리","NAME_NL":"Puducherry","NAME_PL":"Puducherry","NAME_SV":"Puducherry","NAME_TR":"Puducherry","NAME_VI":"Pondicherry","NE_ID":1159150163,"NAME_FA":"پوندیچری","NAME_HE":"פודוצ'רי","NAME_UK":"Пудучеррі","NAME_UR":"پانڈچیری","NAME_ZHT":"本地治里市","GEONAMESID":1259425,"FCLASS_ISO":null,"FCLASS_US":null,"FCLASS_FR":null,"FCLASS_RU":null,"FCLASS_ES":null,"FCLASS_CN":null,"FCLASS_TW":null,"FCLASS_IN":null,"FCLASS_NP":null,"FCLASS_PK":null,"FCLASS_DE":null,"FCLASS_GB":null,"FCLASS_BR":null,"FCLASS_IL":null,"FCLASS_PS":null,"FCLASS_SA":null,"FCLASS_EG":null,"FCLASS_MA":null,"FCLASS_PT":null,"FCLASS_AR":null,"FCLASS_JP":null,"FCLASS_KO":null,"FCLASS_VN":null,"FCLASS_TR":null,"FCLASS_ID":null,"FCLASS_PL":null,"FCLASS_GR":null,"FCLASS_IT":null,"FCLASS_NL":null,"FCLASS_SE":null,"FCLASS_BD":null,"FCLASS_UA":null,"FCLASS_TLC":null},"bbox":[79.83,11.934994,79.83,11.934994],"geometry":{"type":"Point","coordinates":[79.83,11.934994]}},{"type":"Feature","properties":{"SCALERANK":4,"NATSCALE":50,"LABELRANK":1,"FEATURECLA":"Populated place","NAME":"Salem","NAMEPAR":null,"NAMEALT":null,"NAMEASCII":"Salem","ADM0CAP":0,"CAPIN":null,"WORLDCITY":0,"MEGACITY":1,"SOV0NAME":"India","SOV_A3":"IND","ADM0NAME":"India","ADM0_A3":"IND","ADM1NAME":"Tamil Nadu","ISO_A2":"IN","NOTE":null,"LATITUDE":11.671943,"LONGITUDE":78.178129,"POP_MAX":873000,"POP_MIN":778396,"POP_OTHER":3442121,"RANK_MAX":11,"RANK_MIN":11,"MEGANAME":"Salem","LS_NAME":"Salem3","MAX_POP10":3299376,"MAX_POP20":4951041,"MAX_POP50":0,"MAX_POP300":0,"MAX_POP310":0,"MAX_NATSCA":20,"MIN_AREAKM":2232,"MAX_AREAKM":2997,"MIN_AREAMI":862,"MAX_AREAMI":1157,"MIN_PERKM":2404,"MAX_PERKM":3216,"MIN_PERMI":1494,"MAX_PERMI":1998,"MIN_BBXMIN":77.533333,"MAX_BBXMIN":77.674024,"MIN_BBXMAX":78.89011,"MAX_BBXMAX":78.89011,"MIN_BBYMIN":11.026994,"MAX_BBYMIN":11.329929,"MIN_BBYMAX":12.391667,"MAX_BBYMAX":12.391667,"MEAN_BBXC":78.048607,"MEAN_BBYC":11.638174,"TIMEZONE":"Asia/Kolkata","UN_FID":262,"POP1950":197,"POP1955":231,"POP1960":268,"POP1965":327,"POP1970":404,"POP1975":458,"POP1980":511,"POP1985":544,"POP1990":574,"POP1995":647,"POP2000":736,"POP2005":834,"POP2010":873,"POP2015":933,"POP2020":1042,"POP2025":1168,"POP2050":1309,"MIN_ZOOM":5.6,"WIKIDATAID":"Q9863","WOF_ID":102028771,"CAPALT":0,"NAME_EN":"Salem","NAME_DE":"Salem","NAME_ES":"Salem","NAME_FR":"Salem","NAME_PT":"Salem","NAME_RU":"Салем","NAME_ZH":"萨兰姆","LABEL":null,"NAME_AR":"سالم","NAME_BN":"সালেম","NAME_EL":"Σάλεμ","NAME_HI":"सेलम","NAME_HU":"Szálem","NAME_ID":"Salem","NAME_IT":"Salem","NAME_JA":"セーラム","NAME_KO":"살렘","NAME_NL":"Salem","NAME_PL":"Selam","NAME_SV":"Salem","NAME_TR":"Salem","NAME_VI":"Salem","NE_ID":1159150165,"NAME_FA":"سالم","NAME_HE":"סאלם","NAME_UK":"Салем","NAME_UR":"سیلم","NAME_ZHT":"薩蘭姆","GEONAMESID":1257629,"FCLASS_ISO":null,"FCLASS_US":null,"FCLASS_FR":null,"FCLASS_RU":null,"FCLASS_ES":null,"FCLASS_CN":null,"FCLASS_TW":null,"FCLASS_IN":null,"FCLASS_NP":null,"FCLASS_PK":null,"FCLASS_DE":null,"FCLASS_GB":null,"FCLASS_BR":null,"FCLASS_IL":null,"FCLASS_PS":null,"FCLASS_SA":null,"FCLASS_EG":null,"FCLASS_MA":null,"FCLASS_PT":null,"FCLASS_AR":null,"FCLASS_JP":null,"FCLASS_KO":null,"FCLASS_VN":null,"FCLASS_TR":null,"FCLASS_ID":null,"FCLASS_PL":null,"FCLASS_GR":null,"FCLASS_IT":null,"FCLASS_NL":null,"FCLASS_SE":null,"FCLASS_BD":null,"FCLASS_UA":null,"FCLASS_TLC":null},"bbox":[78.178129,11.671943,78.178129,11.671943],"geometry":{"type":"Point","coordinates":[78.178129,11.671943]}},{"type":"Feature","properties":{"SCALERANK":4,"NATSCALE":50,"LABELRANK":1,"FEATURECLA":"Populated place","NAME":"Tiruchirappalli","NAMEPAR":null,"NAMEALT":"Trichinopoly|Tiruchirappalli","NAMEASCII":"Tiruchirappalli","ADM0CAP":0,"CAPIN":null,"WORLDCITY":0,"MEGACITY":1,"SOV0NAME":"India","SOV_A3":"IND","ADM0NAME":"India","ADM0_A3":"IND","ADM1NAME":"Tamil Nadu","ISO_A2":"IN","NOTE":null,"LATITUDE":10.811944,"LONGITUDE":78.688021,"POP_MAX":951000,"POP_MIN":775484,"POP_OTHER":2133188,"RANK_MAX":11,"RANK_MIN":11,"MEGANAME":"Tiruchirappalli","LS_NAME":"Tiruchchirappalli","MAX_POP10":2109270,"MAX_POP20":5896794,"MAX_POP50":6301126,"MAX_POP300":0,"MAX_POP310":0,"MAX_NATSCA":50,"MIN_AREAKM":2011,"MAX_AREAKM":7462,"MIN_AREAMI":776,"MAX_AREAMI":2881,"MIN_PERKM":2458,"MAX_PERKM":7742,"MIN_PERMI":1527,"MAX_PERMI":4811,"MIN_BBXMIN":78.05,"MAX_BBXMIN":78.352262,"MIN_BBXMAX":78.959285,"MAX_BBXMAX":79.866667,"MIN_BBYMIN":10.008333,"MAX_BBYMIN":10.075048,"MIN_BBYMAX":11.35,"MAX_BBYMAX":11.516667,"MEAN_BBXC":78.94197,"MEAN_BBYC":10.731412,"TIMEZONE":"Asia/Kolkata","UN_FID":267,"POP1950":287,"POP1955":313,"POP1960":336,"POP1965":388,"POP1970":454,"POP1975":522,"POP1980":599,"POP1985":652,"POP1990":705,"POP1995":768,"POP2000":837,"POP2005":916,"POP2010":951,"POP2015":1011,"POP2020":1127,"POP2025":1262,"POP2050":1414,"MIN_ZOOM":5.6,"WIKIDATAID":"Q207754","WOF_ID":102028441,"CAPALT":0,"NAME_EN":"Trichy","NAME_DE":"Tiruchirappalli","NAME_ES":"Tiruchirappalli","NAME_FR":"Tiruchirappalli","NAME_PT":"Tiruchirappalli","NAME_RU":"Тируччираппалли","NAME_ZH":"蒂鲁吉拉帕利","LABEL":null,"NAME_AR":"تيريوشيراببالي","NAME_BN":"তিরুচিরাপল্লী","NAME_EL":"Τιρουτσιραπάλλι","NAME_HI":"तिरुचिरापल्ली","NAME_HU":"Tiruccsirápalli","NAME_ID":"Tiruchirapalli","NAME_IT":"Tiruchirappalli","NAME_JA":"ティルッチラーッパッリ","NAME_KO":"티루치라팔리","NAME_NL":"Tiruchirappalli","NAME_PL":"Tiruchirapalli","NAME_SV":"Tiruchirappalli","NAME_TR":"Trichy","NAME_VI":"Tiruchirapalli","NE_ID":1159150169,"NAME_FA":"تیروچیراپالی","NAME_HE":"טירוצ'יראפאלי","NAME_UK":"Тіручирапаллі","NAME_UR":"ترچراپالی","NAME_ZHT":"蒂魯吉拉帕利","GEONAMESID":1254388,"FCLASS_ISO":null,"FCLASS_US":null,"FCLASS_FR":null,"FCLASS_RU":null,"FCLASS_ES":null,"FCLASS_CN":null,"FCLASS_TW":null,"FCLASS_IN":null,"FCLASS_NP":null,"FCLASS_PK":null,"FCLASS_DE":null,"FCLASS_GB":null,"FCLASS_BR":null,"FCLASS_IL":null,"FCLASS_PS":null,"FCLASS_SA":null,"FCLASS_EG":null,"FCLASS_MA":null,"FCLASS_PT":null,"FCLASS_AR":null,"FCLASS_JP":null,"FCLASS_KO":null,"FCLASS_VN":null,"FCLASS_TR":null,"FCLASS_ID":null,"FCLASS_PL":null,"FCLASS_GR":null,"FCLASS_IT":null,"FCLASS_NL":null,"FCLASS_SE":null,"FCLASS_BD":null,"FCLASS_UA":null,"FCLASS_TLC":null},"bbox":[78.687512,10.800541,78.687512,10.800541],"geometry":{"type":"Point","coordinates":[78.687512,10.800541]}},{"type":"Feature","properties":{"SCALERANK":3,"NATSCALE":110,"LABELRANK":1,"FEATURECLA":"Populated place","NAME":"Kozhikode","NAMEPAR":"Calicut","NAMEALT":null,"NAMEASCII":"Kozhikode","ADM0CAP":0,"CAPIN":null,"WORLDCITY":0,"MEGACITY":1,"SOV0NAME":"India","SOV_A3":"IND","ADM0NAME":"India","ADM0_A3":"IND","ADM1NAME":"Kerala","ISO_A2":"IN","NOTE":null,"LATITUDE":11.252382,"LONGITUDE":75.768044,"POP_MAX":953000,"POP_MIN":439922,"POP_OTHER":8873255,"RANK_MAX":11,"RANK_MIN":10,"MEGANAME":"Kozhikode","LS_NAME":"Kozhikode","MAX_POP10":8786311,"MAX_POP20":8788012,"MAX_POP50":0,"MAX_POP300":0,"MAX_POP310":0,"MAX_NATSCA":20,"MIN_AREAKM":5027,"MAX_AREAKM":5044,"MIN_AREAMI":1941,"MAX_AREAMI":1947,"MIN_PERKM":2729,"MAX_PERKM":2749,"MIN_PERMI":1696,"MAX_PERMI":1708,"MIN_BBXMIN":75.225,"MAX_BBXMIN":75.225,"MIN_BBXMAX":76.391667,"MAX_BBXMAX":76.391667,"MIN_BBYMIN":10.627517,"MAX_BBYMIN":10.627517,"MIN_BBYMAX":12.083402,"MAX_BBYMAX":12.083402,"MEAN_BBXC":75.889851,"MEAN_BBYC":11.362736,"TIMEZONE":"Asia/Kolkata","UN_FID":247,"POP1950":156,"POP1955":183,"POP1960":216,"POP1965":264,"POP1970":324,"POP1975":412,"POP1980":528,"POP1985":645,"POP1990":781,"POP1995":835,"POP2000":875,"POP2005":924,"POP2010":953,"POP2015":1008,"POP2020":1123,"POP2025":1257,"POP2050":1409,"MIN_ZOOM":5,"WIKIDATAID":"Q28729","WOF_ID":102029641,"CAPALT":0,"NAME_EN":"Kozhikode","NAME_DE":"Kozhikode","NAME_ES":"Kozhikode","NAME_FR":"Kozhikode","NAME_PT":"Calecute","NAME_RU":"Кожикоде","NAME_ZH":"科兹科德","LABEL":null,"NAME_AR":"كاليكوت","NAME_BN":"কালিকট","NAME_EL":"Κορικόντ","NAME_HI":"कोष़िक्कोड","NAME_HU":"Kozsíkóde","NAME_ID":"Kozhikode","NAME_IT":"Kozhikode","NAME_JA":"カリカット","NAME_KO":"코지코드","NAME_NL":"Kozhikode","NAME_PL":"Kozhikode","NAME_SV":"Kozhikode","NAME_TR":"Kozhikode","NAME_VI":"Kozhikode","NE_ID":1159150463,"NAME_FA":"کالیکوت","NAME_HE":"קוזי'קוד","NAME_UK":"Кожикоде","NAME_UR":"کالیکٹ","NAME_ZHT":"科茲科德","GEONAMESID":1265873,"FCLASS_ISO":null,"FCLASS_US":null,"FCLASS_FR":null,"FCLASS_RU":null,"FCLASS_ES":null,"FCLASS_CN":null,"FCLASS_TW":null,"FCLASS_IN":null,"FCLASS_NP":null,"FCLASS_PK":null,"FCLASS_DE":null,"FCLASS_GB":null,"FCLASS_BR":null,"FCLASS_IL":null,"FCLASS_PS":null,"FCLASS_SA":null,"FCLASS_EG":null,"FCLASS_MA":null,"FCLASS_PT":null,"FCLASS_AR":null,"FCLASS_JP":null,"FCLASS_KO":null,"FCLASS_VN":null,"FCLASS_TR":null,"FCLASS_ID":null,"FCLASS_PL":null,"FCLASS_GR":null,"FCLASS_IT":null,"FCLASS_NL":null,"FCLASS_SE":null,"FCLASS_BD":null,"FCLASS_UA":null,"FCLASS_TLC":null},"bbox":[75.768044,11.252382,75.768044,11.252382],"geometry":{"type":"Point","coordinates":[75.768044,11.252382]}},{"type":"Feature","properties":{"SCALERANK":3,"NATSCALE":110,"LABELRANK":1,"FEATURECLA":"Admin-1 capital","NAME":"Bhubaneswar","NAMEPAR":null,"NAMEALT":"Bhubaneswar","NAMEASCII":"Bhubaneshwar","ADM0CAP":0,"CAPIN":null,"WORLDCITY":0,"MEGACITY":1,"SOV0NAME":"India","SOV_A3":"IND","ADM0NAME":"India","ADM0_A3":"IND","ADM1NAME":"Orissa","ISO_A2":"IN","NOTE":null,"LATITUDE":20.272374,"LONGITUDE":85.825415,"POP_MAX":844000,"POP_MIN":762243,"POP_OTHER":3437227,"RANK_MAX":11,"RANK_MIN":11,"MEGANAME":"Bhubaneswar","LS_NAME":"Bhubaneshwar","MAX_POP10":3125732,"MAX_POP20":0,"MAX_POP50":0,"MAX_POP300":0,"MAX_POP310":0,"MAX_NATSCA":10,"MIN_AREAKM":2327,"MAX_AREAKM":2327,"MIN_AREAMI":898,"MAX_AREAMI":898,"MIN_PERKM":1786,"MAX_PERKM":1786,"MIN_PERMI":1110,"MAX_PERMI":1110,"MIN_BBXMIN":84.933333,"MAX_BBXMIN":84.933333,"MIN_BBXMAX":86.116667,"MAX_BBXMAX":86.116667,"MIN_BBYMIN":19.96613,"MAX_BBYMIN":19.96613,"MIN_BBYMAX":20.45,"MAX_BBYMAX":20.45,"MEAN_BBXC":85.571818,"MEAN_BBYC":20.204174,"TIMEZONE":"Asia/Kolkata","UN_FID":223,"POP1950":16,"POP1955":24,"POP1960":36,"POP1965":59,"POP1970":98,"POP1975":144,"POP1980":209,"POP1985":288,"POP1990":395,"POP1995":504,"POP2000":637,"POP2005":790,"POP2010":844,"POP2015":913,"POP2020":1024,"POP2025":1147,"POP2050":1286,"MIN_ZOOM":5,"WIKIDATAID":"Q171771","WOF_ID":102030665,"CAPALT":0,"NAME_EN":"Bhubaneswar","NAME_DE":"Bhubaneswar","NAME_ES":"Bhubaneshwar","NAME_FR":"Bhubaneswar","NAME_PT":"Bhubaneswar","NAME_RU":"Бхубанешвар","NAME_ZH":"布巴内什瓦尔","LABEL":null,"NAME_AR":"بوبانسوار","NAME_BN":"ভুবনেশ্বর","NAME_EL":"Μπούμπανεσβαρ","NAME_HI":"भुवनेश्वर","NAME_HU":"Bhuvanesvar","NAME_ID":"Bhubaneswar","NAME_IT":"Bhubaneswar","NAME_JA":"ブヴァネーシュヴァル","NAME_KO":"부바네스와르","NAME_NL":"Bhubaneswar","NAME_PL":"Bhubaneswar","NAME_SV":"Bhubaneswar","NAME_TR":"Bhubaneswar","NAME_VI":"Bhubaneswar","NE_ID":1159150465,"NAME_FA":"بوبانسور","NAME_HE":"בובנשוואר","NAME_UK":"Бхубанешвар","NAME_UR":"بھونیشور","NAME_ZHT":"布巴內什瓦爾","GEONAMESID":1275817,"FCLASS_ISO":null,"FCLASS_US":null,"FCLASS_FR":null,"FCLASS_RU":null,"FCLASS_ES":null,"FCLASS_CN":null,"FCLASS_TW":null,"FCLASS_IN":null,"FCLASS_NP":null,"FCLASS_PK":null,"FCLASS_DE":null,"FCLASS_GB":null,"FCLASS_BR":null,"FCLASS_IL":null,"FCLASS_PS":null,"FCLASS_SA":null,"FCLASS_EG":null,"FCLASS_MA":null,"FCLASS_PT":null,"FCLASS_AR":null,"FCLASS_JP":null,"FCLASS_KO":null,"FCLASS_VN":null,"FCLASS_TR":null,"FCLASS_ID":null,"FCLASS_PL":null,"FCLASS_GR":null,"FCLASS_IT":null,"FCLASS_NL":null,"FCLASS_SE":null,"FCLASS_BD":null,"FCLASS_UA":null,"FCLASS_TLC":null},"bbox":[85.825414,20.272374,85.825414,20.272374],"geometry":{"type":"Point","coordinates":[85.825414,20.272374]}},{"type":"Feature","properties":{"SCALERANK":3,"NATSCALE":110,"LABELRANK":1,"FEATURECLA":"Populated place","NAME":"Jamshedpur","NAMEPAR":null,"NAMEALT":null,"NAMEASCII":"Jamshedpur","ADM0CAP":0,"CAPIN":null,"WORLDCITY":0,"MEGACITY":1,"SOV0NAME":"India","SOV_A3":"IND","ADM0NAME":"India","ADM0_A3":"IND","ADM1NAME":"Jharkhand","ISO_A2":"IN","NOTE":null,"LATITUDE":22.789481,"LONGITUDE":86.195573,"POP_MAX":1300000,"POP_MIN":616338,"POP_OTHER":2379208,"RANK_MAX":12,"RANK_MIN":11,"MEGANAME":"Jamshedpur","LS_NAME":"Jamshedpur","MAX_POP10":1564009,"MAX_POP20":1564009,"MAX_POP50":0,"MAX_POP300":0,"MAX_POP310":0,"MAX_NATSCA":20,"MIN_AREAKM":493,"MAX_AREAKM":493,"MIN_AREAMI":190,"MAX_AREAMI":190,"MIN_PERKM":328,"MAX_PERKM":328,"MIN_PERMI":204,"MAX_PERMI":204,"MIN_BBXMIN":86.033333,"MAX_BBXMIN":86.033333,"MIN_BBXMAX":86.575,"MAX_BBXMAX":86.575,"MIN_BBYMIN":22.491667,"MAX_BBYMIN":22.491667,"MIN_BBYMAX":22.883333,"MAX_BBYMAX":22.883333,"MEAN_BBXC":86.254153,"MEAN_BBYC":22.74606,"TIMEZONE":"Asia/Kolkata","UN_FID":241,"POP1950":214,"POP1955":260,"POP1960":319,"POP1965":378,"POP1970":445,"POP1975":538,"POP1980":653,"POP1985":735,"POP1990":817,"POP1995":938,"POP2000":1081,"POP2005":1239,"POP2010":1300,"POP2015":1389,"POP2020":1548,"POP2025":1729,"POP2050":1933,"MIN_ZOOM":5,"WIKIDATAID":"Q200054","WOF_ID":102029983,"CAPALT":0,"NAME_EN":"Jamshedpur","NAME_DE":"Jamshedpur","NAME_ES":"Jamshedpur","NAME_FR":"Jamshedpur","NAME_PT":"Jamshedpur","NAME_RU":"Джамшедпур","NAME_ZH":"贾姆谢德布尔","LABEL":null,"NAME_AR":"جمشيدبور","NAME_BN":"জামশেদপুর","NAME_EL":"Τζάμσεντπουρ","NAME_HI":"जमशेदपुर","NAME_HU":"Dzsamsedpur","NAME_ID":"Jamshedpur","NAME_IT":"Jamshedpur","NAME_JA":"ジャムシェードプル","NAME_KO":"잠셰드푸르","NAME_NL":"Jamshedpur","NAME_PL":"Jamshedpur","NAME_SV":"Jamshedpur","NAME_TR":"Cemşidpur","NAME_VI":"Jamshedpur","NE_ID":1159150467,"NAME_FA":"جمشدپور","NAME_HE":"ג'אמשדפור","NAME_UK":"Джамшедпур","NAME_UR":"جمشیدپور","NAME_ZHT":"賈姆謝德布爾","GEONAMESID":1269300,"FCLASS_ISO":null,"FCLASS_US":null,"FCLASS_FR":null,"FCLASS_RU":null,"FCLASS_ES":null,"FCLASS_CN":null,"FCLASS_TW":null,"FCLASS_IN":null,"FCLASS_NP":null,"FCLASS_PK":null,"FCLASS_DE":null,"FCLASS_GB":null,"FCLASS_BR":null,"FCLASS_IL":null,"FCLASS_PS":null,"FCLASS_SA":null,"FCLASS_EG":null,"FCLASS_MA":null,"FCLASS_PT":null,"FCLASS_AR":null,"FCLASS_JP":null,"FCLASS_KO":null,"FCLASS_VN":null,"FCLASS_TR":null,"FCLASS_ID":null,"FCLASS_PL":null,"FCLASS_GR":null,"FCLASS_IT":null,"FCLASS_NL":null,"FCLASS_SE":null,"FCLASS_BD":null,"FCLASS_UA":null,"FCLASS_TLC":null},"bbox":[86.195573,22.789481,86.195573,22.789481],"geometry":{"type":"Point","coordinates":[86.195573,22.789481]}},{"type":"Feature","properties":{"SCALERANK":3,"NATSCALE":110,"LABELRANK":1,"FEATURECLA":"Populated place","NAME":"Jiayuguan","NAMEPAR":null,"NAMEALT":null,"NAMEASCII":"Jiayuguan","ADM0CAP":0,"CAPIN":null,"WORLDCITY":0,"MEGACITY":0,"SOV0NAME":"China","SOV_A3":"CHN","ADM0NAME":"China","ADM0_A3":"CHN","ADM1NAME":"Gansu","ISO_A2":"CN","NOTE":null,"LATITUDE":39.82001,"LONGITUDE":98.299984,"POP_MAX":148279,"POP_MIN":122396,"POP_OTHER":148125,"RANK_MAX":9,"RANK_MIN":9,"MEGANAME":null,"LS_NAME":"Jiayuguan","MAX_POP10":148279,"MAX_POP20":148279,"MAX_POP50":148279,"MAX_POP300":148279,"MAX_POP310":0,"MAX_NATSCA":100,"MIN_AREAKM":25,"MAX_AREAKM":25,"MIN_AREAMI":10,"MAX_AREAMI":10,"MIN_PERKM":37,"MAX_PERKM":37,"MIN_PERMI":23,"MAX_PERMI":23,"MIN_BBXMIN":98.225,"MAX_BBXMIN":98.225,"MIN_BBXMAX":98.308333,"MAX_BBXMAX":98.308333,"MIN_BBYMIN":39.775,"MAX_BBYMIN":39.775,"MIN_BBYMAX":39.833333,"MAX_BBYMAX":39.833333,"MEAN_BBXC":98.273246,"MEAN_BBYC":39.80307,"TIMEZONE":"Asia/Urumqi","UN_FID":0,"POP1950":0,"POP1955":0,"POP1960":0,"POP1965":0,"POP1970":0,"POP1975":0,"POP1980":0,"POP1985":0,"POP1990":0,"POP1995":0,"POP2000":0,"POP2005":0,"POP2010":0,"POP2015":0,"POP2020":0,"POP2025":0,"POP2050":0,"MIN_ZOOM":5,"WIKIDATAID":"Q532560","WOF_ID":102026811,"CAPALT":0,"NAME_EN":"Jiayuguan City","NAME_DE":"Jiayuguan","NAME_ES":"Jiayuguan","NAME_FR":"Jiayuguan","NAME_PT":"Jiayuguan","NAME_RU":"Цзяюйгуань","NAME_ZH":"嘉峪关","LABEL":null,"NAME_AR":"جيايوغوان","NAME_BN":"চিয়া-ইউ-কুয়ান","NAME_EL":"Τζιαγιουκουάν","NAME_HI":"जियायुगुआन सिटी","NAME_HU":"Csiajükuan","NAME_ID":"Jiayuguan City","NAME_IT":"Jiayuguan","NAME_JA":"嘉峪関市","NAME_KO":"자위관시","NAME_NL":"Jiayuguan","NAME_PL":"Jiayuguan","NAME_SV":"Jiayuguan","NAME_TR":"Jiayuguan","NAME_VI":"Gia Dục Quan","NE_ID":1159150817,"NAME_FA":"جیایوگوان سیتی","NAME_HE":"ג'יאיוגואן","NAME_UK":"Цзяюйгуань","NAME_UR":"جائیوگوان شہر","NAME_ZHT":"嘉峪關市","GEONAMESID":1280957,"FCLASS_ISO":null,"FCLASS_US":null,"FCLASS_FR":null,"FCLASS_RU":null,"FCLASS_ES":null,"FCLASS_CN":null,"FCLASS_TW":null,"FCLASS_IN":null,"FCLASS_NP":null,"FCLASS_PK":null,"FCLASS_DE":null,"FCLASS_GB":null,"FCLASS_BR":null,"FCLASS_IL":null,"FCLASS_PS":null,"FCLASS_SA":null,"FCLASS_EG":null,"FCLASS_MA":null,"FCLASS_PT":null,"FCLASS_AR":null,"FCLASS_JP":null,"FCLASS_KO":null,"FCLASS_VN":null,"FCLASS_TR":null,"FCLASS_ID":null,"FCLASS_PL":null,"FCLASS_GR":null,"FCLASS_IT":null,"FCLASS_NL":null,"FCLASS_SE":null,"FCLASS_BD":null,"FCLASS_UA":null,"FCLASS_TLC":null},"bbox":[98.299984,39.82001,98.299984,39.82001],"geometry":{"type":"Point","coordinates":[98.299984,39.82001]}},{"type":"Feature","properties":{"SCALERANK":3,"NATSCALE":110,"LABELRANK":1,"FEATURECLA":"Admin-1 capital","NAME":"Xining","NAMEPAR":null,"NAMEALT":null,"NAMEASCII":"Xining","ADM0CAP":0,"CAPIN":null,"WORLDCITY":0,"MEGACITY":1,"SOV0NAME":"China","SOV_A3":"CHN","ADM0NAME":"China","ADM0_A3":"CHN","ADM1NAME":"Gansu","ISO_A2":"CN","NOTE":null,"LATITUDE":36.621945,"LONGITUDE":101.768059,"POP_MAX":1048000,"POP_MIN":767531,"POP_OTHER":992265,"RANK_MAX":12,"RANK_MIN":11,"MEGANAME":"Xining","LS_NAME":"Xining","MAX_POP10":1024305,"MAX_POP20":1024305,"MAX_POP50":1024305,"MAX_POP300":1024305,"MAX_POP310":0,"MAX_NATSCA":100,"MIN_AREAKM":200,"MAX_AREAKM":200,"MIN_AREAMI":77,"MAX_AREAMI":77,"MIN_PERKM":245,"MAX_PERKM":245,"MIN_PERMI":152,"MAX_PERMI":152,"MIN_BBXMIN":101.541667,"MAX_BBXMIN":101.541667,"MIN_BBXMAX":101.9,"MAX_BBXMAX":101.9,"MIN_BBYMIN":36.508333,"MAX_BBYMIN":36.508333,"MIN_BBYMAX":36.75,"MAX_BBYMAX":36.75,"MEAN_BBXC":101.72181,"MEAN_BBYC":36.620776,"TIMEZONE":"Asia/Chongqing","UN_FID":130,"POP1950":257,"POP1955":291,"POP1960":330,"POP1965":374,"POP1970":424,"POP1975":480,"POP1980":544,"POP1985":616,"POP1990":698,"POP1995":770,"POP2000":849,"POP2005":987,"POP2010":1048,"POP2015":1142,"POP2020":1283,"POP2025":1404,"POP2050":1504,"MIN_ZOOM":4.7,"WIKIDATAID":"Q69060","WOF_ID":102027001,"CAPALT":0,"NAME_EN":"Xining","NAME_DE":"Xining","NAME_ES":"Xining","NAME_FR":"Xining","NAME_PT":"Xining","NAME_RU":"Синин","NAME_ZH":"西宁","LABEL":null,"NAME_AR":"شينينغ","NAME_BN":"শিনিং","NAME_EL":"Ξίνινγκ","NAME_HI":"शिनिंग","NAME_HU":"Hszining","NAME_ID":"Xining","NAME_IT":"Xining","NAME_JA":"西寧市","NAME_KO":"시닝시","NAME_NL":"Xining","NAME_PL":"Xining","NAME_SV":"Xining","NAME_TR":"Xining","NAME_VI":"Tây Ninh","NE_ID":1159150819,"NAME_FA":"شینینگ","NAME_HE":"שינינג","NAME_UK":"Сінін","NAME_UR":"شینینگ","NAME_ZHT":"西寧市","GEONAMESID":1788852,"FCLASS_ISO":null,"FCLASS_US":null,"FCLASS_FR":null,"FCLASS_RU":null,"FCLASS_ES":null,"FCLASS_CN":null,"FCLASS_TW":null,"FCLASS_IN":null,"FCLASS_NP":null,"FCLASS_PK":null,"FCLASS_DE":null,"FCLASS_GB":null,"FCLASS_BR":null,"FCLASS_IL":null,"FCLASS_PS":null,"FCLASS_SA":null,"FCLASS_EG":null,"FCLASS_MA":null,"FCLASS_PT":null,"FCLASS_AR":null,"FCLASS_JP":null,"FCLASS_KO":null,"FCLASS_VN":null,"FCLASS_TR":null,"FCLASS_ID":null,"FCLASS_PL":null,"FCLASS_GR":null,"FCLASS_IT":null,"FCLASS_NL":null,"FCLASS_SE":null,"FCLASS_BD":null,"FCLASS_UA":null,"FCLASS_TLC":null},"bbox":[101.768059,36.621944,101.768059,36.621944],"geometry":{"type":"Point","coordinates":[101.768059,36.621944]}},{"type":"Feature","properties":{"SCALERANK":3,"NATSCALE":110,"LABELRANK":1,"FEATURECLA":"Populated place","NAME":"Guilin","NAMEPAR":null,"NAMEALT":null,"NAMEASCII":"Guilin","ADM0CAP":0,"CAPIN":null,"WORLDCITY":0,"MEGACITY":1,"SOV0NAME":"China","SOV_A3":"CHN","ADM0NAME":"China","ADM0_A3":"CHN","ADM1NAME":"Guangxi","ISO_A2":"CN","NOTE":null,"LATITUDE":25.281939,"LONGITUDE":110.278082,"POP_MAX":987000,"POP_MIN":649352,"POP_OTHER":1059033,"RANK_MAX":11,"RANK_MIN":11,"MEGANAME":"Guilin","LS_NAME":"Guilin","MAX_POP10":1069028,"MAX_POP20":1069028,"MAX_POP50":1069028,"MAX_POP300":1069028,"MAX_POP310":0,"MAX_NATSCA":100,"MIN_AREAKM":387,"MAX_AREAKM":387,"MIN_AREAMI":149,"MAX_AREAMI":149,"MIN_PERKM":339,"MAX_PERKM":339,"MIN_PERMI":211,"MAX_PERMI":211,"MIN_BBXMIN":110.058333,"MAX_BBXMIN":110.058333,"MIN_BBXMAX":110.408333,"MAX_BBXMAX":110.408333,"MIN_BBYMIN":25.141667,"MAX_BBYMIN":25.141667,"MIN_BBYMAX":25.508333,"MAX_BBYMAX":25.508333,"MEAN_BBXC":110.25931,"MEAN_BBYC":25.297052,"TIMEZONE":"Asia/Chongqing","UN_FID":45,"POP1950":152,"POP1955":179,"POP1960":211,"POP1965":248,"POP1970":291,"POP1975":343,"POP1980":403,"POP1985":474,"POP1990":557,"POP1995":666,"POP2000":795,"POP2005":929,"POP2010":987,"POP2015":1075,"POP2020":1209,"POP2025":1323,"POP2050":1418,"MIN_ZOOM":5,"WIKIDATAID":"Q189633","WOF_ID":102027593,"CAPALT":0,"NAME_EN":"Guilin","NAME_DE":"Guilin","NAME_ES":"Guilin","NAME_FR":"Guilin","NAME_PT":"Guilin","NAME_RU":"Гуйлинь","NAME_ZH":"桂林","LABEL":null,"NAME_AR":"غويلين","NAME_BN":"কুয়েইলিন","NAME_EL":"Γκουιλίν","NAME_HI":"गुइलिन","NAME_HU":"Guilin","NAME_ID":"Guilin","NAME_IT":"Guilin","NAME_JA":"桂林市","NAME_KO":"구이린시","NAME_NL":"Guilin","NAME_PL":"Guilin","NAME_SV":"Guilin","NAME_TR":"Guilin","NAME_VI":"Quế Lâm","NE_ID":1159150821,"NAME_FA":"گویلین","NAME_HE":"גווילין","NAME_UK":"Гуйлінь","NAME_UR":"گوئلن","NAME_ZHT":"桂林市","GEONAMESID":1809498,"FCLASS_ISO":null,"FCLASS_US":null,"FCLASS_FR":null,"FCLASS_RU":null,"FCLASS_ES":null,"FCLASS_CN":null,"FCLASS_TW":null,"FCLASS_IN":null,"FCLASS_NP":null,"FCLASS_PK":null,"FCLASS_DE":null,"FCLASS_GB":null,"FCLASS_BR":null,"FCLASS_IL":null,"FCLASS_PS":null,"FCLASS_SA":null,"FCLASS_EG":null,"FCLASS_MA":null,"FCLASS_PT":null,"FCLASS_AR":null,"FCLASS_JP":null,"FCLASS_KO":null,"FCLASS_VN":null,"FCLASS_TR":null,"FCLASS_ID":null,"FCLASS_PL":null,"FCLASS_GR":null,"FCLASS_IT":null,"FCLASS_NL":null,"FCLASS_SE":null,"FCLASS_BD":null,"FCLASS_UA":null,"FCLASS_TLC":null},"bbox":[110.278082,25.281939,110.278082,25.281939],"geometry":{"type":"Point","coordinates":[110.278082,25.281939]}},{"type":"Feature","properties":{"SCALERANK":3,"NATSCALE":110,"LABELRANK":1,"FEATURECLA":"Populated place","NAME":"Huainan","NAMEPAR":null,"NAMEALT":null,"NAMEASCII":"Huainan","ADM0CAP":0,"CAPIN":null,"WORLDCITY":0,"MEGACITY":1,"SOV0NAME":"China","SOV_A3":"CHN","ADM0NAME":"China","ADM0_A3":"CHN","ADM1NAME":"Anhui","ISO_A2":"CN","NOTE":null,"LATITUDE":32.63193,"LONGITUDE":116.978035,"POP_MAX":1451000,"POP_MIN":1027655,"POP_OTHER":2429321,"RANK_MAX":12,"RANK_MIN":12,"MEGANAME":"Huainan","LS_NAME":"Huainan","MAX_POP10":2603299,"MAX_POP20":2603299,"MAX_POP50":25624908,"MAX_POP300":57930350,"MAX_POP310":0,"MAX_NATSCA":100,"MIN_AREAKM":1596,"MAX_AREAKM":52361,"MIN_AREAMI":616,"MAX_AREAMI":20216,"MIN_PERKM":0,"MAX_PERKM":18792,"MIN_PERMI":0,"MAX_PERMI":11677,"MIN_BBXMIN":114.736927,"MAX_BBXMIN":116.338294,"MIN_BBXMAX":117.141667,"MAX_BBXMAX":118.99747,"MIN_BBYMIN":31.633333,"MAX_BBYMIN":32.466667,"MIN_BBYMAX":33.245286,"MAX_BBYMAX":35.891531,"MEAN_BBXC":116.575699,"MEAN_BBYC":33.25792,"TIMEZONE":"Asia/Shanghai","UN_FID":56,"POP1950":498,"POP1955":557,"POP1960":624,"POP1965":698,"POP1970":782,"POP1975":875,"POP1980":980,"POP1985":1097,"POP1990":1228,"POP1995":1289,"POP2000":1353,"POP2005":1420,"POP2010":1451,"POP2015":1515,"POP2020":1663,"POP2025":1812,"POP2050":1937,"MIN_ZOOM":5,"WIKIDATAID":"Q360178","WOF_ID":102027531,"CAPALT":0,"NAME_EN":"Huainan","NAME_DE":"Huainan","NAME_ES":"Huainan","NAME_FR":"Huainan","NAME_PT":"Huainan","NAME_RU":"Хуайнань","NAME_ZH":"淮南","LABEL":null,"NAME_AR":"هواينان","NAME_BN":"হুয়াইনান","NAME_EL":"Χουαϊνάν","NAME_HI":"हुऐनन","NAME_HU":"Huajnan","NAME_ID":"Huainan","NAME_IT":"Huainan","NAME_JA":"淮南市","NAME_KO":"화이난시","NAME_NL":"Huainan","NAME_PL":"Huainan","NAME_SV":"Huainan","NAME_TR":"Huainan","NAME_VI":"Hoài Nam","NE_ID":1159150823,"NAME_FA":"هواینان","NAME_HE":"חואינאן","NAME_UK":"Гуайнань","NAME_UR":"ہوائینان","NAME_ZHT":"淮南市","GEONAMESID":1807681,"FCLASS_ISO":null,"FCLASS_US":null,"FCLASS_FR":null,"FCLASS_RU":null,"FCLASS_ES":null,"FCLASS_CN":null,"FCLASS_TW":null,"FCLASS_IN":null,"FCLASS_NP":null,"FCLASS_PK":null,"FCLASS_DE":null,"FCLASS_GB":null,"FCLASS_BR":null,"FCLASS_IL":null,"FCLASS_PS":null,"FCLASS_SA":null,"FCLASS_EG":null,"FCLASS_MA":null,"FCLASS_PT":null,"FCLASS_AR":null,"FCLASS_JP":null,"FCLASS_KO":null,"FCLASS_VN":null,"FCLASS_TR":null,"FCLASS_ID":null,"FCLASS_PL":null,"FCLASS_GR":null,"FCLASS_IT":null,"FCLASS_NL":null,"FCLASS_SE":null,"FCLASS_BD":null,"FCLASS_UA":null,"FCLASS_TLC":null},"bbox":[116.978035,32.63193,116.978035,32.63193],"geometry":{"type":"Point","coordinates":[116.978035,32.63193]}},{"type":"Feature","properties":{"SCALERANK":3,"NATSCALE":110,"LABELRANK":1,"FEATURECLA":"Populated place","NAME":"Shantou","NAMEPAR":null,"NAMEALT":null,"NAMEASCII":"Shantou","ADM0CAP":0,"CAPIN":null,"WORLDCITY":0,"MEGACITY":1,"SOV0NAME":"China","SOV_A3":"CHN","ADM0NAME":"China","ADM0_A3":"CHN","ADM1NAME":"Guangdong","ISO_A2":"CN","NOTE":null,"LATITUDE":23.371952,"LONGITUDE":116.66808,"POP_MAX":1601000,"POP_MIN":1333973,"POP_OTHER":9178494,"RANK_MAX":12,"RANK_MIN":12,"MEGANAME":"Shantou","LS_NAME":"Shantou","MAX_POP10":9450701,"MAX_POP20":13084290,"MAX_POP50":13450228,"MAX_POP300":13450288,"MAX_POP310":0,"MAX_NATSCA":100,"MIN_AREAKM":3629,"MAX_AREAKM":5588,"MIN_AREAMI":1401,"MAX_AREAMI":2158,"MIN_PERKM":2122,"MAX_PERKM":3203,"MIN_PERMI":1319,"MAX_PERMI":1990,"MIN_BBXMIN":115.340009,"MAX_BBXMIN":115.568612,"MIN_BBXMAX":116.858333,"MAX_BBXMAX":117.066667,"MIN_BBYMIN":22.758333,"MAX_BBYMIN":22.758333,"MIN_BBYMAX":23.549765,"MAX_BBYMAX":23.816667,"MEAN_BBXC":116.282892,"MEAN_BBYC":23.280021,"TIMEZONE":"Asia/Shanghai","UN_FID":100,"POP1950":322,"POP1955":366,"POP1960":415,"POP1965":471,"POP1970":534,"POP1975":606,"POP1980":687,"POP1985":780,"POP1990":885,"POP1995":1054,"POP2000":1255,"POP2005":1495,"POP2010":1601,"POP2015":1756,"POP2020":1978,"POP2025":2158,"POP2050":2304,"MIN_ZOOM":5,"WIKIDATAID":"Q59100","WOF_ID":102027175,"CAPALT":0,"NAME_EN":"Shantou","NAME_DE":"Shantou","NAME_ES":"Shantou","NAME_FR":"Shantou","NAME_PT":"Shantou","NAME_RU":"Шаньтоу","NAME_ZH":"汕头","LABEL":null,"NAME_AR":"شانتو","NAME_BN":"শানথৌ","NAME_EL":"Σαντόου","NAME_HI":"शांतोऊ","NAME_HU":"Santou","NAME_ID":"Shantou","NAME_IT":"Shantou","NAME_JA":"汕頭市","NAME_KO":"산터우시","NAME_NL":"Shantou","NAME_PL":"Shantou","NAME_SV":"Shantou","NAME_TR":"Shantou","NAME_VI":"Sán Đầu","NE_ID":1159150825,"NAME_FA":"شانتو","NAME_HE":"שנטאו","NAME_UK":"Шаньтоу","NAME_UR":"شانتو","NAME_ZHT":"汕頭市","GEONAMESID":1795940,"FCLASS_ISO":null,"FCLASS_US":null,"FCLASS_FR":null,"FCLASS_RU":null,"FCLASS_ES":null,"FCLASS_CN":null,"FCLASS_TW":null,"FCLASS_IN":null,"FCLASS_NP":null,"FCLASS_PK":null,"FCLASS_DE":null,"FCLASS_GB":null,"FCLASS_BR":null,"FCLASS_IL":null,"FCLASS_PS":null,"FCLASS_SA":null,"FCLASS_EG":null,"FCLASS_MA":null,"FCLASS_PT":null,"FCLASS_AR":null,"FCLASS_JP":null,"FCLASS_KO":null,"FCLASS_VN":null,"FCLASS_TR":null,"FCLASS_ID":null,"FCLASS_PL":null,"FCLASS_GR":null,"FCLASS_IT":null,"FCLASS_NL":null,"FCLASS_SE":null,"FCLASS_BD":null,"FCLASS_UA":null,"FCLASS_TLC":null},"bbox":[116.66808,23.371952,116.66808,23.371952],"geometry":{"type":"Point","coordinates":[116.66808,23.371952]}},{"type":"Feature","properties":{"SCALERANK":3,"NATSCALE":110,"LABELRANK":1,"FEATURECLA":"Admin-1 capital","NAME":"Lhasa","NAMEPAR":null,"NAMEALT":null,"NAMEASCII":"Lhasa","ADM0CAP":0,"CAPIN":null,"WORLDCITY":0,"MEGACITY":0,"SOV0NAME":"China","SOV_A3":"CHN","ADM0NAME":"China","ADM0_A3":"CHN","ADM1NAME":"Xizang","ISO_A2":"CN","NOTE":null,"LATITUDE":29.645024,"LONGITUDE":91.10001,"POP_MAX":219599,"POP_MIN":118721,"POP_OTHER":219448,"RANK_MAX":10,"RANK_MIN":9,"MEGANAME":null,"LS_NAME":"Lhasa","MAX_POP10":219599,"MAX_POP20":219599,"MAX_POP50":219599,"MAX_POP300":219599,"MAX_POP310":0,"MAX_NATSCA":100,"MIN_AREAKM":49,"MAX_AREAKM":49,"MIN_AREAMI":19,"MAX_AREAMI":19,"MIN_PERKM":46,"MAX_PERKM":46,"MIN_PERMI":29,"MAX_PERMI":29,"MIN_BBXMIN":91.025,"MAX_BBXMIN":91.025,"MIN_BBXMAX":91.166667,"MAX_BBXMAX":91.166667,"MIN_BBYMIN":29.633333,"MAX_BBYMIN":29.633333,"MIN_BBYMAX":29.7,"MAX_BBYMAX":29.7,"MEAN_BBXC":91.108712,"MEAN_BBYC":29.662247,"TIMEZONE":"Asia/Chongqing","UN_FID":0,"POP1950":0,"POP1955":0,"POP1960":0,"POP1965":0,"POP1970":0,"POP1975":0,"POP1980":0,"POP1985":0,"POP1990":0,"POP1995":0,"POP2000":0,"POP2005":0,"POP2010":0,"POP2015":0,"POP2020":0,"POP2025":0,"POP2050":0,"MIN_ZOOM":4,"WIKIDATAID":"Q5869","WOF_ID":102026807,"CAPALT":0,"NAME_EN":"Lhasa","NAME_DE":"Lhasa","NAME_ES":"Lhasa","NAME_FR":"Lhassa","NAME_PT":"Lassa","NAME_RU":"Лхаса","NAME_ZH":"拉萨","LABEL":null,"NAME_AR":"لاسا","NAME_BN":"লাসা","NAME_EL":"Λάσα","NAME_HI":"ल्हासा","NAME_HU":"Lhásza","NAME_ID":"Lhasa","NAME_IT":"Lhasa","NAME_JA":"ラサ市","NAME_KO":"라싸시","NAME_NL":"Lhasa","NAME_PL":"Lhasa","NAME_SV":"Lhasa","NAME_TR":"Lhasa","NAME_VI":"Lhasa","NE_ID":1159150879,"NAME_FA":"لهاسا","NAME_HE":"להסה","NAME_UK":"Лхаса","NAME_UR":"لہاسا","NAME_ZHT":"拉薩市","GEONAMESID":1280737,"FCLASS_ISO":null,"FCLASS_US":null,"FCLASS_FR":null,"FCLASS_RU":null,"FCLASS_ES":null,"FCLASS_CN":null,"FCLASS_TW":null,"FCLASS_IN":null,"FCLASS_NP":null,"FCLASS_PK":null,"FCLASS_DE":null,"FCLASS_GB":null,"FCLASS_BR":null,"FCLASS_IL":null,"FCLASS_PS":null,"FCLASS_SA":null,"FCLASS_EG":null,"FCLASS_MA":null,"FCLASS_PT":null,"FCLASS_AR":null,"FCLASS_JP":null,"FCLASS_KO":null,"FCLASS_VN":null,"FCLASS_TR":null,"FCLASS_ID":null,"FCLASS_PL":null,"FCLASS_GR":null,"FCLASS_IT":null,"FCLASS_NL":null,"FCLASS_SE":null,"FCLASS_BD":null,"FCLASS_UA":null,"FCLASS_TLC":null},"bbox":[91.10001,29.645024,91.10001,29.645024],"geometry":{"type":"Point","coordinates":[91.10001,29.645024]}},{"type":"Feature","properties":{"SCALERANK":3,"NATSCALE":110,"LABELRANK":1,"FEATURECLA":"Populated place","NAME":"Hami","NAMEPAR":null,"NAMEALT":null,"NAMEASCII":"Hami","ADM0CAP":0,"CAPIN":null,"WORLDCITY":0,"MEGACITY":0,"SOV0NAME":"China","SOV_A3":"CHN","ADM0NAME":"China","ADM0_A3":"CHN","ADM1NAME":"Xinjiang Uygur","ISO_A2":"CN","NOTE":null,"LATITUDE":42.826984,"LONGITUDE":93.515005,"POP_MAX":580000,"POP_MIN":137072,"POP_OTHER":0,"RANK_MAX":11,"RANK_MIN":9,"MEGANAME":null,"LS_NAME":"Hami","MAX_POP10":300848,"MAX_POP20":300848,"MAX_POP50":300848,"MAX_POP300":300848,"MAX_POP310":0,"MAX_NATSCA":100,"MIN_AREAKM":41,"MAX_AREAKM":41,"MIN_AREAMI":16,"MAX_AREAMI":16,"MIN_PERKM":50,"MAX_PERKM":50,"MIN_PERMI":31,"MAX_PERMI":31,"MIN_BBXMIN":93.458333,"MAX_BBXMIN":93.458333,"MIN_BBXMAX":93.575,"MAX_BBXMAX":93.575,"MIN_BBYMIN":42.775,"MAX_BBYMIN":42.775,"MIN_BBYMAX":42.875,"MAX_BBYMAX":42.875,"MEAN_BBXC":93.5125,"MEAN_BBYC":42.829295,"TIMEZONE":"Asia/Urumqi","UN_FID":0,"POP1950":0,"POP1955":0,"POP1960":0,"POP1965":0,"POP1970":0,"POP1975":0,"POP1980":0,"POP1985":0,"POP1990":0,"POP1995":0,"POP2000":0,"POP2005":0,"POP2010":0,"POP2015":0,"POP2020":0,"POP2025":0,"POP2050":0,"MIN_ZOOM":5,"WIKIDATAID":"Q650585","WOF_ID":102026833,"CAPALT":0,"NAME_EN":"Yizhou","NAME_DE":"Yizhou","NAME_ES":"Ciudad de Kumul","NAME_FR":"Yizhou","NAME_PT":"Kumul","NAME_RU":"Ичжоу","NAME_ZH":"伊州区","LABEL":null,"NAME_AR":"هامي","NAME_BN":"হামি","NAME_EL":"Χάμι","NAME_HI":"हामी","NAME_HU":"Komul","NAME_ID":"Hami","NAME_IT":"Kumul","NAME_JA":"伊州区","NAME_KO":"이저우구","NAME_NL":"Hami","NAME_PL":"Hami","NAME_SV":"Hami","NAME_TR":"Kumul","NAME_VI":"Y Châu","NE_ID":1159150881,"NAME_FA":"حامی","NAME_HE":"חאמי","NAME_UK":"Хамі","NAME_UR":"ہامی شہر","NAME_ZHT":"伊州區","GEONAMESID":1529484,"FCLASS_ISO":null,"FCLASS_US":null,"FCLASS_FR":null,"FCLASS_RU":null,"FCLASS_ES":null,"FCLASS_CN":null,"FCLASS_TW":null,"FCLASS_IN":null,"FCLASS_NP":null,"FCLASS_PK":null,"FCLASS_DE":null,"FCLASS_GB":null,"FCLASS_BR":null,"FCLASS_IL":null,"FCLASS_PS":null,"FCLASS_SA":null,"FCLASS_EG":null,"FCLASS_MA":null,"FCLASS_PT":null,"FCLASS_AR":null,"FCLASS_JP":null,"FCLASS_KO":null,"FCLASS_VN":null,"FCLASS_TR":null,"FCLASS_ID":null,"FCLASS_PL":null,"FCLASS_GR":null,"FCLASS_IT":null,"FCLASS_NL":null,"FCLASS_SE":null,"FCLASS_BD":null,"FCLASS_UA":null,"FCLASS_TLC":null},"bbox":[93.515005,42.826984,93.515005,42.826984],"geometry":{"type":"Point","coordinates":[93.515005,42.826984]}},{"type":"Feature","properties":{"SCALERANK":3,"NATSCALE":110,"LABELRANK":1,"FEATURECLA":"Populated place","NAME":"Hotan","NAMEPAR":null,"NAMEALT":null,"NAMEASCII":"Hotan","ADM0CAP":0,"CAPIN":null,"WORLDCITY":0,"MEGACITY":0,"SOV0NAME":"China","SOV_A3":"CHN","ADM0NAME":"China","ADM0_A3":"CHN","ADM1NAME":"Xinjiang Uygur","ISO_A2":"CN","NOTE":null,"LATITUDE":37.099711,"LONGITUDE":79.926945,"POP_MAX":408894,"POP_MIN":114000,"POP_OTHER":230635,"RANK_MAX":10,"RANK_MIN":9,"MEGANAME":null,"LS_NAME":"Hotan","MAX_POP10":261730,"MAX_POP20":261730,"MAX_POP50":261730,"MAX_POP300":261730,"MAX_POP310":0,"MAX_NATSCA":100,"MIN_AREAKM":110,"MAX_AREAKM":110,"MIN_AREAMI":43,"MAX_AREAMI":43,"MIN_PERKM":133,"MAX_PERKM":133,"MIN_PERMI":83,"MAX_PERMI":83,"MIN_BBXMIN":79.758333,"MAX_BBXMIN":79.758333,"MIN_BBXMAX":79.95,"MAX_BBXMAX":79.95,"MIN_BBYMIN":37.083333,"MAX_BBYMIN":37.083333,"MIN_BBYMAX":37.283333,"MAX_BBYMAX":37.283333,"MEAN_BBXC":79.862811,"MEAN_BBYC":37.170937,"TIMEZONE":"Asia/Kashgar","UN_FID":0,"POP1950":0,"POP1955":0,"POP1960":0,"POP1965":0,"POP1970":0,"POP1975":0,"POP1980":0,"POP1985":0,"POP1990":0,"POP1995":0,"POP2000":0,"POP2005":0,"POP2010":0,"POP2015":0,"POP2020":0,"POP2025":0,"POP2050":0,"MIN_ZOOM":4,"WIKIDATAID":"Q235389","WOF_ID":102026813,"CAPALT":0,"NAME_EN":"Hotan","NAME_DE":"Hotan","NAME_ES":"Jotán","NAME_FR":"Hotan","NAME_PT":"Hotan","NAME_RU":"Хотан","NAME_ZH":"和田","LABEL":null,"NAME_AR":"ختن","NAME_BN":"হোতান","NAME_EL":"Χόταν","NAME_HI":"ख़ोतान","NAME_HU":"Hotan","NAME_ID":"Hotan","NAME_IT":"Hotan","NAME_JA":"ホータン市","NAME_KO":"허톈시","NAME_NL":"Hotan","NAME_PL":"Hotan","NAME_SV":"Khotan","NAME_TR":"Hotan","NAME_VI":"Hotan","NE_ID":1159150883,"NAME_FA":"ختن","NAME_HE":"חוטאן","NAME_UK":"Хотан","NAME_UR":"ختن","NAME_ZHT":"和田市","GEONAMESID":1281019,"FCLASS_ISO":null,"FCLASS_US":null,"FCLASS_FR":null,"FCLASS_RU":null,"FCLASS_ES":null,"FCLASS_CN":null,"FCLASS_TW":null,"FCLASS_IN":null,"FCLASS_NP":null,"FCLASS_PK":null,"FCLASS_DE":null,"FCLASS_GB":null,"FCLASS_BR":null,"FCLASS_IL":null,"FCLASS_PS":null,"FCLASS_SA":null,"FCLASS_EG":null,"FCLASS_MA":null,"FCLASS_PT":null,"FCLASS_AR":null,"FCLASS_JP":null,"FCLASS_KO":null,"FCLASS_VN":null,"FCLASS_TR":null,"FCLASS_ID":null,"FCLASS_PL":null,"FCLASS_GR":null,"FCLASS_IT":null,"FCLASS_NL":null,"FCLASS_SE":null,"FCLASS_BD":null,"FCLASS_UA":null,"FCLASS_TLC":null},"bbox":[79.926945,37.099711,79.926945,37.099711],"geometry":{"type":"Point","coordinates":[79.926945,37.099711]}},{"type":"Feature","properties":{"SCALERANK":3,"NATSCALE":110,"LABELRANK":1,"FEATURECLA":"Populated place","NAME":"Kashgar","NAMEPAR":"Kashi","NAMEALT":null,"NAMEASCII":"Kashgar","ADM0CAP":0,"CAPIN":null,"WORLDCITY":0,"MEGACITY":0,"SOV0NAME":"China","SOV_A3":"CHN","ADM0NAME":"China","ADM0_A3":"CHN","ADM1NAME":"Xinjiang Uygur","ISO_A2":"CN","NOTE":null,"LATITUDE":39.476336,"LONGITUDE":75.969926,"POP_MAX":506640,"POP_MIN":400225,"POP_OTHER":481725,"RANK_MAX":11,"RANK_MIN":10,"MEGANAME":null,"LS_NAME":"Kashi","MAX_POP10":543914,"MAX_POP20":543914,"MAX_POP50":497638,"MAX_POP300":543914,"MAX_POP310":0,"MAX_NATSCA":100,"MIN_AREAKM":190,"MAX_AREAKM":249,"MIN_AREAMI":74,"MAX_AREAMI":96,"MIN_PERKM":222,"MAX_PERKM":286,"MIN_PERMI":138,"MAX_PERMI":178,"MIN_BBXMIN":75.875,"MAX_BBXMIN":75.875,"MIN_BBXMAX":76.225,"MAX_BBXMAX":76.225,"MIN_BBYMIN":39.383333,"MAX_BBYMIN":39.383333,"MIN_BBYMAX":39.533333,"MAX_BBYMAX":39.583333,"MEAN_BBXC":76.05401,"MEAN_BBYC":39.471675,"TIMEZONE":"Asia/Kashgar","UN_FID":0,"POP1950":0,"POP1955":0,"POP1960":0,"POP1965":0,"POP1970":0,"POP1975":0,"POP1980":0,"POP1985":0,"POP1990":0,"POP1995":0,"POP2000":0,"POP2005":0,"POP2010":0,"POP2015":0,"POP2020":0,"POP2025":0,"POP2050":0,"MIN_ZOOM":5,"WIKIDATAID":"Q170521","WOF_ID":102026809,"CAPALT":0,"NAME_EN":"Kashgar City","NAME_DE":"Kaxgar","NAME_ES":"Kasgar","NAME_FR":"Kachgar","NAME_PT":"Kashgar","NAME_RU":"Кашгар","NAME_ZH":"喀什","LABEL":null,"NAME_AR":"كاشغر","NAME_BN":"কাশগর","NAME_EL":"Κάσγκαρ","NAME_HI":"काश्गर","NAME_HU":"Kasgar","NAME_ID":"Kashgar","NAME_IT":"Kashgar","NAME_JA":"カシュガル市","NAME_KO":"카슈가르시","NAME_NL":"Kashgar","NAME_PL":"Kaszgar","NAME_SV":"Kashgar","NAME_TR":"Kaşgar","NAME_VI":"Kashgar","NE_ID":1159150885,"NAME_FA":"کاشغر","NAME_HE":"קאשגאר","NAME_UK":"Кашгар","NAME_UR":"کاشغر","NAME_ZHT":"喀什市","GEONAMESID":1280849,"FCLASS_ISO":null,"FCLASS_US":null,"FCLASS_FR":null,"FCLASS_RU":null,"FCLASS_ES":null,"FCLASS_CN":null,"FCLASS_TW":null,"FCLASS_IN":null,"FCLASS_NP":null,"FCLASS_PK":null,"FCLASS_DE":null,"FCLASS_GB":null,"FCLASS_BR":null,"FCLASS_IL":null,"FCLASS_PS":null,"FCLASS_SA":null,"FCLASS_EG":null,"FCLASS_MA":null,"FCLASS_PT":null,"FCLASS_AR":null,"FCLASS_JP":null,"FCLASS_KO":null,"FCLASS_VN":null,"FCLASS_TR":null,"FCLASS_ID":null,"FCLASS_PL":null,"FCLASS_GR":null,"FCLASS_IT":null,"FCLASS_NL":null,"FCLASS_SE":null,"FCLASS_BD":null,"FCLASS_UA":null,"FCLASS_TLC":null},"bbox":[75.969926,39.476336,75.969926,39.476336],"geometry":{"type":"Point","coordinates":[75.969926,39.476336]}},{"type":"Feature","properties":{"SCALERANK":3,"NATSCALE":110,"LABELRANK":1,"FEATURECLA":"Admin-1 capital","NAME":"Yinchuan","NAMEPAR":null,"NAMEALT":null,"NAMEASCII":"Yinchuan","ADM0CAP":0,"CAPIN":null,"WORLDCITY":0,"MEGACITY":1,"SOV0NAME":"China","SOV_A3":"CHN","ADM0NAME":"China","ADM0_A3":"CHN","ADM1NAME":"Ningxia Hui","ISO_A2":"CN","NOTE":null,"LATITUDE":38.46992,"LONGITUDE":106.271092,"POP_MAX":991000,"POP_MIN":324228,"POP_OTHER":0,"RANK_MAX":11,"RANK_MIN":10,"MEGANAME":"Yinchuan","LS_NAME":"Yinchuan","MAX_POP10":324228,"MAX_POP20":324228,"MAX_POP50":324228,"MAX_POP300":324228,"MAX_POP310":0,"MAX_NATSCA":100,"MIN_AREAKM":29,"MAX_AREAKM":29,"MIN_AREAMI":11,"MAX_AREAMI":11,"MIN_PERKM":33,"MAX_PERKM":33,"MIN_PERMI":21,"MAX_PERMI":21,"MIN_BBXMIN":106.241667,"MAX_BBXMIN":106.241667,"MIN_BBXMAX":106.308333,"MAX_BBXMAX":106.308333,"MIN_BBYMIN":38.416667,"MAX_BBYMIN":38.416667,"MIN_BBYMAX":38.5,"MAX_BBYMAX":38.5,"MEAN_BBXC":106.277422,"MEAN_BBYC":38.460756,"TIMEZONE":"Asia/Chongqing","UN_FID":142,"POP1950":100,"POP1955":122,"POP1960":150,"POP1965":183,"POP1970":224,"POP1975":274,"POP1980":335,"POP1985":410,"POP1990":502,"POP1995":632,"POP2000":795,"POP2005":932,"POP2010":991,"POP2015":1079,"POP2020":1213,"POP2025":1328,"POP2050":1423,"MIN_ZOOM":5,"WIKIDATAID":"Q211243","WOF_ID":102026957,"CAPALT":0,"NAME_EN":"Yinchuan","NAME_DE":"Yinchuan","NAME_ES":"Yinchuan","NAME_FR":"Yinchuan","NAME_PT":"Yinchuan","NAME_RU":"Иньчуань","NAME_ZH":"银川","LABEL":null,"NAME_AR":"ينشوان","NAME_BN":"ইনছুয়ান","NAME_EL":"Γιντσουάν","NAME_HI":"यिंचुआन","NAME_HU":"Jincsuan","NAME_ID":"Yinchuan","NAME_IT":"Yinchuan","NAME_JA":"銀川市","NAME_KO":"인촨시","NAME_NL":"Yinchuan","NAME_PL":"Yinchuan","NAME_SV":"Yinchuan","NAME_TR":"Yinchuan","NAME_VI":"Ngân Xuyên","NE_ID":1159150889,"NAME_FA":"یینچوان","NAME_HE":"יינצ'ו-אן","NAME_UK":"Їньчуань","NAME_UR":"ینچوان","NAME_ZHT":"銀川市","GEONAMESID":1786657,"FCLASS_ISO":null,"FCLASS_US":null,"FCLASS_FR":null,"FCLASS_RU":null,"FCLASS_ES":null,"FCLASS_CN":null,"FCLASS_TW":null,"FCLASS_IN":null,"FCLASS_NP":null,"FCLASS_PK":null,"FCLASS_DE":null,"FCLASS_GB":null,"FCLASS_BR":null,"FCLASS_IL":null,"FCLASS_PS":null,"FCLASS_SA":null,"FCLASS_EG":null,"FCLASS_MA":null,"FCLASS_PT":null,"FCLASS_AR":null,"FCLASS_JP":null,"FCLASS_KO":null,"FCLASS_VN":null,"FCLASS_TR":null,"FCLASS_ID":null,"FCLASS_PL":null,"FCLASS_GR":null,"FCLASS_IT":null,"FCLASS_NL":null,"FCLASS_SE":null,"FCLASS_BD":null,"FCLASS_UA":null,"FCLASS_TLC":null},"bbox":[106.271092,38.46992,106.271092,38.46992],"geometry":{"type":"Point","coordinates":[106.271092,38.46992]}},{"type":"Feature","properties":{"SCALERANK":3,"NATSCALE":110,"LABELRANK":1,"FEATURECLA":"Populated place","NAME":"Pingxiang","NAMEPAR":null,"NAMEALT":"Pingxiang, Jiangxi","NAMEASCII":"Pingxiang","ADM0CAP":0,"CAPIN":null,"WORLDCITY":0,"MEGACITY":1,"SOV0NAME":"China","SOV_A3":"CHN","ADM0NAME":"China","ADM0_A3":"CHN","ADM1NAME":"Jiangxi","ISO_A2":"CN","NOTE":null,"LATITUDE":27.621951,"LONGITUDE":113.848097,"POP_MAX":961000,"POP_MIN":372123,"POP_OTHER":31109,"RANK_MAX":11,"RANK_MIN":10,"MEGANAME":"Pingxiang, Jiangxi","LS_NAME":"Pingxiang2","MAX_POP10":733191,"MAX_POP20":733191,"MAX_POP50":733191,"MAX_POP300":733191,"MAX_POP310":0,"MAX_NATSCA":100,"MIN_AREAKM":152,"MAX_AREAKM":152,"MIN_AREAMI":59,"MAX_AREAMI":59,"MIN_PERKM":158,"MAX_PERKM":158,"MIN_PERMI":98,"MAX_PERMI":98,"MIN_BBXMIN":113.7,"MAX_BBXMIN":113.7,"MIN_BBXMAX":113.933333,"MAX_BBXMAX":113.933333,"MIN_BBYMIN":27.575,"MAX_BBYMIN":27.575,"MIN_BBYMAX":27.741667,"MAX_BBYMAX":27.741667,"MEAN_BBXC":113.833042,"MEAN_BBYC":27.659333,"TIMEZONE":"Asia/Chongqing","UN_FID":93,"POP1950":166,"POP1955":193,"POP1960":226,"POP1965":263,"POP1970":307,"POP1975":359,"POP1980":418,"POP1985":488,"POP1990":569,"POP1995":664,"POP2000":775,"POP2005":905,"POP2010":961,"POP2015":1047,"POP2020":1178,"POP2025":1289,"POP2050":1381,"MIN_ZOOM":5,"WIKIDATAID":"Q362865","WOF_ID":890512887,"CAPALT":0,"NAME_EN":"Pingxiang","NAME_DE":"Pingxiang","NAME_ES":"Pingxiang","NAME_FR":"Pingxiang","NAME_PT":"Pingxiang","NAME_RU":"Пинсян","NAME_ZH":"萍乡","LABEL":null,"NAME_AR":"بينغشيانغ","NAME_BN":"পিংশিয়াং","NAME_EL":"Πινγκξιάνγκ","NAME_HI":"पिंगज़ियांग","NAME_HU":"Pinghsziang","NAME_ID":"Pingxiang","NAME_IT":"Pingxiang","NAME_JA":"萍郷市","NAME_KO":"핑샹시","NAME_NL":"Pingxiang","NAME_PL":"Pingxiang","NAME_SV":"Pingxiang","NAME_TR":"Pingxiang","NAME_VI":"Bình Hương","NE_ID":1159150891,"NAME_FA":"پینگشیانگ","NAME_HE":"פינגקסיאנג","NAME_UK":"Пінсян","NAME_UR":"پنگشیانگ","NAME_ZHT":"萍鄉市","GEONAMESID":1798654,"FCLASS_ISO":null,"FCLASS_US":null,"FCLASS_FR":null,"FCLASS_RU":null,"FCLASS_ES":null,"FCLASS_CN":null,"FCLASS_TW":null,"FCLASS_IN":null,"FCLASS_NP":null,"FCLASS_PK":null,"FCLASS_DE":null,"FCLASS_GB":null,"FCLASS_BR":null,"FCLASS_IL":null,"FCLASS_PS":null,"FCLASS_SA":null,"FCLASS_EG":null,"FCLASS_MA":null,"FCLASS_PT":null,"FCLASS_AR":null,"FCLASS_JP":null,"FCLASS_KO":null,"FCLASS_VN":null,"FCLASS_TR":null,"FCLASS_ID":null,"FCLASS_PL":null,"FCLASS_GR":null,"FCLASS_IT":null,"FCLASS_NL":null,"FCLASS_SE":null,"FCLASS_BD":null,"FCLASS_UA":null,"FCLASS_TLC":null},"bbox":[113.848097,27.621951,113.848097,27.621951],"geometry":{"type":"Point","coordinates":[113.848097,27.621951]}},{"type":"Feature","properties":{"SCALERANK":3,"NATSCALE":110,"LABELRANK":1,"FEATURECLA":"Populated place","NAME":"Vishakhapatnam","NAMEPAR":null,"NAMEALT":"Visakhapatnam","NAMEASCII":"Vishakhapatnam","ADM0CAP":0,"CAPIN":null,"WORLDCITY":0,"MEGACITY":1,"SOV0NAME":"India","SOV_A3":"IND","ADM0NAME":"India","ADM0_A3":"IND","ADM1NAME":"Andhra Pradesh","ISO_A2":"IN","NOTE":null,"LATITUDE":17.731961,"LONGITUDE":83.303036,"POP_MAX":1529000,"POP_MIN":1063178,"POP_OTHER":2400231,"RANK_MAX":12,"RANK_MIN":12,"MEGANAME":"Visakhapatnam","LS_NAME":"Visakhapatnam","MAX_POP10":2270523,"MAX_POP20":2271343,"MAX_POP50":2435637,"MAX_POP300":2313320,"MAX_POP310":0,"MAX_NATSCA":100,"MIN_AREAKM":1100,"MAX_AREAKM":1351,"MIN_AREAMI":425,"MAX_AREAMI":521,"MIN_PERKM":1175,"MAX_PERKM":1485,"MIN_PERMI":730,"MAX_PERMI":923,"MIN_BBXMIN":82.566667,"MAX_BBXMIN":82.675,"MIN_BBXMAX":83.383333,"MAX_BBXMAX":83.383333,"MIN_BBYMIN":17.483333,"MAX_BBYMIN":17.483333,"MIN_BBYMAX":18.063789,"MAX_BBYMAX":18.175,"MEAN_BBXC":83.049256,"MEAN_BBYC":17.760167,"TIMEZONE":"Asia/Kolkata","UN_FID":271,"POP1950":105,"POP1955":144,"POP1960":202,"POP1965":267,"POP1970":349,"POP1975":452,"POP1980":583,"POP1985":770,"POP1990":1018,"POP1995":1168,"POP2000":1309,"POP2005":1465,"POP2010":1529,"POP2015":1628,"POP2020":1810,"POP2025":2020,"POP2050":2256,"MIN_ZOOM":5,"WIKIDATAID":"Q200016","WOF_ID":102028261,"CAPALT":0,"NAME_EN":"Visakhapatnam","NAME_DE":"Visakhapatnam","NAME_ES":"Visakhapatnam","NAME_FR":"Visakhapatnam","NAME_PT":"Vishakhapatnam","NAME_RU":"Вишакхапатнам","NAME_ZH":"维沙卡帕特南","LABEL":null,"NAME_AR":"فيساخاباتنام","NAME_BN":"বিশাখাপত্তনম","NAME_EL":"Βισακχαπατνάμ","NAME_HI":"विशाखापत्तनम","NAME_HU":"Visákhapatnam","NAME_ID":"Visakhapatnam","NAME_IT":"Visakhapatnam","NAME_JA":"ヴィシャーカパトナム","NAME_KO":"비샤카파트남","NAME_NL":"Visakhapatnam","NAME_PL":"Visakhapatnam","NAME_SV":"Visakhapatnam","NAME_TR":"Visakhapatnam","NAME_VI":"Visakhapatnam","NE_ID":1159150915,"NAME_FA":"ویساکاپاتنام","NAME_HE":"ויסאקפאטנאם","NAME_UK":"Вішакхапатнам","NAME_UR":"وشاکھ پٹنم","NAME_ZHT":"維沙卡帕特南","GEONAMESID":1253102,"FCLASS_ISO":null,"FCLASS_US":null,"FCLASS_FR":null,"FCLASS_RU":null,"FCLASS_ES":null,"FCLASS_CN":null,"FCLASS_TW":null,"FCLASS_IN":null,"FCLASS_NP":null,"FCLASS_PK":null,"FCLASS_DE":null,"FCLASS_GB":null,"FCLASS_BR":null,"FCLASS_IL":null,"FCLASS_PS":null,"FCLASS_SA":null,"FCLASS_EG":null,"FCLASS_MA":null,"FCLASS_PT":null,"FCLASS_AR":null,"FCLASS_JP":null,"FCLASS_KO":null,"FCLASS_VN":null,"FCLASS_TR":null,"FCLASS_ID":null,"FCLASS_PL":null,"FCLASS_GR":null,"FCLASS_IT":null,"FCLASS_NL":null,"FCLASS_SE":null,"FCLASS_BD":null,"FCLASS_UA":null,"FCLASS_TLC":null},"bbox":[83.219848,17.682903,83.219848,17.682903],"geometry":{"type":"Point","coordinates":[83.219848,17.682903]}},{"type":"Feature","properties":{"SCALERANK":3,"NATSCALE":110,"LABELRANK":1,"FEATURECLA":"Populated place","NAME":"Amritsar","NAMEPAR":null,"NAMEALT":null,"NAMEASCII":"Amritsar","ADM0CAP":0,"CAPIN":null,"WORLDCITY":0,"MEGACITY":1,"SOV0NAME":"India","SOV_A3":"IND","ADM0NAME":"India","ADM0_A3":"IND","ADM1NAME":"Punjab","ISO_A2":"IN","NOTE":null,"LATITUDE":31.641938,"LONGITUDE":74.868047,"POP_MAX":1212000,"POP_MIN":1092450,"POP_OTHER":3162129,"RANK_MAX":12,"RANK_MIN":12,"MEGANAME":"Amritsar","LS_NAME":"Amritsar","MAX_POP10":3368942,"MAX_POP20":3453283,"MAX_POP50":10055318,"MAX_POP300":20902187,"MAX_POP310":0,"MAX_NATSCA":100,"MIN_AREAKM":3481,"MAX_AREAKM":21438,"MIN_AREAMI":1344,"MAX_AREAMI":8277,"MIN_PERKM":2461,"MAX_PERKM":14255,"MIN_PERMI":1529,"MAX_PERMI":8858,"MIN_BBXMIN":74.408651,"MAX_BBXMIN":74.557703,"MIN_BBXMAX":75.376075,"MAX_BBXMAX":76.925,"MIN_BBYMIN":30.008333,"MAX_BBYMIN":31.166667,"MIN_BBYMAX":32.181692,"MAX_BBYMAX":33,"MEAN_BBXC":75.104676,"MEAN_BBYC":31.795917,"TIMEZONE":"Asia/Kolkata","UN_FID":216,"POP1950":340,"POP1955":362,"POP1960":394,"POP1965":423,"POP1970":453,"POP1975":520,"POP1980":604,"POP1985":665,"POP1990":726,"POP1995":844,"POP2000":990,"POP2005":1152,"POP2010":1212,"POP2015":1299,"POP2020":1449,"POP2025":1619,"POP2050":1811,"MIN_ZOOM":5,"WIKIDATAID":"Q48403","WOF_ID":102030955,"CAPALT":0,"NAME_EN":"Amritsar","NAME_DE":"Amritsar","NAME_ES":"Amritsar","NAME_FR":"Amritsar","NAME_PT":"Amritsar","NAME_RU":"Амритсар","NAME_ZH":"阿姆利则","LABEL":null,"NAME_AR":"أمريتسار","NAME_BN":"অমৃতসর","NAME_EL":"Αμριτσάρ","NAME_HI":"अमृतसर","NAME_HU":"Amritszár","NAME_ID":"Amritsar","NAME_IT":"Amritsar","NAME_JA":"アムリトサル","NAME_KO":"암리차르","NAME_NL":"Amritsar","NAME_PL":"Amritsar","NAME_SV":"Amritsar","NAME_TR":"Amritsar","NAME_VI":"Amritsar","NE_ID":1159150975,"NAME_FA":"امریتسار","NAME_HE":"אמריטסר","NAME_UK":"Амрітсар","NAME_UR":"امرتسر","NAME_ZHT":"阿姆利則","GEONAMESID":1278710,"FCLASS_ISO":null,"FCLASS_US":null,"FCLASS_FR":null,"FCLASS_RU":null,"FCLASS_ES":null,"FCLASS_CN":null,"FCLASS_TW":null,"FCLASS_IN":null,"FCLASS_NP":null,"FCLASS_PK":null,"FCLASS_DE":null,"FCLASS_GB":null,"FCLASS_BR":null,"FCLASS_IL":null,"FCLASS_PS":null,"FCLASS_SA":null,"FCLASS_EG":null,"FCLASS_MA":null,"FCLASS_PT":null,"FCLASS_AR":null,"FCLASS_JP":null,"FCLASS_KO":null,"FCLASS_VN":null,"FCLASS_TR":null,"FCLASS_ID":null,"FCLASS_PL":null,"FCLASS_GR":null,"FCLASS_IT":null,"FCLASS_NL":null,"FCLASS_SE":null,"FCLASS_BD":null,"FCLASS_UA":null,"FCLASS_TLC":null},"bbox":[74.868047,31.641938,74.868047,31.641938],"geometry":{"type":"Point","coordinates":[74.868047,31.641938]}},{"type":"Feature","properties":{"SCALERANK":3,"NATSCALE":110,"LABELRANK":1,"FEATURECLA":"Populated place","NAME":"Varanasi","NAMEPAR":"Banaras","NAMEALT":"Benares","NAMEASCII":"Varanasi","ADM0CAP":0,"CAPIN":null,"WORLDCITY":0,"MEGACITY":1,"SOV0NAME":"India","SOV_A3":"IND","ADM0NAME":"India","ADM0_A3":"IND","ADM1NAME":"Uttar Pradesh","ISO_A2":"IN","NOTE":null,"LATITUDE":25.331936,"LONGITUDE":82.998094,"POP_MAX":1352000,"POP_MIN":1164404,"POP_OTHER":12072703,"RANK_MAX":12,"RANK_MIN":12,"MEGANAME":"Varanasi","LS_NAME":"Varanasi","MAX_POP10":11975229,"MAX_POP20":11970959,"MAX_POP50":31649213,"MAX_POP300":32679081,"MAX_POP310":0,"MAX_NATSCA":100,"MIN_AREAKM":7625,"MAX_AREAKM":26647,"MIN_AREAMI":2944,"MAX_AREAMI":10289,"MIN_PERKM":4829,"MAX_PERKM":11740,"MIN_PERMI":3001,"MAX_PERMI":7295,"MIN_BBXMIN":82.5,"MAX_BBXMIN":82.560951,"MIN_BBXMAX":84.003424,"MAX_BBXMAX":84.15,"MIN_BBYMIN":24.508333,"MAX_BBYMIN":24.908333,"MIN_BBYMAX":26.151056,"MAX_BBYMAX":27.7,"MEAN_BBXC":83.213549,"MEAN_BBYC":25.874231,"TIMEZONE":"Asia/Kolkata","UN_FID":269,"POP1950":349,"POP1955":409,"POP1960":480,"POP1965":537,"POP1970":597,"POP1975":680,"POP1980":777,"POP1985":887,"POP1990":1013,"POP1995":1106,"POP2000":1199,"POP2005":1303,"POP2010":1352,"POP2015":1434,"POP2020":1595,"POP2025":1781,"POP2050":1991,"MIN_ZOOM":5,"WIKIDATAID":"Q79980","WOF_ID":102028309,"CAPALT":0,"NAME_EN":"Varanasi","NAME_DE":"Varanasi","NAME_ES":"Benarés","NAME_FR":"Bénarès","NAME_PT":"Varanasi","NAME_RU":"Варанаси","NAME_ZH":"瓦兰希","LABEL":null,"NAME_AR":"فاراناسي","NAME_BN":"বারাণসী","NAME_EL":"Βαρανάσι","NAME_HI":"वाराणसी","NAME_HU":"Váránaszi","NAME_ID":"Benares","NAME_IT":"Varanasi","NAME_JA":"ヴァーラーナシー","NAME_KO":"바라나시","NAME_NL":"Benares","NAME_PL":"Waranasi","NAME_SV":"Varanasi","NAME_TR":"Varanasi","NAME_VI":"Varanasi","NE_ID":1159150979,"NAME_FA":"بنارس","NAME_HE":"ואראנסי","NAME_UK":"Варанасі","NAME_UR":"بنارس","NAME_ZHT":"瓦蘭希","GEONAMESID":1253405,"FCLASS_ISO":null,"FCLASS_US":null,"FCLASS_FR":null,"FCLASS_RU":null,"FCLASS_ES":null,"FCLASS_CN":null,"FCLASS_TW":null,"FCLASS_IN":null,"FCLASS_NP":null,"FCLASS_PK":null,"FCLASS_DE":null,"FCLASS_GB":null,"FCLASS_BR":null,"FCLASS_IL":null,"FCLASS_PS":null,"FCLASS_SA":null,"FCLASS_EG":null,"FCLASS_MA":null,"FCLASS_PT":null,"FCLASS_AR":null,"FCLASS_JP":null,"FCLASS_KO":null,"FCLASS_VN":null,"FCLASS_TR":null,"FCLASS_ID":null,"FCLASS_PL":null,"FCLASS_GR":null,"FCLASS_IT":null,"FCLASS_NL":null,"FCLASS_SE":null,"FCLASS_BD":null,"FCLASS_UA":null,"FCLASS_TLC":null},"bbox":[82.998094,25.331936,82.998094,25.331936],"geometry":{"type":"Point","coordinates":[82.998094,25.331936]}},{"type":"Feature","properties":{"SCALERANK":3,"NATSCALE":110,"LABELRANK":1,"FEATURECLA":"Populated place","NAME":"Asansol","NAMEPAR":null,"NAMEALT":null,"NAMEASCII":"Asansol","ADM0CAP":0,"CAPIN":null,"WORLDCITY":0,"MEGACITY":1,"SOV0NAME":"India","SOV_A3":"IND","ADM0NAME":"India","ADM0_A3":"IND","ADM1NAME":"West Bengal","ISO_A2":"IN","NOTE":null,"LATITUDE":23.685279,"LONGITUDE":86.981387,"POP_MAX":1328000,"POP_MIN":1328000,"POP_OTHER":0,"RANK_MAX":12,"RANK_MIN":12,"MEGANAME":"Asansol","LS_NAME":null,"MAX_POP10":0,"MAX_POP20":0,"MAX_POP50":0,"MAX_POP300":0,"MAX_POP310":0,"MAX_NATSCA":0,"MIN_AREAKM":0,"MAX_AREAKM":0,"MIN_AREAMI":0,"MAX_AREAMI":0,"MIN_PERKM":0,"MAX_PERKM":0,"MIN_PERMI":0,"MAX_PERMI":0,"MIN_BBXMIN":0,"MAX_BBXMIN":0,"MIN_BBXMAX":0,"MAX_BBXMAX":0,"MIN_BBYMIN":0,"MAX_BBYMIN":0,"MIN_BBYMAX":0,"MAX_BBYMAX":0,"MEAN_BBXC":0,"MEAN_BBYC":0,"TIMEZONE":"Asia/Kolkata","UN_FID":217,"POP1950":93,"POP1955":122,"POP1960":162,"POP1965":197,"POP1970":235,"POP1975":289,"POP1980":356,"POP1985":504,"POP1990":727,"POP1995":891,"POP2000":1065,"POP2005":1258,"POP2010":1328,"POP2015":1425,"POP2020":1590,"POP2025":1776,"POP2050":1985,"MIN_ZOOM":5,"WIKIDATAID":"Q202139","WOF_ID":102030901,"CAPALT":0,"NAME_EN":"Asansol","NAME_DE":"Asansol","NAME_ES":"Asansol","NAME_FR":"Asansol","NAME_PT":"Asansol","NAME_RU":"Асансол","NAME_ZH":"阿桑索尔","LABEL":null,"NAME_AR":"أسانسول","NAME_BN":"আসানসোল","NAME_EL":"Ασανσόλ","NAME_HI":"आसनसोल","NAME_HU":"Ászánszol","NAME_ID":"Asansol","NAME_IT":"Asansol","NAME_JA":"アサンソル","NAME_KO":"아산솔","NAME_NL":"Asansol","NAME_PL":"Asansol","NAME_SV":"Asansol","NAME_TR":"Asansol","NAME_VI":"Asansol","NE_ID":1159150981,"NAME_FA":"آسانسول","NAME_HE":"אסנסול","NAME_UK":"Асансол","NAME_UR":"آسنسول","NAME_ZHT":"阿桑索爾","GEONAMESID":1278314,"FCLASS_ISO":null,"FCLASS_US":null,"FCLASS_FR":null,"FCLASS_RU":null,"FCLASS_ES":null,"FCLASS_CN":null,"FCLASS_TW":null,"FCLASS_IN":null,"FCLASS_NP":null,"FCLASS_PK":null,"FCLASS_DE":null,"FCLASS_GB":null,"FCLASS_BR":null,"FCLASS_IL":null,"FCLASS_PS":null,"FCLASS_SA":null,"FCLASS_EG":null,"FCLASS_MA":null,"FCLASS_PT":null,"FCLASS_AR":null,"FCLASS_JP":null,"FCLASS_KO":null,"FCLASS_VN":null,"FCLASS_TR":null,"FCLASS_ID":null,"FCLASS_PL":null,"FCLASS_GR":null,"FCLASS_IT":null,"FCLASS_NL":null,"FCLASS_SE":null,"FCLASS_BD":null,"FCLASS_UA":null,"FCLASS_TLC":null},"bbox":[86.981387,23.685279,86.981387,23.685279],"geometry":{"type":"Point","coordinates":[86.981387,23.685279]}},{"type":"Feature","properties":{"SCALERANK":3,"NATSCALE":110,"LABELRANK":1,"FEATURECLA":"Populated place","NAME":"Bhilai","NAMEPAR":null,"NAMEALT":"Durg-Bhilainagar","NAMEASCII":"Bhilai","ADM0CAP":0,"CAPIN":null,"WORLDCITY":0,"MEGACITY":1,"SOV0NAME":"India","SOV_A3":"IND","ADM0NAME":"India","ADM0_A3":"IND","ADM1NAME":"Chhattisgarh","ISO_A2":"IN","NOTE":null,"LATITUDE":21.218613,"LONGITUDE":81.431387,"POP_MAX":1097000,"POP_MIN":1097000,"POP_OTHER":0,"RANK_MAX":12,"RANK_MIN":12,"MEGANAME":"Durg-Bhilainagar","LS_NAME":null,"MAX_POP10":0,"MAX_POP20":0,"MAX_POP50":0,"MAX_POP300":0,"MAX_POP310":0,"MAX_NATSCA":0,"MIN_AREAKM":0,"MAX_AREAKM":0,"MIN_AREAMI":0,"MAX_AREAMI":0,"MIN_PERKM":0,"MAX_PERKM":0,"MIN_PERMI":0,"MAX_PERMI":0,"MIN_BBXMIN":0,"MAX_BBXMIN":0,"MIN_BBXMAX":0,"MAX_BBXMAX":0,"MIN_BBYMIN":0,"MAX_BBYMIN":0,"MIN_BBYMAX":0,"MAX_BBYMAX":0,"MEAN_BBXC":0,"MEAN_BBYC":0,"TIMEZONE":"Asia/Kolkata","UN_FID":229,"POP1950":20,"POP1955":46,"POP1960":118,"POP1965":173,"POP1970":234,"POP1975":330,"POP1980":468,"POP1985":567,"POP1990":670,"POP1995":780,"POP2000":905,"POP2005":1044,"POP2010":1097,"POP2015":1174,"POP2020":1310,"POP2025":1465,"POP2050":1640,"MIN_ZOOM":5,"WIKIDATAID":"Q242144","WOF_ID":102030693,"CAPALT":0,"NAME_EN":"Bhilai","NAME_DE":"Bhilai","NAME_ES":"Bhilai","NAME_FR":"Bhilai","NAME_PT":"Bhilai","NAME_RU":"Бхилаи","NAME_ZH":"比莱","LABEL":null,"NAME_AR":"بهيلاي","NAME_BN":"ভিলাই নগর","NAME_EL":"Μπχιλάι","NAME_HI":"भिलाई","NAME_HU":"Bhilái","NAME_ID":"Bhilai","NAME_IT":"Bhilai Nagar","NAME_JA":"ビライ","NAME_KO":"빌라이","NAME_NL":"Bhilai","NAME_PL":"Bhilaj Nagar","NAME_SV":"Bhilai Nagar","NAME_TR":"Bhilai","NAME_VI":"Bhilai Nagar","NE_ID":1159150983,"NAME_FA":"بالای","NAME_HE":"בחילאי","NAME_UK":"Бхілаї","NAME_UR":"ہیلائی","NAME_ZHT":"比萊","GEONAMESID":1275971,"FCLASS_ISO":null,"FCLASS_US":null,"FCLASS_FR":null,"FCLASS_RU":null,"FCLASS_ES":null,"FCLASS_CN":null,"FCLASS_TW":null,"FCLASS_IN":null,"FCLASS_NP":null,"FCLASS_PK":null,"FCLASS_DE":null,"FCLASS_GB":null,"FCLASS_BR":null,"FCLASS_IL":null,"FCLASS_PS":null,"FCLASS_SA":null,"FCLASS_EG":null,"FCLASS_MA":null,"FCLASS_PT":null,"FCLASS_AR":null,"FCLASS_JP":null,"FCLASS_KO":null,"FCLASS_VN":null,"FCLASS_TR":null,"FCLASS_ID":null,"FCLASS_PL":null,"FCLASS_GR":null,"FCLASS_IT":null,"FCLASS_NL":null,"FCLASS_SE":null,"FCLASS_BD":null,"FCLASS_UA":null,"FCLASS_TLC":null},"bbox":[81.372213,21.211262,81.372213,21.211262],"geometry":{"type":"Point","coordinates":[81.372213,21.211262]}},{"type":"Feature","properties":{"SCALERANK":3,"NATSCALE":110,"LABELRANK":1,"FEATURECLA":"Admin-1 capital","NAME":"Bhopal","NAMEPAR":null,"NAMEALT":null,"NAMEASCII":"Bhopal","ADM0CAP":0,"CAPIN":null,"WORLDCITY":0,"MEGACITY":1,"SOV0NAME":"India","SOV_A3":"IND","ADM0NAME":"India","ADM0_A3":"IND","ADM1NAME":"Madhya Pradesh","ISO_A2":"IN","NOTE":null,"LATITUDE":23.251934,"LONGITUDE":77.408047,"POP_MAX":1727000,"POP_MIN":1599914,"POP_OTHER":1808011,"RANK_MAX":12,"RANK_MIN":12,"MEGANAME":"Bhopal","LS_NAME":"Bhopal","MAX_POP10":1809746,"MAX_POP20":1809746,"MAX_POP50":1809746,"MAX_POP300":1809746,"MAX_POP310":0,"MAX_NATSCA":100,"MIN_AREAKM":338,"MAX_AREAKM":338,"MIN_AREAMI":130,"MAX_AREAMI":130,"MIN_PERKM":253,"MAX_PERKM":253,"MIN_PERMI":157,"MAX_PERMI":157,"MIN_BBXMIN":77.283333,"MAX_BBXMIN":77.283333,"MIN_BBXMAX":77.6,"MAX_BBXMAX":77.6,"MIN_BBYMIN":23.033333,"MAX_BBYMIN":23.033333,"MIN_BBYMAX":23.358333,"MAX_BBYMAX":23.358333,"MEAN_BBXC":77.440122,"MEAN_BBYC":23.229244,"TIMEZONE":"Asia/Kolkata","UN_FID":222,"POP1950":100,"POP1955":143,"POP1960":212,"POP1965":282,"POP1970":370,"POP1975":491,"POP1980":655,"POP1985":831,"POP1990":1046,"POP1995":1228,"POP2000":1426,"POP2005":1644,"POP2010":1727,"POP2015":1845,"POP2020":2053,"POP2025":2288,"POP2050":2553,"MIN_ZOOM":5,"WIKIDATAID":"Q80989","WOF_ID":102030673,"CAPALT":0,"NAME_EN":"Bhopal","NAME_DE":"Bhopal","NAME_ES":"Bhopal","NAME_FR":"Bhopal","NAME_PT":"Bhopal","NAME_RU":"Бхопал","NAME_ZH":"博帕尔","LABEL":null,"NAME_AR":"بوبال","NAME_BN":"ভোপাল","NAME_EL":"Μποπάλ","NAME_HI":"भोपाल","NAME_HU":"Bhopál","NAME_ID":"Bhopal","NAME_IT":"Bhopal","NAME_JA":"ボーパール","NAME_KO":"보팔","NAME_NL":"Bhopal","NAME_PL":"Bhopal","NAME_SV":"Bhopal","NAME_TR":"Bhopal","NAME_VI":"Bhopal","NE_ID":1159150985,"NAME_FA":"بوپال","NAME_HE":"בופאל","NAME_UK":"Бхопал","NAME_UR":"بھوپال","NAME_ZHT":"博帕爾","GEONAMESID":1275841,"FCLASS_ISO":null,"FCLASS_US":null,"FCLASS_FR":null,"FCLASS_RU":null,"FCLASS_ES":null,"FCLASS_CN":null,"FCLASS_TW":null,"FCLASS_IN":null,"FCLASS_NP":null,"FCLASS_PK":null,"FCLASS_DE":null,"FCLASS_GB":null,"FCLASS_BR":null,"FCLASS_IL":null,"FCLASS_PS":null,"FCLASS_SA":null,"FCLASS_EG":null,"FCLASS_MA":null,"FCLASS_PT":null,"FCLASS_AR":null,"FCLASS_JP":null,"FCLASS_KO":null,"FCLASS_VN":null,"FCLASS_TR":null,"FCLASS_ID":null,"FCLASS_PL":null,"FCLASS_GR":null,"FCLASS_IT":null,"FCLASS_NL":null,"FCLASS_SE":null,"FCLASS_BD":null,"FCLASS_UA":null,"FCLASS_TLC":null},"bbox":[77.408047,23.251934,77.408047,23.251934],"geometry":{"type":"Point","coordinates":[77.408047,23.251934]}},{"type":"Feature","properties":{"SCALERANK":3,"NATSCALE":110,"LABELRANK":1,"FEATURECLA":"Populated place","NAME":"Madurai","NAMEPAR":null,"NAMEALT":null,"NAMEASCII":"Madurai","ADM0CAP":0,"CAPIN":null,"WORLDCITY":0,"MEGACITY":1,"SOV0NAME":"India","SOV_A3":"IND","ADM0NAME":"India","ADM0_A3":"IND","ADM1NAME":"Tamil Nadu","ISO_A2":"IN","NOTE":null,"LATITUDE":9.921972,"LONGITUDE":78.118081,"POP_MAX":1294000,"POP_MIN":909908,"POP_OTHER":3314275,"RANK_MAX":12,"RANK_MIN":11,"MEGANAME":"Madurai","LS_NAME":"Madurai","MAX_POP10":2968060,"MAX_POP20":2970211,"MAX_POP50":4751088,"MAX_POP300":12474876,"MAX_POP310":0,"MAX_NATSCA":100,"MIN_AREAKM":2506,"MAX_AREAKM":12963,"MIN_AREAMI":967,"MAX_AREAMI":5005,"MIN_PERKM":3185,"MAX_PERKM":14030,"MIN_PERMI":1979,"MAX_PERMI":8718,"MIN_BBXMIN":77.618065,"MAX_BBXMIN":77.683333,"MIN_BBXMAX":79.063923,"MAX_BBXMAX":79.866667,"MIN_BBYMIN":9.075,"MAX_BBYMIN":9.371234,"MIN_BBYMAX":10.276199,"MAX_BBYMAX":11.45,"MEAN_BBXC":78.471546,"MEAN_BBYC":9.987589,"TIMEZONE":"Asia/Kolkata","UN_FID":250,"POP1950":361,"POP1955":419,"POP1960":482,"POP1965":576,"POP1970":692,"POP1975":790,"POP1980":893,"POP1985":981,"POP1990":1073,"POP1995":1132,"POP2000":1187,"POP2005":1255,"POP2010":1294,"POP2015":1367,"POP2020":1519,"POP2025":1697,"POP2050":1897,"MIN_ZOOM":5,"WIKIDATAID":"Q228405","WOF_ID":102029533,"CAPALT":0,"NAME_EN":"Madurai","NAME_DE":"Madurai","NAME_ES":"Madurai","NAME_FR":"Madurai","NAME_PT":"Madurai","NAME_RU":"Мадурай","NAME_ZH":"马杜赖","LABEL":null,"NAME_AR":"مادوراي","NAME_BN":"মাদুরাই","NAME_EL":"Μαντουράι","NAME_HI":"मदुरई","NAME_HU":"Maduráj","NAME_ID":"Madurai","NAME_IT":"Madurai","NAME_JA":"マドゥライ","NAME_KO":"마두라이","NAME_NL":"Madurai","NAME_PL":"Maduraj","NAME_SV":"Madurai","NAME_TR":"Madurai","NAME_VI":"Madurai","NE_ID":1159150987,"NAME_FA":"مادورای","NAME_HE":"מאדוראי","NAME_UK":"Мадурай","NAME_UR":"مدورائے","NAME_ZHT":"馬杜賴","GEONAMESID":1264521,"FCLASS_ISO":null,"FCLASS_US":null,"FCLASS_FR":null,"FCLASS_RU":null,"FCLASS_ES":null,"FCLASS_CN":null,"FCLASS_TW":null,"FCLASS_IN":null,"FCLASS_NP":null,"FCLASS_PK":null,"FCLASS_DE":null,"FCLASS_GB":null,"FCLASS_BR":null,"FCLASS_IL":null,"FCLASS_PS":null,"FCLASS_SA":null,"FCLASS_EG":null,"FCLASS_MA":null,"FCLASS_PT":null,"FCLASS_AR":null,"FCLASS_JP":null,"FCLASS_KO":null,"FCLASS_VN":null,"FCLASS_TR":null,"FCLASS_ID":null,"FCLASS_PL":null,"FCLASS_GR":null,"FCLASS_IT":null,"FCLASS_NL":null,"FCLASS_SE":null,"FCLASS_BD":null,"FCLASS_UA":null,"FCLASS_TLC":null},"bbox":[78.118081,9.921972,78.118081,9.921972],"geometry":{"type":"Point","coordinates":[78.118081,9.921972]}},{"type":"Feature","properties":{"SCALERANK":3,"NATSCALE":110,"LABELRANK":1,"FEATURECLA":"Populated place","NAME":"Coimbatore","NAMEPAR":null,"NAMEALT":null,"NAMEASCII":"Coimbatore","ADM0CAP":0,"CAPIN":null,"WORLDCITY":0,"MEGACITY":1,"SOV0NAME":"India","SOV_A3":"IND","ADM0NAME":"India","ADM0_A3":"IND","ADM1NAME":"Tamil Nadu","ISO_A2":"IN","NOTE":null,"LATITUDE":11.001906,"LONGITUDE":76.948075,"POP_MAX":1696000,"POP_MIN":959823,"POP_OTHER":3686679,"RANK_MAX":12,"RANK_MIN":11,"MEGANAME":"Coimbatore","LS_NAME":"Coimbatore","MAX_POP10":1604301,"MAX_POP20":2462609,"MAX_POP50":2462609,"MAX_POP300":2462609,"MAX_POP310":0,"MAX_NATSCA":100,"MIN_AREAKM":439,"MAX_AREAKM":849,"MIN_AREAMI":170,"MAX_AREAMI":328,"MIN_PERKM":341,"MAX_PERKM":805,"MIN_PERMI":212,"MAX_PERMI":500,"MIN_BBXMIN":76.85,"MAX_BBXMIN":76.85,"MIN_BBXMAX":77.146665,"MAX_BBXMAX":77.466667,"MIN_BBYMIN":10.875,"MAX_BBYMIN":10.875,"MIN_BBYMAX":11.283333,"MAX_BBYMAX":11.283333,"MEAN_BBXC":77.100121,"MEAN_BBYC":11.058199,"TIMEZONE":"Asia/Kolkata","UN_FID":226,"POP1950":279,"POP1955":348,"POP1960":435,"POP1965":555,"POP1970":710,"POP1975":810,"POP1980":907,"POP1985":995,"POP1990":1088,"POP1995":1239,"POP2000":1420,"POP2005":1619,"POP2010":1696,"POP2015":1810,"POP2020":2012,"POP2025":2243,"POP2050":2503,"MIN_ZOOM":5,"WIKIDATAID":"Q9885","WOF_ID":102030495,"CAPALT":0,"NAME_EN":"Coimbatore","NAME_DE":"Coimbatore","NAME_ES":"Coimbatore","NAME_FR":"Coimbatore","NAME_PT":"Coimbatore","NAME_RU":"Коимбатур","NAME_ZH":"科伊巴拓雷","LABEL":null,"NAME_AR":"كويمباتور","NAME_BN":"কোয়েম্বাটুর","NAME_EL":"Κοϊμπαντόρ","NAME_HI":"कोयंबतूर","NAME_HU":"Kojambuttúr","NAME_ID":"Coimbatore","NAME_IT":"Coimbatore","NAME_JA":"コーヤンブットゥール","NAME_KO":"코임바토르","NAME_NL":"Coimbatore","NAME_PL":"Coimbatore","NAME_SV":"Coimbatore","NAME_TR":"Coimbatore","NAME_VI":"Coimbatore","NE_ID":1159150989,"NAME_FA":"کویمباتور","NAME_HE":"קוימבטור","NAME_UK":"Коїмбатор","NAME_UR":"کویمبٹور","NAME_ZHT":"科伊巴拓雷","GEONAMESID":1273865,"FCLASS_ISO":null,"FCLASS_US":null,"FCLASS_FR":null,"FCLASS_RU":null,"FCLASS_ES":null,"FCLASS_CN":null,"FCLASS_TW":null,"FCLASS_IN":null,"FCLASS_NP":null,"FCLASS_PK":null,"FCLASS_DE":null,"FCLASS_GB":null,"FCLASS_BR":null,"FCLASS_IL":null,"FCLASS_PS":null,"FCLASS_SA":null,"FCLASS_EG":null,"FCLASS_MA":null,"FCLASS_PT":null,"FCLASS_AR":null,"FCLASS_JP":null,"FCLASS_KO":null,"FCLASS_VN":null,"FCLASS_TR":null,"FCLASS_ID":null,"FCLASS_PL":null,"FCLASS_GR":null,"FCLASS_IT":null,"FCLASS_NL":null,"FCLASS_SE":null,"FCLASS_BD":null,"FCLASS_UA":null,"FCLASS_TLC":null},"bbox":[76.948075,11.001906,76.948075,11.001906],"geometry":{"type":"Point","coordinates":[76.948075,11.001906]}},{"type":"Feature","properties":{"SCALERANK":2,"NATSCALE":200,"LABELRANK":1,"FEATURECLA":"Populated place","NAME":"Shenzhen","NAMEPAR":null,"NAMEALT":null,"NAMEASCII":"Shenzhen","ADM0CAP":0,"CAPIN":null,"WORLDCITY":0,"MEGACITY":1,"SOV0NAME":"China","SOV_A3":"CHN","ADM0NAME":"China","ADM0_A3":"CHN","ADM1NAME":"Guangdong","ISO_A2":"CN","NOTE":null,"LATITUDE":22.554316,"LONGITUDE":114.120177,"POP_MAX":7581000,"POP_MIN":1002592,"POP_OTHER":10908994,"RANK_MAX":13,"RANK_MIN":12,"MEGANAME":"Shenzhen","LS_NAME":"Shenzhen","MAX_POP10":11104806,"MAX_POP20":0,"MAX_POP50":0,"MAX_POP300":0,"MAX_POP310":0,"MAX_NATSCA":10,"MIN_AREAKM":1838,"MAX_AREAKM":1838,"MIN_AREAMI":710,"MAX_AREAMI":710,"MIN_PERKM":1145,"MAX_PERKM":1145,"MIN_PERMI":711,"MAX_PERMI":711,"MIN_BBXMIN":113.666667,"MAX_BBXMIN":113.666667,"MIN_BBXMAX":114.425,"MAX_BBXMAX":114.425,"MIN_BBYMIN":22.368825,"MAX_BBYMIN":22.368825,"MIN_BBYMAX":23.005729,"MAX_BBYMAX":23.005729,"MEAN_BBXC":114.026176,"MEAN_BBYC":22.704497,"TIMEZONE":"Asia/Chongqing","UN_FID":103,"POP1950":174,"POP1955":194,"POP1960":216,"POP1965":242,"POP1970":270,"POP1975":301,"POP1980":337,"POP1985":495,"POP1990":875,"POP1995":2304,"POP2000":6069,"POP2005":7233,"POP2010":7581,"POP2015":8114,"POP2020":8952,"POP2025":9654,"POP2050":10196,"MIN_ZOOM":4.7,"WIKIDATAID":"Q15174","WOF_ID":102027165,"CAPALT":0,"NAME_EN":"Shenzhen","NAME_DE":"Shenzhen","NAME_ES":"Shenzhen","NAME_FR":"Shenzhen","NAME_PT":"Shenzhen","NAME_RU":"Шэньчжэнь","NAME_ZH":"深圳","LABEL":null,"NAME_AR":"شينزين","NAME_BN":"শেনচেন","NAME_EL":"Σεντσέν","NAME_HI":"शेन्झेन","NAME_HU":"Sencsen","NAME_ID":"Shenzhen","NAME_IT":"Shenzhen","NAME_JA":"深圳市","NAME_KO":"선전시","NAME_NL":"Shenzhen","NAME_PL":"Shenzhen","NAME_SV":"Shenzhen","NAME_TR":"Shenzhen","NAME_VI":"Thâm Quyến","NE_ID":1159151215,"NAME_FA":"شنژن","NAME_HE":"שנג'ן","NAME_UK":"Шеньчжень","NAME_UR":"شینزین","NAME_ZHT":"深圳市","GEONAMESID":1795565,"FCLASS_ISO":null,"FCLASS_US":null,"FCLASS_FR":null,"FCLASS_RU":null,"FCLASS_ES":null,"FCLASS_CN":null,"FCLASS_TW":null,"FCLASS_IN":null,"FCLASS_NP":null,"FCLASS_PK":null,"FCLASS_DE":null,"FCLASS_GB":null,"FCLASS_BR":null,"FCLASS_IL":null,"FCLASS_PS":null,"FCLASS_SA":null,"FCLASS_EG":null,"FCLASS_MA":null,"FCLASS_PT":null,"FCLASS_AR":null,"FCLASS_JP":null,"FCLASS_KO":null,"FCLASS_VN":null,"FCLASS_TR":null,"FCLASS_ID":null,"FCLASS_PL":null,"FCLASS_GR":null,"FCLASS_IT":null,"FCLASS_NL":null,"FCLASS_SE":null,"FCLASS_BD":null,"FCLASS_UA":null,"FCLASS_TLC":null},"bbox":[114.061154,22.548097,114.061154,22.548097],"geometry":{"type":"Point","coordinates":[114.061154,22.548097]}},{"type":"Feature","properties":{"SCALERANK":2,"NATSCALE":200,"LABELRANK":1,"FEATURECLA":"Populated place","NAME":"Zibo","NAMEPAR":null,"NAMEALT":null,"NAMEASCII":"Zibo","ADM0CAP":0,"CAPIN":null,"WORLDCITY":0,"MEGACITY":1,"SOV0NAME":"China","SOV_A3":"CHN","ADM0NAME":"China","ADM0_A3":"CHN","ADM1NAME":"Shandong","ISO_A2":"CN","NOTE":null,"LATITUDE":36.801934,"LONGITUDE":118.048047,"POP_MAX":3061000,"POP_MIN":669770,"POP_OTHER":5149419,"RANK_MAX":12,"RANK_MIN":11,"MEGANAME":"Zibo","LS_NAME":"Zibo","MAX_POP10":5344081,"MAX_POP20":5344081,"MAX_POP50":0,"MAX_POP300":0,"MAX_POP310":0,"MAX_NATSCA":20,"MIN_AREAKM":3740,"MAX_AREAKM":3740,"MIN_AREAMI":1444,"MAX_AREAMI":1444,"MIN_PERKM":2525,"MAX_PERKM":2525,"MIN_PERMI":1569,"MAX_PERMI":1569,"MIN_BBXMIN":117.484748,"MAX_BBXMIN":117.484748,"MIN_BBXMAX":118.601575,"MAX_BBXMAX":118.601575,"MIN_BBYMIN":36.383333,"MAX_BBYMIN":36.383333,"MIN_BBYMAX":37.11471,"MAX_BBYMAX":37.11471,"MEAN_BBXC":118.086345,"MEAN_BBYC":36.826481,"TIMEZONE":"Asia/Shanghai","UN_FID":157,"POP1950":1453,"POP1955":1554,"POP1960":1661,"POP1965":1777,"POP1970":1900,"POP1975":2032,"POP1980":2173,"POP1985":2323,"POP1990":2484,"POP1995":2640,"POP2000":2806,"POP2005":2982,"POP2010":3061,"POP2015":3209,"POP2020":3515,"POP2025":3812,"POP2050":4053,"MIN_ZOOM":4.7,"WIKIDATAID":"Q198370","WOF_ID":102026921,"CAPALT":0,"NAME_EN":"Zibo","NAME_DE":"Zibo","NAME_ES":"Zibo","NAME_FR":"Zibo","NAME_PT":"Zibo","NAME_RU":"Цзыбо","NAME_ZH":"淄博","LABEL":null,"NAME_AR":"زيبو","NAME_BN":"সিপো","NAME_EL":"Τζιμπό","NAME_HI":"जीबो","NAME_HU":"Cepo","NAME_ID":"Zibo","NAME_IT":"Zibo","NAME_JA":"淄博市","NAME_KO":"쯔보시","NAME_NL":"Zibo","NAME_PL":"Zibo","NAME_SV":"Zibo","NAME_TR":"Zibo","NAME_VI":"Truy Bác","NE_ID":1159151217,"NAME_FA":"زایبو","NAME_HE":"זיבו","NAME_UK":"Цзибо","NAME_UR":"زیبو","NAME_ZHT":"淄博市","GEONAMESID":1785286,"FCLASS_ISO":null,"FCLASS_US":null,"FCLASS_FR":null,"FCLASS_RU":null,"FCLASS_ES":null,"FCLASS_CN":null,"FCLASS_TW":null,"FCLASS_IN":null,"FCLASS_NP":null,"FCLASS_PK":null,"FCLASS_DE":null,"FCLASS_GB":null,"FCLASS_BR":null,"FCLASS_IL":null,"FCLASS_PS":null,"FCLASS_SA":null,"FCLASS_EG":null,"FCLASS_MA":null,"FCLASS_PT":null,"FCLASS_AR":null,"FCLASS_JP":null,"FCLASS_KO":null,"FCLASS_VN":null,"FCLASS_TR":null,"FCLASS_ID":null,"FCLASS_PL":null,"FCLASS_GR":null,"FCLASS_IT":null,"FCLASS_NL":null,"FCLASS_SE":null,"FCLASS_BD":null,"FCLASS_UA":null,"FCLASS_TLC":null},"bbox":[117.99646,36.821365,117.99646,36.821365],"geometry":{"type":"Point","coordinates":[117.99646,36.821365]}},{"type":"Feature","properties":{"SCALERANK":2,"NATSCALE":200,"LABELRANK":1,"FEATURECLA":"Admin-1 capital","NAME":"Lanzhou","NAMEPAR":null,"NAMEALT":null,"NAMEASCII":"Lanzhou","ADM0CAP":0,"CAPIN":null,"WORLDCITY":0,"MEGACITY":1,"SOV0NAME":"China","SOV_A3":"CHN","ADM0NAME":"China","ADM0_A3":"CHN","ADM1NAME":"Gansu","ISO_A2":"CN","NOTE":null,"LATITUDE":36.057974,"LONGITUDE":103.790054,"POP_MAX":2561000,"POP_MIN":2004218,"POP_OTHER":0,"RANK_MAX":12,"RANK_MIN":12,"MEGANAME":"Lanzhou","LS_NAME":"Lanzhou","MAX_POP10":2004218,"MAX_POP20":2004218,"MAX_POP50":2004218,"MAX_POP300":2004218,"MAX_POP310":0,"MAX_NATSCA":100,"MIN_AREAKM":244,"MAX_AREAKM":244,"MIN_AREAMI":94,"MAX_AREAMI":94,"MIN_PERKM":163,"MAX_PERKM":163,"MIN_PERMI":101,"MAX_PERMI":101,"MIN_BBXMIN":103.575,"MAX_BBXMIN":103.575,"MIN_BBXMAX":104,"MAX_BBXMAX":104,"MIN_BBYMIN":35.983333,"MAX_BBYMIN":35.983333,"MIN_BBYMAX":36.166667,"MAX_BBYMAX":36.166667,"MEAN_BBXC":103.76527,"MEAN_BBYC":36.078385,"TIMEZONE":"Asia/Chongqing","UN_FID":71,"POP1950":348,"POP1955":434,"POP1960":540,"POP1965":672,"POP1970":837,"POP1975":1042,"POP1980":1298,"POP1985":1489,"POP1990":1618,"POP1995":1830,"POP2000":2071,"POP2005":2411,"POP2010":2561,"POP2015":2785,"POP2020":3115,"POP2025":3387,"POP2050":3604,"MIN_ZOOM":4,"WIKIDATAID":"Q183584","WOF_ID":102027397,"CAPALT":0,"NAME_EN":"Lanzhou","NAME_DE":"Lanzhou","NAME_ES":"Lanzhou","NAME_FR":"Lanzhou","NAME_PT":"Lanzhou","NAME_RU":"Ланьчжоу","NAME_ZH":"兰州","LABEL":null,"NAME_AR":"لانتشو","NAME_BN":"লানচৌ","NAME_EL":"Λαντσόου","NAME_HI":"लान्झू","NAME_HU":"Lancsou","NAME_ID":"Lanzhou","NAME_IT":"Lanzhou","NAME_JA":"蘭州市","NAME_KO":"란저우시","NAME_NL":"Lanzhou","NAME_PL":"Lanzhou","NAME_SV":"Lanzhou","NAME_TR":"Lanzhou","NAME_VI":"Lan Châu","NE_ID":1159151321,"NAME_FA":"لانژو","NAME_HE":"לאנג'ואו","NAME_UK":"Ланьчжоу","NAME_UR":"لانژو","NAME_ZHT":"蘭州市","GEONAMESID":1804430,"FCLASS_ISO":null,"FCLASS_US":null,"FCLASS_FR":null,"FCLASS_RU":null,"FCLASS_ES":null,"FCLASS_CN":null,"FCLASS_TW":null,"FCLASS_IN":null,"FCLASS_NP":null,"FCLASS_PK":null,"FCLASS_DE":null,"FCLASS_GB":null,"FCLASS_BR":null,"FCLASS_IL":null,"FCLASS_PS":null,"FCLASS_SA":null,"FCLASS_EG":null,"FCLASS_MA":null,"FCLASS_PT":null,"FCLASS_AR":null,"FCLASS_JP":null,"FCLASS_KO":null,"FCLASS_VN":null,"FCLASS_TR":null,"FCLASS_ID":null,"FCLASS_PL":null,"FCLASS_GR":null,"FCLASS_IT":null,"FCLASS_NL":null,"FCLASS_SE":null,"FCLASS_BD":null,"FCLASS_UA":null,"FCLASS_TLC":null},"bbox":[103.790054,36.057974,103.790054,36.057974],"geometry":{"type":"Point","coordinates":[103.790054,36.057974]}},{"type":"Feature","properties":{"SCALERANK":2,"NATSCALE":200,"LABELRANK":1,"FEATURECLA":"Admin-1 capital","NAME":"Nanning","NAMEPAR":null,"NAMEALT":null,"NAMEASCII":"Nanning","ADM0CAP":0,"CAPIN":null,"WORLDCITY":0,"MEGACITY":1,"SOV0NAME":"China","SOV_A3":"CHN","ADM0NAME":"China","ADM0_A3":"CHN","ADM1NAME":"Guangxi","ISO_A2":"CN","NOTE":null,"LATITUDE":22.821934,"LONGITUDE":108.318099,"POP_MAX":2167000,"POP_MIN":803788,"POP_OTHER":2327757,"RANK_MAX":12,"RANK_MIN":11,"MEGANAME":"Nanning","LS_NAME":"Nanning","MAX_POP10":1822742,"MAX_POP20":1822742,"MAX_POP50":1822742,"MAX_POP300":1822742,"MAX_POP310":0,"MAX_NATSCA":100,"MIN_AREAKM":301,"MAX_AREAKM":301,"MIN_AREAMI":116,"MAX_AREAMI":116,"MIN_PERKM":261,"MAX_PERKM":261,"MIN_PERMI":162,"MAX_PERMI":162,"MIN_BBXMIN":108.158333,"MAX_BBXMIN":108.158333,"MIN_BBXMAX":108.541667,"MAX_BBXMAX":108.541667,"MIN_BBYMIN":22.7,"MAX_BBYMIN":22.7,"MIN_BBYMAX":22.941667,"MAX_BBYMAX":22.941667,"MEAN_BBXC":108.341525,"MEAN_BBYC":22.807819,"TIMEZONE":"Asia/Chongqing","UN_FID":87,"POP1950":167,"POP1955":216,"POP1960":279,"POP1965":360,"POP1970":466,"POP1975":602,"POP1980":779,"POP1985":964,"POP1990":1159,"POP1995":1421,"POP2000":1743,"POP2005":2040,"POP2010":2167,"POP2015":2357,"POP2020":2640,"POP2025":2873,"POP2050":3061,"MIN_ZOOM":4,"WIKIDATAID":"Q179608","WOF_ID":102027287,"CAPALT":0,"NAME_EN":"Nanning","NAME_DE":"Nanning","NAME_ES":"Nanning","NAME_FR":"Nanning","NAME_PT":"Nanning","NAME_RU":"Наньнин","NAME_ZH":"南宁","LABEL":null,"NAME_AR":"نانينغ","NAME_BN":"নাননিং","NAME_EL":"Νανίνγκ","NAME_HI":"नाननींग","NAME_HU":"Nanning","NAME_ID":"Nanning","NAME_IT":"Nanning","NAME_JA":"南寧市","NAME_KO":"난닝시","NAME_NL":"Nanning","NAME_PL":"Nanning","NAME_SV":"Nanning","NAME_TR":"Nanning","NAME_VI":"Nam Ninh","NE_ID":1159151323,"NAME_FA":"ناننینگ","NAME_HE":"נאנינג","NAME_UK":"Наньнін","NAME_UR":"ناننینگ","NAME_ZHT":"南寧市","GEONAMESID":1799869,"FCLASS_ISO":null,"FCLASS_US":null,"FCLASS_FR":null,"FCLASS_RU":null,"FCLASS_ES":null,"FCLASS_CN":null,"FCLASS_TW":null,"FCLASS_IN":null,"FCLASS_NP":null,"FCLASS_PK":null,"FCLASS_DE":null,"FCLASS_GB":null,"FCLASS_BR":null,"FCLASS_IL":null,"FCLASS_PS":null,"FCLASS_SA":null,"FCLASS_EG":null,"FCLASS_MA":null,"FCLASS_PT":null,"FCLASS_AR":null,"FCLASS_JP":null,"FCLASS_KO":null,"FCLASS_VN":null,"FCLASS_TR":null,"FCLASS_ID":null,"FCLASS_PL":null,"FCLASS_GR":null,"FCLASS_IT":null,"FCLASS_NL":null,"FCLASS_SE":null,"FCLASS_BD":null,"FCLASS_UA":null,"FCLASS_TLC":null},"bbox":[108.318099,22.821934,108.318099,22.821934],"geometry":{"type":"Point","coordinates":[108.318099,22.821934]}},{"type":"Feature","properties":{"SCALERANK":2,"NATSCALE":200,"LABELRANK":1,"FEATURECLA":"Admin-1 capital","NAME":"Guiyang","NAMEPAR":null,"NAMEALT":null,"NAMEASCII":"Guiyang","ADM0CAP":0,"CAPIN":null,"WORLDCITY":0,"MEGACITY":1,"SOV0NAME":"China","SOV_A3":"CHN","ADM0NAME":"China","ADM0_A3":"CHN","ADM1NAME":"Guizhou","ISO_A2":"CN","NOTE":null,"LATITUDE":26.581989,"LONGITUDE":106.718093,"POP_MAX":3662000,"POP_MIN":1171633,"POP_OTHER":1940314,"RANK_MAX":12,"RANK_MIN":12,"MEGANAME":"Guiyang","LS_NAME":"Guiyang","MAX_POP10":1958719,"MAX_POP20":1958719,"MAX_POP50":1958719,"MAX_POP300":1958719,"MAX_POP310":0,"MAX_NATSCA":100,"MIN_AREAKM":340,"MAX_AREAKM":340,"MIN_AREAMI":131,"MAX_AREAMI":131,"MIN_PERKM":306,"MAX_PERKM":306,"MIN_PERMI":190,"MAX_PERMI":190,"MIN_BBXMIN":106.583333,"MAX_BBXMIN":106.583333,"MIN_BBXMAX":106.908333,"MAX_BBXMAX":106.908333,"MIN_BBYMIN":26.433333,"MAX_BBYMIN":26.433333,"MIN_BBYMAX":26.741667,"MAX_BBYMAX":26.741667,"MEAN_BBXC":106.715566,"MEAN_BBYC":26.590322,"TIMEZONE":"Asia/Chongqing","UN_FID":46,"POP1950":675,"POP1955":750,"POP1960":833,"POP1965":924,"POP1970":1026,"POP1975":1140,"POP1980":1265,"POP1985":1440,"POP1990":1665,"POP1995":2208,"POP2000":2929,"POP2005":3447,"POP2010":3662,"POP2015":3980,"POP2020":4443,"POP2025":4818,"POP2050":5114,"MIN_ZOOM":4.7,"WIKIDATAID":"Q192271","WOF_ID":102027585,"CAPALT":0,"NAME_EN":"Guiyang","NAME_DE":"Guiyang","NAME_ES":"Guiyang","NAME_FR":"Guiyang","NAME_PT":"Guiyang","NAME_RU":"Гуйян","NAME_ZH":"贵阳","LABEL":null,"NAME_AR":"غوييانغ","NAME_BN":"কুয়েই-ইয়াং","NAME_EL":"Κουεϊγιάνγκ","NAME_HI":"गुइयांग","NAME_HU":"Kujjang","NAME_ID":"Guiyang","NAME_IT":"Guiyang","NAME_JA":"貴陽市","NAME_KO":"구이양시","NAME_NL":"Guiyang","NAME_PL":"Guiyang","NAME_SV":"Guiyang","NAME_TR":"Guiyang","NAME_VI":"Quý Dương","NE_ID":1159151325,"NAME_FA":"گوئیانگ","NAME_HE":"גווייאנג","NAME_UK":"Гуйян","NAME_UR":"گوئیانگ","NAME_ZHT":"貴陽市","GEONAMESID":1809461,"FCLASS_ISO":null,"FCLASS_US":null,"FCLASS_FR":null,"FCLASS_RU":null,"FCLASS_ES":null,"FCLASS_CN":null,"FCLASS_TW":null,"FCLASS_IN":null,"FCLASS_NP":null,"FCLASS_PK":null,"FCLASS_DE":null,"FCLASS_GB":null,"FCLASS_BR":null,"FCLASS_IL":null,"FCLASS_PS":null,"FCLASS_SA":null,"FCLASS_EG":null,"FCLASS_MA":null,"FCLASS_PT":null,"FCLASS_AR":null,"FCLASS_JP":null,"FCLASS_KO":null,"FCLASS_VN":null,"FCLASS_TR":null,"FCLASS_ID":null,"FCLASS_PL":null,"FCLASS_GR":null,"FCLASS_IT":null,"FCLASS_NL":null,"FCLASS_SE":null,"FCLASS_BD":null,"FCLASS_UA":null,"FCLASS_TLC":null},"bbox":[106.718093,26.581989,106.718093,26.581989],"geometry":{"type":"Point","coordinates":[106.718093,26.581989]}},{"type":"Feature","properties":{"SCALERANK":2,"NATSCALE":200,"LABELRANK":1,"FEATURECLA":"Admin-1 capital","NAME":"Chongqing","NAMEPAR":null,"NAMEALT":null,"NAMEASCII":"Chongqing","ADM0CAP":0,"CAPIN":null,"WORLDCITY":0,"MEGACITY":1,"SOV0NAME":"China","SOV_A3":"CHN","ADM0NAME":"China","ADM0_A3":"CHN","ADM1NAME":"Chongqing","ISO_A2":"CN","NOTE":null,"LATITUDE":29.566923,"LONGITUDE":106.593036,"POP_MAX":6461000,"POP_MIN":3967028,"POP_OTHER":8456741,"RANK_MAX":13,"RANK_MIN":12,"MEGANAME":"Chongqing","LS_NAME":"Chongqing","MAX_POP10":7901606,"MAX_POP20":7901606,"MAX_POP50":27113229,"MAX_POP300":67629493,"MAX_POP310":0,"MAX_NATSCA":100,"MIN_AREAKM":3968,"MAX_AREAKM":69133,"MIN_AREAMI":1532,"MAX_AREAMI":26692,"MIN_PERKM":3234,"MAX_PERKM":45378,"MIN_PERMI":2009,"MAX_PERMI":28197,"MIN_BBXMIN":102.933333,"MAX_BBXMIN":105.906204,"MIN_BBXMAX":107.316667,"MAX_BBXMAX":107.366667,"MIN_BBYMIN":28.033333,"MAX_BBYMIN":28.95,"MIN_BBYMAX":30.51535,"MAX_BBYMAX":32.3,"MEAN_BBXC":106.024208,"MEAN_BBYC":29.82411,"TIMEZONE":"Asia/Chongqing","UN_FID":33,"POP1950":1680,"POP1955":1837,"POP1960":2010,"POP1965":2184,"POP1970":2308,"POP1975":2439,"POP1980":2577,"POP1985":2808,"POP1990":3123,"POP1995":4342,"POP2000":6037,"POP2005":6363,"POP2010":6461,"POP2015":6690,"POP2020":7254,"POP2025":7823,"POP2050":8275,"MIN_ZOOM":4,"WIKIDATAID":"Q11725","WOF_ID":102027689,"CAPALT":0,"NAME_EN":"Chongqing","NAME_DE":"Chongqing","NAME_ES":"Chongqing","NAME_FR":"Chongqing","NAME_PT":"Chongqing","NAME_RU":"Чунцин","NAME_ZH":"重庆","LABEL":null,"NAME_AR":"تشونغتشينغ","NAME_BN":"ছুংছিং","NAME_EL":"Τσονγκίνγκ","NAME_HI":"चोंग्किंग","NAME_HU":"Csungking","NAME_ID":"Chongqing","NAME_IT":"Chongqing","NAME_JA":"重慶市","NAME_KO":"충칭시","NAME_NL":"Chongqing","NAME_PL":"Chongqing","NAME_SV":"Chongqing","NAME_TR":"Çongçing","NAME_VI":"Trùng Khánh","NE_ID":1159151327,"NAME_FA":"چونگکینگ","NAME_HE":"צ'ונגצ'ינג","NAME_UK":"Чунцін","NAME_UR":"چونگ کینگ","NAME_ZHT":"重慶市","GEONAMESID":1814906,"FCLASS_ISO":null,"FCLASS_US":null,"FCLASS_FR":null,"FCLASS_RU":null,"FCLASS_ES":null,"FCLASS_CN":null,"FCLASS_TW":null,"FCLASS_IN":null,"FCLASS_NP":null,"FCLASS_PK":null,"FCLASS_DE":null,"FCLASS_GB":null,"FCLASS_BR":null,"FCLASS_IL":null,"FCLASS_PS":null,"FCLASS_SA":null,"FCLASS_EG":null,"FCLASS_MA":null,"FCLASS_PT":null,"FCLASS_AR":null,"FCLASS_JP":null,"FCLASS_KO":null,"FCLASS_VN":null,"FCLASS_TR":null,"FCLASS_ID":null,"FCLASS_PL":null,"FCLASS_GR":null,"FCLASS_IT":null,"FCLASS_NL":null,"FCLASS_SE":null,"FCLASS_BD":null,"FCLASS_UA":null,"FCLASS_TLC":null},"bbox":[106.593036,29.566923,106.593036,29.566923],"geometry":{"type":"Point","coordinates":[106.593036,29.566923]}},{"type":"Feature","properties":{"SCALERANK":2,"NATSCALE":200,"LABELRANK":1,"FEATURECLA":"Admin-1 capital","NAME":"Fuzhou","NAMEPAR":null,"NAMEALT":"Fuzhou, Fujian","NAMEASCII":"Fuzhou","ADM0CAP":0,"CAPIN":null,"WORLDCITY":0,"MEGACITY":1,"SOV0NAME":"China","SOV_A3":"CHN","ADM0NAME":"China","ADM0_A3":"CHN","ADM1NAME":"Fujian","ISO_A2":"CN","NOTE":null,"LATITUDE":26.081942,"LONGITUDE":119.2981,"POP_MAX":2606000,"POP_MIN":1179720,"POP_OTHER":2096919,"RANK_MAX":12,"RANK_MIN":12,"MEGANAME":"Fuzhou, Fujian","LS_NAME":"Fuzhou","MAX_POP10":2099965,"MAX_POP20":2099965,"MAX_POP50":2099965,"MAX_POP300":2099965,"MAX_POP310":0,"MAX_NATSCA":100,"MIN_AREAKM":241,"MAX_AREAKM":241,"MIN_AREAMI":93,"MAX_AREAMI":93,"MIN_PERKM":205,"MAX_PERKM":205,"MIN_PERMI":128,"MAX_PERMI":128,"MIN_BBXMIN":119.1,"MAX_BBXMIN":119.1,"MIN_BBXMAX":119.416667,"MAX_BBXMAX":119.416667,"MIN_BBYMIN":25.966667,"MAX_BBYMIN":25.966667,"MIN_BBYMAX":26.166667,"MAX_BBYMAX":26.166667,"MEAN_BBXC":119.295274,"MEAN_BBYC":26.075386,"TIMEZONE":"Asia/Shanghai","UN_FID":43,"POP1950":492,"POP1955":598,"POP1960":728,"POP1965":866,"POP1970":936,"POP1975":1012,"POP1980":1095,"POP1985":1223,"POP1990":1396,"POP1995":1710,"POP2000":2096,"POP2005":2453,"POP2010":2606,"POP2015":2834,"POP2020":3170,"POP2025":3445,"POP2050":3666,"MIN_ZOOM":4.7,"WIKIDATAID":"Q68481","WOF_ID":102027611,"CAPALT":0,"NAME_EN":"Fuzhou","NAME_DE":"Fuzhou","NAME_ES":"Fuzhou","NAME_FR":"Fuzhou","NAME_PT":"Fucheu","NAME_RU":"Фучжоу","NAME_ZH":"福州","LABEL":null,"NAME_AR":"فوزهو","NAME_BN":"ফুচৌ","NAME_EL":"Φουτσόου","NAME_HI":"फ़ूझोउ","NAME_HU":"Fucsou","NAME_ID":"Fuzhou","NAME_IT":"Fuzhou","NAME_JA":"福州市","NAME_KO":"푸저우시","NAME_NL":"Fuzhou","NAME_PL":"Fuzhou","NAME_SV":"Fuzhou","NAME_TR":"Fuzhou","NAME_VI":"Phúc Châu","NE_ID":1159151329,"NAME_FA":"فوژو","NAME_HE":"פוג'ואו","NAME_UK":"Фучжоу","NAME_UR":"فوژو","NAME_ZHT":"福州市","GEONAMESID":1810821,"FCLASS_ISO":null,"FCLASS_US":null,"FCLASS_FR":null,"FCLASS_RU":null,"FCLASS_ES":null,"FCLASS_CN":null,"FCLASS_TW":null,"FCLASS_IN":null,"FCLASS_NP":null,"FCLASS_PK":null,"FCLASS_DE":null,"FCLASS_GB":null,"FCLASS_BR":null,"FCLASS_IL":null,"FCLASS_PS":null,"FCLASS_SA":null,"FCLASS_EG":null,"FCLASS_MA":null,"FCLASS_PT":null,"FCLASS_AR":null,"FCLASS_JP":null,"FCLASS_KO":null,"FCLASS_VN":null,"FCLASS_TR":null,"FCLASS_ID":null,"FCLASS_PL":null,"FCLASS_GR":null,"FCLASS_IT":null,"FCLASS_NL":null,"FCLASS_SE":null,"FCLASS_BD":null,"FCLASS_UA":null,"FCLASS_TLC":null},"bbox":[119.2981,26.081942,119.2981,26.081942],"geometry":{"type":"Point","coordinates":[119.2981,26.081942]}},{"type":"Feature","properties":{"SCALERANK":2,"NATSCALE":200,"LABELRANK":1,"FEATURECLA":"Admin-1 capital","NAME":"Guangzhou","NAMEPAR":null,"NAMEALT":"Dongguan, Guangdong","NAMEASCII":"Guangzhou","ADM0CAP":0,"CAPIN":null,"WORLDCITY":0,"MEGACITY":1,"SOV0NAME":"China","SOV_A3":"CHN","ADM0NAME":"China","ADM0_A3":"CHN","ADM1NAME":"Guangdong","ISO_A2":"CN","NOTE":null,"LATITUDE":23.146927,"LONGITUDE":113.323064,"POP_MAX":8829000,"POP_MIN":3152825,"POP_OTHER":11946371,"RANK_MAX":13,"RANK_MIN":12,"MEGANAME":"Guangzhou, Guangdong","LS_NAME":"Guangzhou","MAX_POP10":12162357,"MAX_POP20":18065232,"MAX_POP50":24546423,"MAX_POP300":24559329,"MAX_POP310":0,"MAX_NATSCA":100,"MIN_AREAKM":2703,"MAX_AREAKM":7693,"MIN_AREAMI":1044,"MAX_AREAMI":2970,"MIN_PERKM":1636,"MAX_PERKM":5316,"MIN_PERMI":1017,"MAX_PERMI":3303,"MIN_BBXMIN":112.533333,"MAX_BBXMIN":113.067492,"MIN_BBXMAX":113.868785,"MAX_BBXMAX":114.113141,"MIN_BBYMIN":21.925,"MAX_BBYMIN":22.75786,"MIN_BBYMAX":23.658333,"MAX_BBYMAX":24.033333,"MEAN_BBXC":113.385639,"MEAN_BBYC":23.03619,"TIMEZONE":"Asia/Chongqing","UN_FID":44,"POP1950":1491,"POP1955":1675,"POP1960":1883,"POP1965":2116,"POP1970":2379,"POP1975":2673,"POP1980":3005,"POP1985":3417,"POP1990":3918,"POP1995":5380,"POP2000":7388,"POP2005":8425,"POP2010":8829,"POP2015":9447,"POP2020":10414,"POP2025":11218,"POP2050":11835,"MIN_ZOOM":4,"WIKIDATAID":"Q16572","WOF_ID":102027597,"CAPALT":0,"NAME_EN":"Guangzhou","NAME_DE":"Guangzhou","NAME_ES":"Cantón","NAME_FR":"Canton","NAME_PT":"Cantão","NAME_RU":"Гуанчжоу","NAME_ZH":"广州","LABEL":null,"NAME_AR":"غوانزو","NAME_BN":"কুয়াংচৌ","NAME_EL":"Κουανγκτσόου","NAME_HI":"ग्वांगझोउ","NAME_HU":"Kanton","NAME_ID":"Guangzhou","NAME_IT":"Canton","NAME_JA":"広州市","NAME_KO":"광저우시","NAME_NL":"Guangzhou","NAME_PL":"Kanton","NAME_SV":"Guangzhou","NAME_TR":"Guangzhou","NAME_VI":"Quảng Châu","NE_ID":1159151331,"NAME_FA":"گوانگژو","NAME_HE":"גואנגג'ואו","NAME_UK":"Гуанчжоу","NAME_UR":"گوانگژو","NAME_ZHT":"廣州市","GEONAMESID":1809858,"FCLASS_ISO":null,"FCLASS_US":null,"FCLASS_FR":null,"FCLASS_RU":null,"FCLASS_ES":null,"FCLASS_CN":null,"FCLASS_TW":null,"FCLASS_IN":null,"FCLASS_NP":null,"FCLASS_PK":null,"FCLASS_DE":null,"FCLASS_GB":null,"FCLASS_BR":null,"FCLASS_IL":null,"FCLASS_PS":null,"FCLASS_SA":null,"FCLASS_EG":null,"FCLASS_MA":null,"FCLASS_PT":null,"FCLASS_AR":null,"FCLASS_JP":null,"FCLASS_KO":null,"FCLASS_VN":null,"FCLASS_TR":null,"FCLASS_ID":null,"FCLASS_PL":null,"FCLASS_GR":null,"FCLASS_IT":null,"FCLASS_NL":null,"FCLASS_SE":null,"FCLASS_BD":null,"FCLASS_UA":null,"FCLASS_TLC":null},"bbox":[113.261785,23.124723,113.261785,23.124723],"geometry":{"type":"Point","coordinates":[113.261785,23.124723]}},{"type":"Feature","properties":{"SCALERANK":2,"NATSCALE":200,"LABELRANK":1,"FEATURECLA":"Populated place","NAME":"Dongguan","NAMEPAR":null,"NAMEALT":null,"NAMEASCII":"Dongguan","ADM0CAP":0,"CAPIN":null,"WORLDCITY":0,"MEGACITY":1,"SOV0NAME":"China","SOV_A3":"CHN","ADM0NAME":"China","ADM0_A3":"CHN","ADM1NAME":"Guangdong","ISO_A2":"CN","NOTE":null,"LATITUDE":23.050835,"LONGITUDE":113.742776,"POP_MAX":4528000,"POP_MIN":4528000,"POP_OTHER":0,"RANK_MAX":12,"RANK_MIN":12,"MEGANAME":"Dongguan, Guangdong","LS_NAME":null,"MAX_POP10":0,"MAX_POP20":0,"MAX_POP50":0,"MAX_POP300":0,"MAX_POP310":0,"MAX_NATSCA":0,"MIN_AREAKM":0,"MAX_AREAKM":0,"MIN_AREAMI":0,"MAX_AREAMI":0,"MIN_PERKM":0,"MAX_PERKM":0,"MIN_PERMI":0,"MAX_PERMI":0,"MIN_BBXMIN":0,"MAX_BBXMIN":0,"MIN_BBXMAX":0,"MAX_BBXMAX":0,"MIN_BBYMIN":0,"MAX_BBYMIN":0,"MIN_BBYMAX":0,"MAX_BBYMAX":0,"MEAN_BBXC":0,"MEAN_BBYC":0,"TIMEZONE":"Asia/Chongqing","UN_FID":38,"POP1950":379,"POP1955":451,"POP1960":537,"POP1965":638,"POP1970":760,"POP1975":904,"POP1980":1075,"POP1985":1344,"POP1990":1737,"POP1995":2559,"POP2000":3770,"POP2005":4320,"POP2010":4528,"POP2015":4850,"POP2020":5366,"POP2025":5808,"POP2050":6157,"MIN_ZOOM":5.6,"WIKIDATAID":"Q59218","WOF_ID":102027633,"CAPALT":0,"NAME_EN":"Dongguan","NAME_DE":"Dongguan","NAME_ES":"Dongguan","NAME_FR":"Dongguan","NAME_PT":"Dongguan","NAME_RU":"Дунгуань","NAME_ZH":"东莞","LABEL":null,"NAME_AR":"دونغ غوان","NAME_BN":"তুংকুয়ান","NAME_EL":"Ντογκουάν","NAME_HI":"डोंग्गूआन","NAME_HU":"Tungkuan","NAME_ID":"Dongguan","NAME_IT":"Dongguan","NAME_JA":"東莞市","NAME_KO":"둥관시","NAME_NL":"Dongguan","NAME_PL":"Dongguan","NAME_SV":"Dongguan","NAME_TR":"Dongguan","NAME_VI":"Đông Hoản","NE_ID":1159151333,"NAME_FA":"دونگوان","NAME_HE":"דונגגוואן","NAME_UK":"Дунгуань","NAME_UR":"ڈونگگوان","NAME_ZHT":"東莞市","GEONAMESID":1812545,"FCLASS_ISO":null,"FCLASS_US":null,"FCLASS_FR":null,"FCLASS_RU":null,"FCLASS_ES":null,"FCLASS_CN":null,"FCLASS_TW":null,"FCLASS_IN":null,"FCLASS_NP":null,"FCLASS_PK":null,"FCLASS_DE":null,"FCLASS_GB":null,"FCLASS_BR":null,"FCLASS_IL":null,"FCLASS_PS":null,"FCLASS_SA":null,"FCLASS_EG":null,"FCLASS_MA":null,"FCLASS_PT":null,"FCLASS_AR":null,"FCLASS_JP":null,"FCLASS_KO":null,"FCLASS_VN":null,"FCLASS_TR":null,"FCLASS_ID":null,"FCLASS_PL":null,"FCLASS_GR":null,"FCLASS_IT":null,"FCLASS_NL":null,"FCLASS_SE":null,"FCLASS_BD":null,"FCLASS_UA":null,"FCLASS_TLC":null},"bbox":[113.750474,23.021537,113.750474,23.021537],"geometry":{"type":"Point","coordinates":[113.750474,23.021537]}},{"type":"Feature","properties":{"SCALERANK":2,"NATSCALE":200,"LABELRANK":1,"FEATURECLA":"Admin-1 capital","NAME":"Xian","NAMEPAR":null,"NAMEALT":"Xi'an, Shaanxi","NAMEASCII":"Xian","ADM0CAP":0,"CAPIN":null,"WORLDCITY":0,"MEGACITY":1,"SOV0NAME":"China","SOV_A3":"CHN","ADM0NAME":"China","ADM0_A3":"CHN","ADM1NAME":"Shaanxi","ISO_A2":"CN","NOTE":null,"LATITUDE":34.276971,"LONGITUDE":108.89305,"POP_MAX":4009000,"POP_MIN":3225812,"POP_OTHER":9574692,"RANK_MAX":12,"RANK_MIN":12,"MEGANAME":"Xi'an, Shaanxi","LS_NAME":"Xian","MAX_POP10":9748629,"MAX_POP20":9748629,"MAX_POP50":15365535,"MAX_POP300":16668996,"MAX_POP310":0,"MAX_NATSCA":100,"MIN_AREAKM":6081,"MAX_AREAKM":12735,"MIN_AREAMI":2348,"MAX_AREAMI":4917,"MIN_PERKM":2729,"MAX_PERKM":7625,"MIN_PERMI":1696,"MAX_PERMI":4738,"MIN_BBXMIN":107.041667,"MAX_BBXMIN":108.011299,"MIN_BBXMAX":109.304448,"MAX_BBXMAX":110.416667,"MIN_BBYMIN":33.991667,"MAX_BBYMIN":33.991667,"MIN_BBYMAX":34.775,"MAX_BBYMAX":35.125,"MEAN_BBXC":108.730088,"MEAN_BBYC":34.394798,"TIMEZONE":"Asia/Chongqing","UN_FID":125,"POP1950":708,"POP1955":845,"POP1960":1009,"POP1965":1204,"POP1970":1437,"POP1975":1715,"POP1980":2047,"POP1985":2429,"POP1990":2873,"POP1995":3271,"POP2000":3725,"POP2005":3926,"POP2010":4009,"POP2015":4178,"POP2020":4556,"POP2025":4931,"POP2050":5233,"MIN_ZOOM":3.7,"WIKIDATAID":"Q5826","WOF_ID":102027041,"CAPALT":0,"NAME_EN":"Xi'an","NAME_DE":"Xi’an","NAME_ES":"Xi'an","NAME_FR":"Xi'an","NAME_PT":"Xian","NAME_RU":"Сиань","NAME_ZH":"西安","LABEL":null,"NAME_AR":"شيان","NAME_BN":"শিআন","NAME_EL":"Σιάν","NAME_HI":"शिआन","NAME_HU":"Hszian","NAME_ID":"Xi'an","NAME_IT":"Xi'an","NAME_JA":"西安市","NAME_KO":"시안시","NAME_NL":"Xi'an","NAME_PL":"Xi'an","NAME_SV":"Xi'an","NAME_TR":"Xi'an","NAME_VI":"Tây An","NE_ID":1159151363,"NAME_FA":"شیآن","NAME_HE":"שיאן","NAME_UK":"Сіань","NAME_UR":"شیان","NAME_ZHT":"西安市","GEONAMESID":1790630,"FCLASS_ISO":null,"FCLASS_US":null,"FCLASS_FR":null,"FCLASS_RU":null,"FCLASS_ES":null,"FCLASS_CN":null,"FCLASS_TW":null,"FCLASS_IN":null,"FCLASS_NP":null,"FCLASS_PK":null,"FCLASS_DE":null,"FCLASS_GB":null,"FCLASS_BR":null,"FCLASS_IL":null,"FCLASS_PS":null,"FCLASS_SA":null,"FCLASS_EG":null,"FCLASS_MA":null,"FCLASS_PT":null,"FCLASS_AR":null,"FCLASS_JP":null,"FCLASS_KO":null,"FCLASS_VN":null,"FCLASS_TR":null,"FCLASS_ID":null,"FCLASS_PL":null,"FCLASS_GR":null,"FCLASS_IT":null,"FCLASS_NL":null,"FCLASS_SE":null,"FCLASS_BD":null,"FCLASS_UA":null,"FCLASS_TLC":null},"bbox":[108.89305,34.276971,108.89305,34.276971],"geometry":{"type":"Point","coordinates":[108.89305,34.276971]}},{"type":"Feature","properties":{"SCALERANK":2,"NATSCALE":200,"LABELRANK":1,"FEATURECLA":"Admin-1 capital","NAME":"Taiyuan","NAMEPAR":null,"NAMEALT":"Taiyuan, Shanxi","NAMEASCII":"Taiyuan","ADM0CAP":0,"CAPIN":null,"WORLDCITY":0,"MEGACITY":1,"SOV0NAME":"China","SOV_A3":"CHN","ADM0NAME":"China","ADM0_A3":"CHN","ADM1NAME":"Shanxi","ISO_A2":"CN","NOTE":null,"LATITUDE":37.876958,"LONGITUDE":112.543112,"POP_MAX":2913000,"POP_MIN":2722475,"POP_OTHER":2606172,"RANK_MAX":12,"RANK_MIN":12,"MEGANAME":"Taiyuan, Shanxi","LS_NAME":"Taiyuan","MAX_POP10":2750317,"MAX_POP20":2750317,"MAX_POP50":5526935,"MAX_POP300":5526935,"MAX_POP310":0,"MAX_NATSCA":100,"MIN_AREAKM":649,"MAX_AREAKM":2664,"MIN_AREAMI":251,"MAX_AREAMI":1029,"MIN_PERKM":574,"MAX_PERKM":2455,"MIN_PERMI":357,"MAX_PERMI":1525,"MIN_BBXMIN":111.633333,"MAX_BBXMIN":112.116667,"MIN_BBXMAX":112.652443,"MAX_BBXMAX":112.85,"MIN_BBYMIN":36.991667,"MAX_BBYMIN":37.462048,"MIN_BBYMAX":38.041667,"MAX_BBYMAX":38.041667,"MEAN_BBXC":112.349163,"MEAN_BBYC":37.60581,"TIMEZONE":"Asia/Chongqing","UN_FID":112,"POP1950":629,"POP1955":790,"POP1960":991,"POP1965":1216,"POP1970":1359,"POP1975":1519,"POP1980":1698,"POP1985":1932,"POP1990":2225,"POP1995":2274,"POP2000":2521,"POP2005":2794,"POP2010":2913,"POP2015":3104,"POP2020":3432,"POP2025":3725,"POP2050":3962,"MIN_ZOOM":4,"WIKIDATAID":"Q72778","WOF_ID":102027117,"CAPALT":0,"NAME_EN":"Taiyuan","NAME_DE":"Taiyuan","NAME_ES":"Taiyuan","NAME_FR":"Taiyuan","NAME_PT":"Taiyuan","NAME_RU":"Тайюань","NAME_ZH":"太原","LABEL":null,"NAME_AR":"تاي يوان","NAME_BN":"থাইউয়েন","NAME_EL":"Ταϊγιουάν","NAME_HI":"ताइयुआन","NAME_HU":"Tajjüan","NAME_ID":"Taiyuan","NAME_IT":"Taiyuan","NAME_JA":"太原市","NAME_KO":"타이위안시","NAME_NL":"Taiyuan","NAME_PL":"Taiyuan","NAME_SV":"Taiyuan","NAME_TR":"Taiyuan","NAME_VI":"Thái Nguyên","NE_ID":1159151365,"NAME_FA":"تائییوان","NAME_HE":"טאי-יואן","NAME_UK":"Тайюань","NAME_UR":"تاییوان","NAME_ZHT":"太原市","GEONAMESID":1793511,"FCLASS_ISO":null,"FCLASS_US":null,"FCLASS_FR":null,"FCLASS_RU":null,"FCLASS_ES":null,"FCLASS_CN":null,"FCLASS_TW":null,"FCLASS_IN":null,"FCLASS_NP":null,"FCLASS_PK":null,"FCLASS_DE":null,"FCLASS_GB":null,"FCLASS_BR":null,"FCLASS_IL":null,"FCLASS_PS":null,"FCLASS_SA":null,"FCLASS_EG":null,"FCLASS_MA":null,"FCLASS_PT":null,"FCLASS_AR":null,"FCLASS_JP":null,"FCLASS_KO":null,"FCLASS_VN":null,"FCLASS_TR":null,"FCLASS_ID":null,"FCLASS_PL":null,"FCLASS_GR":null,"FCLASS_IT":null,"FCLASS_NL":null,"FCLASS_SE":null,"FCLASS_BD":null,"FCLASS_UA":null,"FCLASS_TLC":null},"bbox":[112.543112,37.876958,112.543112,37.876958],"geometry":{"type":"Point","coordinates":[112.543112,37.876958]}},{"type":"Feature","properties":{"SCALERANK":2,"NATSCALE":200,"LABELRANK":1,"FEATURECLA":"Admin-1 capital","NAME":"Wuhan","NAMEPAR":null,"NAMEALT":null,"NAMEASCII":"Wuhan","ADM0CAP":0,"CAPIN":null,"WORLDCITY":0,"MEGACITY":1,"SOV0NAME":"China","SOV_A3":"CHN","ADM0NAME":"China","ADM0_A3":"CHN","ADM1NAME":"Hubei","ISO_A2":"CN","NOTE":null,"LATITUDE":30.581977,"LONGITUDE":114.268071,"POP_MAX":7243000,"POP_MIN":4184206,"POP_OTHER":7232338,"RANK_MAX":13,"RANK_MIN":12,"MEGANAME":"Wuhan","LS_NAME":"Wuhan","MAX_POP10":7321049,"MAX_POP20":7321049,"MAX_POP50":16377812,"MAX_POP300":24252776,"MAX_POP310":0,"MAX_NATSCA":100,"MIN_AREAKM":2437,"MAX_AREAKM":17498,"MIN_AREAMI":941,"MAX_AREAMI":6756,"MIN_PERKM":2571,"MAX_PERKM":17019,"MIN_PERMI":1598,"MAX_PERMI":10575,"MIN_BBXMIN":111.65,"MAX_BBXMIN":113.858333,"MIN_BBXMAX":114.8,"MAX_BBXMAX":115.858333,"MIN_BBYMIN":29.758333,"MAX_BBYMIN":30,"MIN_BBYMAX":31.058333,"MAX_BBYMAX":31.833333,"MEAN_BBXC":114.19188,"MEAN_BBYC":30.617582,"TIMEZONE":"Asia/Shanghai","UN_FID":121,"POP1950":1311,"POP1955":1511,"POP1960":1741,"POP1965":2007,"POP1970":2313,"POP1975":2666,"POP1980":3072,"POP1985":3458,"POP1990":3833,"POP1995":5053,"POP2000":6662,"POP2005":7093,"POP2010":7243,"POP2015":7542,"POP2020":8199,"POP2025":8837,"POP2050":9339,"MIN_ZOOM":4,"WIKIDATAID":"Q11746","WOF_ID":102027061,"CAPALT":0,"NAME_EN":"Wuhan","NAME_DE":"Wuhan","NAME_ES":"Wuhan","NAME_FR":"Wuhan","NAME_PT":"Wuhan","NAME_RU":"Ухань","NAME_ZH":"武汉","LABEL":null,"NAME_AR":"ووهان","NAME_BN":"উহান","NAME_EL":"Ουχάν","NAME_HI":"वूहान","NAME_HU":"Vuhan","NAME_ID":"Wuhan","NAME_IT":"Wuhan","NAME_JA":"武漢市","NAME_KO":"우한시","NAME_NL":"Wuhan","NAME_PL":"Wuhan","NAME_SV":"Wuhan","NAME_TR":"Vuhan","NAME_VI":"Vũ Hán","NE_ID":1159151367,"NAME_FA":"ووهان","NAME_HE":"ווהאן","NAME_UK":"Ухань","NAME_UR":"ووہان","NAME_ZHT":"武漢市","GEONAMESID":1791247,"FCLASS_ISO":null,"FCLASS_US":null,"FCLASS_FR":null,"FCLASS_RU":null,"FCLASS_ES":null,"FCLASS_CN":null,"FCLASS_TW":null,"FCLASS_IN":null,"FCLASS_NP":null,"FCLASS_PK":null,"FCLASS_DE":null,"FCLASS_GB":null,"FCLASS_BR":null,"FCLASS_IL":null,"FCLASS_PS":null,"FCLASS_SA":null,"FCLASS_EG":null,"FCLASS_MA":null,"FCLASS_PT":null,"FCLASS_AR":null,"FCLASS_JP":null,"FCLASS_KO":null,"FCLASS_VN":null,"FCLASS_TR":null,"FCLASS_ID":null,"FCLASS_PL":null,"FCLASS_GR":null,"FCLASS_IT":null,"FCLASS_NL":null,"FCLASS_SE":null,"FCLASS_BD":null,"FCLASS_UA":null,"FCLASS_TLC":null},"bbox":[114.268071,30.581977,114.268071,30.581977],"geometry":{"type":"Point","coordinates":[114.268071,30.581977]}},{"type":"Feature","properties":{"SCALERANK":2,"NATSCALE":200,"LABELRANK":1,"FEATURECLA":"Admin-1 capital","NAME":"Changsha","NAMEPAR":null,"NAMEALT":"Changsha, Hunan","NAMEASCII":"Changsha","ADM0CAP":0,"CAPIN":null,"WORLDCITY":0,"MEGACITY":1,"SOV0NAME":"China","SOV_A3":"CHN","ADM0NAME":"China","ADM0_A3":"CHN","ADM1NAME":"Hunan","ISO_A2":"CN","NOTE":null,"LATITUDE":28.201916,"LONGITUDE":112.968047,"POP_MAX":2604000,"POP_MIN":2073938,"POP_OTHER":3360782,"RANK_MAX":12,"RANK_MIN":12,"MEGANAME":"Changsha, Hunan","LS_NAME":"Changsha","MAX_POP10":3400041,"MAX_POP20":3400041,"MAX_POP50":5579857,"MAX_POP300":5581953,"MAX_POP310":0,"MAX_NATSCA":100,"MIN_AREAKM":907,"MAX_AREAKM":2627,"MIN_AREAMI":350,"MAX_AREAMI":1014,"MIN_PERKM":936,"MAX_PERKM":2824,"MIN_PERMI":581,"MAX_PERMI":1754,"MIN_BBXMIN":112.016667,"MAX_BBXMIN":112.540597,"MIN_BBXMAX":113.2,"MAX_BBXMAX":113.2,"MIN_BBYMIN":28.033333,"MAX_BBYMIN":28.033333,"MIN_BBYMAX":28.5,"MAX_BBYMAX":28.875,"MEAN_BBXC":112.713951,"MEAN_BBYC":28.332887,"TIMEZONE":"Asia/Chongqing","UN_FID":29,"POP1950":623,"POP1955":670,"POP1960":721,"POP1965":779,"POP1970":857,"POP1975":942,"POP1980":1036,"POP1985":1165,"POP1990":1329,"POP1995":1667,"POP2000":2091,"POP2005":2451,"POP2010":2604,"POP2015":2832,"POP2020":3167,"POP2025":3443,"POP2050":3663,"MIN_ZOOM":4.7,"WIKIDATAID":"Q174091","WOF_ID":102027715,"CAPALT":0,"NAME_EN":"Changsha","NAME_DE":"Changsha","NAME_ES":"Changsha","NAME_FR":"Changsha","NAME_PT":"Changsha","NAME_RU":"Чанша","NAME_ZH":"长沙","LABEL":null,"NAME_AR":"تشانغشا","NAME_BN":"ছাংশা","NAME_EL":"Τσανγκσά","NAME_HI":"चांगशा","NAME_HU":"Csangsa","NAME_ID":"Changsha","NAME_IT":"Changsha","NAME_JA":"長沙市","NAME_KO":"창사시","NAME_NL":"Changsha","NAME_PL":"Changsha","NAME_SV":"Changsha","NAME_TR":"Changsha","NAME_VI":"Trường Sa","NE_ID":1159151369,"NAME_FA":"چانگشا","NAME_HE":"צ'אנגשה","NAME_UK":"Чанша","NAME_UR":"چانگشا","NAME_ZHT":"長沙市","GEONAMESID":1815577,"FCLASS_ISO":null,"FCLASS_US":null,"FCLASS_FR":null,"FCLASS_RU":null,"FCLASS_ES":null,"FCLASS_CN":null,"FCLASS_TW":null,"FCLASS_IN":null,"FCLASS_NP":null,"FCLASS_PK":null,"FCLASS_DE":null,"FCLASS_GB":null,"FCLASS_BR":null,"FCLASS_IL":null,"FCLASS_PS":null,"FCLASS_SA":null,"FCLASS_EG":null,"FCLASS_MA":null,"FCLASS_PT":null,"FCLASS_AR":null,"FCLASS_JP":null,"FCLASS_KO":null,"FCLASS_VN":null,"FCLASS_TR":null,"FCLASS_ID":null,"FCLASS_PL":null,"FCLASS_GR":null,"FCLASS_IT":null,"FCLASS_NL":null,"FCLASS_SE":null,"FCLASS_BD":null,"FCLASS_UA":null,"FCLASS_TLC":null},"bbox":[112.968047,28.201916,112.968047,28.201916],"geometry":{"type":"Point","coordinates":[112.968047,28.201916]}},{"type":"Feature","properties":{"SCALERANK":2,"NATSCALE":200,"LABELRANK":1,"FEATURECLA":"Admin-1 capital","NAME":"Kunming","NAMEPAR":null,"NAMEALT":null,"NAMEASCII":"Kunming","ADM0CAP":0,"CAPIN":null,"WORLDCITY":0,"MEGACITY":1,"SOV0NAME":"China","SOV_A3":"CHN","ADM0NAME":"China","ADM0_A3":"CHN","ADM1NAME":"Yunnan","ISO_A2":"CN","NOTE":null,"LATITUDE":25.071926,"LONGITUDE":102.678029,"POP_MAX":2931000,"POP_MIN":1023674,"POP_OTHER":2989287,"RANK_MAX":12,"RANK_MIN":12,"MEGANAME":"Kunming","LS_NAME":"Kunming","MAX_POP10":2990229,"MAX_POP20":2990229,"MAX_POP50":2990229,"MAX_POP300":2990229,"MAX_POP310":0,"MAX_NATSCA":100,"MIN_AREAKM":410,"MAX_AREAKM":410,"MIN_AREAMI":158,"MAX_AREAMI":158,"MIN_PERKM":334,"MAX_PERKM":334,"MIN_PERMI":208,"MAX_PERMI":208,"MIN_BBXMIN":102.533333,"MAX_BBXMIN":102.533333,"MIN_BBXMAX":102.875,"MAX_BBXMAX":102.875,"MIN_BBYMIN":24.766667,"MAX_BBYMIN":24.766667,"MIN_BBYMAX":25.166667,"MAX_BBYMAX":25.166667,"MEAN_BBXC":102.734265,"MEAN_BBYC":25.005919,"TIMEZONE":"Asia/Chongqing","UN_FID":69,"POP1950":641,"POP1955":741,"POP1960":856,"POP1965":982,"POP1970":1096,"POP1975":1223,"POP1980":1365,"POP1985":1493,"POP1990":1612,"POP1995":2045,"POP2000":2594,"POP2005":2837,"POP2010":2931,"POP2015":3095,"POP2020":3404,"POP2025":3694,"POP2050":3928,"MIN_ZOOM":4,"WIKIDATAID":"Q182852","WOF_ID":102027417,"CAPALT":0,"NAME_EN":"Kunming","NAME_DE":"Kunming","NAME_ES":"Kunming","NAME_FR":"Kunming","NAME_PT":"Kunming","NAME_RU":"Куньмин","NAME_ZH":"昆明","LABEL":null,"NAME_AR":"كونمينغ","NAME_BN":"খুনমিং","NAME_EL":"Κουνμίνγκ","NAME_HI":"कुनमिंग","NAME_HU":"Kunming","NAME_ID":"Kunming","NAME_IT":"Kunming","NAME_JA":"昆明市","NAME_KO":"쿤밍시","NAME_NL":"Kunming","NAME_PL":"Kunming","NAME_SV":"Kunming","NAME_TR":"Kunming","NAME_VI":"Côn Minh","NE_ID":1159151371,"NAME_FA":"کونمینگ","NAME_HE":"קונמינג","NAME_UK":"Куньмін","NAME_UR":"کونمینگ","NAME_ZHT":"昆明市","GEONAMESID":1804651,"FCLASS_ISO":null,"FCLASS_US":null,"FCLASS_FR":null,"FCLASS_RU":null,"FCLASS_ES":null,"FCLASS_CN":null,"FCLASS_TW":null,"FCLASS_IN":null,"FCLASS_NP":null,"FCLASS_PK":null,"FCLASS_DE":null,"FCLASS_GB":null,"FCLASS_BR":null,"FCLASS_IL":null,"FCLASS_PS":null,"FCLASS_SA":null,"FCLASS_EG":null,"FCLASS_MA":null,"FCLASS_PT":null,"FCLASS_AR":null,"FCLASS_JP":null,"FCLASS_KO":null,"FCLASS_VN":null,"FCLASS_TR":null,"FCLASS_ID":null,"FCLASS_PL":null,"FCLASS_GR":null,"FCLASS_IT":null,"FCLASS_NL":null,"FCLASS_SE":null,"FCLASS_BD":null,"FCLASS_UA":null,"FCLASS_TLC":null},"bbox":[102.69744,25.042859,102.69744,25.042859],"geometry":{"type":"Point","coordinates":[102.69744,25.042859]}},{"type":"Feature","properties":{"SCALERANK":2,"NATSCALE":200,"LABELRANK":1,"FEATURECLA":"Admin-1 capital","NAME":"Zhengzhou","NAMEPAR":null,"NAMEALT":null,"NAMEASCII":"Zhengzhou","ADM0CAP":0,"CAPIN":null,"WORLDCITY":0,"MEGACITY":1,"SOV0NAME":"China","SOV_A3":"CHN","ADM0NAME":"China","ADM0_A3":"CHN","ADM1NAME":"Henan","ISO_A2":"CN","NOTE":null,"LATITUDE":34.756942,"LONGITUDE":113.663147,"POP_MAX":2636000,"POP_MIN":2014125,"POP_OTHER":4605445,"RANK_MAX":12,"RANK_MIN":12,"MEGANAME":"Zhengzhou","LS_NAME":"Zhengzhou","MAX_POP10":4795070,"MAX_POP20":6414455,"MAX_POP50":42119195,"MAX_POP300":87412791,"MAX_POP310":0,"MAX_NATSCA":100,"MIN_AREAKM":2900,"MAX_AREAKM":81815,"MIN_AREAMI":1120,"MAX_AREAMI":31589,"MIN_PERKM":1782,"MAX_PERKM":59940,"MIN_PERMI":1107,"MAX_PERMI":37245,"MIN_BBXMIN":111.441667,"MAX_BBXMIN":113.082795,"MIN_BBXMAX":114.055931,"MAX_BBXMAX":116.433333,"MIN_BBYMIN":32.335356,"MAX_BBYMIN":34.35,"MIN_BBYMAX":34.95,"MAX_BBYMAX":37.007238,"MEAN_BBXC":113.953694,"MEAN_BBYC":34.503922,"TIMEZONE":"Asia/Shanghai","UN_FID":153,"POP1950":521,"POP1955":650,"POP1960":810,"POP1965":987,"POP1970":1100,"POP1975":1227,"POP1980":1368,"POP1985":1542,"POP1990":1752,"POP1995":2081,"POP2000":2472,"POP2005":2590,"POP2010":2636,"POP2015":2738,"POP2020":2987,"POP2025":3243,"POP2050":3452,"MIN_ZOOM":4,"WIKIDATAID":"Q30340","WOF_ID":102026899,"CAPALT":0,"NAME_EN":"Zhengzhou","NAME_DE":"Zhengzhou","NAME_ES":"Zhengzhou","NAME_FR":"Zhengzhou","NAME_PT":"Zhengzhou","NAME_RU":"Чжэнчжоу","NAME_ZH":"郑州","LABEL":null,"NAME_AR":"تشنغتشو","NAME_BN":"চেংচৌ","NAME_EL":"Τσεντσόου","NAME_HI":"झेंगझोऊ","NAME_HU":"Csengcsou","NAME_ID":"Zhengzhou","NAME_IT":"Zhengzhou","NAME_JA":"鄭州市","NAME_KO":"정저우시","NAME_NL":"Zhengzhou","NAME_PL":"Zhengzhou","NAME_SV":"Zhengzhou","NAME_TR":"Çengçou","NAME_VI":"Trịnh Châu","NE_ID":1159151375,"NAME_FA":"ژنگژو","NAME_HE":"ג'נגג'ואו","NAME_UK":"Чженчжоу","NAME_UR":"ژینگ ژو","NAME_ZHT":"鄭州市","GEONAMESID":1784658,"FCLASS_ISO":null,"FCLASS_US":null,"FCLASS_FR":null,"FCLASS_RU":null,"FCLASS_ES":null,"FCLASS_CN":null,"FCLASS_TW":null,"FCLASS_IN":null,"FCLASS_NP":null,"FCLASS_PK":null,"FCLASS_DE":null,"FCLASS_GB":null,"FCLASS_BR":null,"FCLASS_IL":null,"FCLASS_PS":null,"FCLASS_SA":null,"FCLASS_EG":null,"FCLASS_MA":null,"FCLASS_PT":null,"FCLASS_AR":null,"FCLASS_JP":null,"FCLASS_KO":null,"FCLASS_VN":null,"FCLASS_TR":null,"FCLASS_ID":null,"FCLASS_PL":null,"FCLASS_GR":null,"FCLASS_IT":null,"FCLASS_NL":null,"FCLASS_SE":null,"FCLASS_BD":null,"FCLASS_UA":null,"FCLASS_TLC":null},"bbox":[113.663147,34.756942,113.663147,34.756942],"geometry":{"type":"Point","coordinates":[113.663147,34.756942]}},{"type":"Feature","properties":{"SCALERANK":2,"NATSCALE":200,"LABELRANK":1,"FEATURECLA":"Admin-1 capital","NAME":"Shenyeng","NAMEPAR":null,"NAMEALT":"Shenyang","NAMEASCII":"Shenyeng","ADM0CAP":0,"CAPIN":null,"WORLDCITY":0,"MEGACITY":1,"SOV0NAME":"China","SOV_A3":"CHN","ADM0NAME":"China","ADM0_A3":"CHN","ADM1NAME":"Liaoning","ISO_A2":"CN","NOTE":null,"LATITUDE":41.806925,"LONGITUDE":123.448028,"POP_MAX":4787000,"POP_MIN":3512192,"POP_OTHER":4322104,"RANK_MAX":12,"RANK_MIN":12,"MEGANAME":"Shenyang","LS_NAME":"Shenyeng","MAX_POP10":4471933,"MAX_POP20":4496582,"MAX_POP50":4496582,"MAX_POP300":4496582,"MAX_POP310":0,"MAX_NATSCA":100,"MIN_AREAKM":848,"MAX_AREAKM":863,"MIN_AREAMI":327,"MAX_AREAMI":333,"MIN_PERKM":786,"MAX_PERKM":812,"MIN_PERMI":488,"MAX_PERMI":504,"MIN_BBXMIN":123.166667,"MAX_BBXMIN":123.166667,"MIN_BBXMAX":123.6,"MAX_BBXMAX":123.6,"MIN_BBYMIN":41.508333,"MAX_BBYMIN":41.525,"MIN_BBYMAX":41.966667,"MAX_BBYMAX":41.966667,"MEAN_BBXC":123.390654,"MEAN_BBYC":41.765338,"TIMEZONE":"Asia/Harbin","UN_FID":102,"POP1950":2091,"POP1955":2451,"POP1960":2873,"POP1965":3300,"POP1970":3493,"POP1975":3697,"POP1980":3913,"POP1985":4236,"POP1990":4655,"POP1995":4627,"POP2000":4599,"POP2005":4720,"POP2010":4787,"POP2015":4952,"POP2020":5374,"POP2025":5808,"POP2050":6156,"MIN_ZOOM":4,"WIKIDATAID":"Q11720","WOF_ID":102027875,"CAPALT":0,"NAME_EN":"Shenyang","NAME_DE":"Shenyang","NAME_ES":"Shenyang","NAME_FR":"Shenyang","NAME_PT":"Shenyang","NAME_RU":"Шэньян","NAME_ZH":"沈阳","LABEL":null,"NAME_AR":"شنيانغ","NAME_BN":"শেন-ইয়াং","NAME_EL":"Σενγιάνγκ","NAME_HI":"शेनयांग","NAME_HU":"Senjang","NAME_ID":"Shenyang","NAME_IT":"Shenyang","NAME_JA":"瀋陽市","NAME_KO":"선양시","NAME_NL":"Shenyang","NAME_PL":"Shenyang","NAME_SV":"Shenyang","NAME_TR":"Shenyang","NAME_VI":"Thẩm Dương","NE_ID":1159151377,"NAME_FA":"شنیانگ","NAME_HE":"שן-יאנג","NAME_UK":"Шеньян","NAME_UR":"شینیانگ","NAME_ZHT":"瀋陽市","GEONAMESID":2034937,"FCLASS_ISO":null,"FCLASS_US":null,"FCLASS_FR":null,"FCLASS_RU":null,"FCLASS_ES":null,"FCLASS_CN":null,"FCLASS_TW":null,"FCLASS_IN":null,"FCLASS_NP":null,"FCLASS_PK":null,"FCLASS_DE":null,"FCLASS_GB":null,"FCLASS_BR":null,"FCLASS_IL":null,"FCLASS_PS":null,"FCLASS_SA":null,"FCLASS_EG":null,"FCLASS_MA":null,"FCLASS_PT":null,"FCLASS_AR":null,"FCLASS_JP":null,"FCLASS_KO":null,"FCLASS_VN":null,"FCLASS_TR":null,"FCLASS_ID":null,"FCLASS_PL":null,"FCLASS_GR":null,"FCLASS_IT":null,"FCLASS_NL":null,"FCLASS_SE":null,"FCLASS_BD":null,"FCLASS_UA":null,"FCLASS_TLC":null},"bbox":[123.448028,41.806925,123.448028,41.806925],"geometry":{"type":"Point","coordinates":[123.448028,41.806925]}},{"type":"Feature","properties":{"SCALERANK":2,"NATSCALE":200,"LABELRANK":1,"FEATURECLA":"Admin-1 capital","NAME":"Jinan","NAMEPAR":null,"NAMEALT":"Jinan, Shandong","NAMEASCII":"Jinan","ADM0CAP":0,"CAPIN":null,"WORLDCITY":0,"MEGACITY":1,"SOV0NAME":"China","SOV_A3":"CHN","ADM0NAME":"China","ADM0_A3":"CHN","ADM1NAME":"Shandong","ISO_A2":"CN","NOTE":null,"LATITUDE":36.676928,"LONGITUDE":116.993073,"POP_MAX":2798000,"POP_MIN":2069266,"POP_OTHER":5123197,"RANK_MAX":12,"RANK_MIN":12,"MEGANAME":"Jinan, Shandong","LS_NAME":"Jinan","MAX_POP10":5477898,"MAX_POP20":6775297,"MAX_POP50":35889258,"MAX_POP300":0,"MAX_POP310":0,"MAX_NATSCA":50,"MIN_AREAKM":3943,"MAX_AREAKM":31213,"MIN_AREAMI":1522,"MAX_AREAMI":12051,"MIN_PERKM":3685,"MAX_PERKM":28223,"MIN_PERMI":2290,"MAX_PERMI":17537,"MIN_BBXMIN":115.711768,"MAX_BBXMIN":116.416667,"MIN_BBXMAX":117.52524,"MAX_BBXMAX":118.766436,"MIN_BBYMIN":34.655427,"MAX_BBYMIN":36.306074,"MIN_BBYMAX":37.505641,"MAX_BBYMAX":37.987551,"MEAN_BBXC":116.946565,"MEAN_BBYC":36.697247,"TIMEZONE":"Asia/Shanghai","UN_FID":62,"POP1950":598,"POP1955":741,"POP1960":919,"POP1965":1104,"POP1970":1168,"POP1975":1236,"POP1980":1308,"POP1985":1667,"POP1990":2404,"POP1995":2512,"POP2000":2625,"POP2005":2743,"POP2010":2798,"POP2015":2914,"POP2020":3182,"POP2025":3453,"POP2050":3674,"MIN_ZOOM":4,"WIKIDATAID":"Q170247","WOF_ID":102027459,"CAPALT":0,"NAME_EN":"Jinan","NAME_DE":"Jinan","NAME_ES":"Jinan","NAME_FR":"Jinan","NAME_PT":"Jinan","NAME_RU":"Цзинань","NAME_ZH":"济南","LABEL":null,"NAME_AR":"جينان","NAME_BN":"চিনান","NAME_EL":"Τζινάν","NAME_HI":"जीनान","NAME_HU":"Csinan","NAME_ID":"Jinan","NAME_IT":"Jinan","NAME_JA":"済南市","NAME_KO":"지난시","NAME_NL":"Jinan","NAME_PL":"Jinan","NAME_SV":"Jinan","NAME_TR":"Jinan","NAME_VI":"Tế Nam","NE_ID":1159151379,"NAME_FA":"جینان","NAME_HE":"ג'ינאן","NAME_UK":"Цзінань","NAME_UR":"جینان","NAME_ZHT":"濟南市","GEONAMESID":1805753,"FCLASS_ISO":null,"FCLASS_US":null,"FCLASS_FR":null,"FCLASS_RU":null,"FCLASS_ES":null,"FCLASS_CN":null,"FCLASS_TW":null,"FCLASS_IN":null,"FCLASS_NP":null,"FCLASS_PK":null,"FCLASS_DE":null,"FCLASS_GB":null,"FCLASS_BR":null,"FCLASS_IL":null,"FCLASS_PS":null,"FCLASS_SA":null,"FCLASS_EG":null,"FCLASS_MA":null,"FCLASS_PT":null,"FCLASS_AR":null,"FCLASS_JP":null,"FCLASS_KO":null,"FCLASS_VN":null,"FCLASS_TR":null,"FCLASS_ID":null,"FCLASS_PL":null,"FCLASS_GR":null,"FCLASS_IT":null,"FCLASS_NL":null,"FCLASS_SE":null,"FCLASS_BD":null,"FCLASS_UA":null,"FCLASS_TLC":null},"bbox":[116.993073,36.676928,116.993073,36.676928],"geometry":{"type":"Point","coordinates":[116.993073,36.676928]}},{"type":"Feature","properties":{"SCALERANK":2,"NATSCALE":200,"LABELRANK":1,"FEATURECLA":"Admin-1 capital","NAME":"Tianjin","NAMEPAR":null,"NAMEALT":null,"NAMEASCII":"Tianjin","ADM0CAP":0,"CAPIN":null,"WORLDCITY":0,"MEGACITY":1,"SOV0NAME":"China","SOV_A3":"CHN","ADM0NAME":"China","ADM0_A3":"CHN","ADM1NAME":"Tianjin","ISO_A2":"CN","NOTE":null,"LATITUDE":39.131972,"LONGITUDE":117.198073,"POP_MAX":7180000,"POP_MIN":3766207,"POP_OTHER":5428303,"RANK_MAX":13,"RANK_MIN":12,"MEGANAME":"Tianjin","LS_NAME":"Tianjin","MAX_POP10":6366380,"MAX_POP20":7107123,"MAX_POP50":15521733,"MAX_POP300":50906349,"MAX_POP310":0,"MAX_NATSCA":100,"MIN_AREAKM":1398,"MAX_AREAKM":37425,"MIN_AREAMI":540,"MAX_AREAMI":14450,"MIN_PERKM":0,"MAX_PERKM":9175,"MIN_PERMI":0,"MAX_PERMI":5701,"MIN_BBXMIN":115.086651,"MAX_BBXMIN":116.733768,"MIN_BBXMAX":117.514581,"MAX_BBXMAX":119.916667,"MIN_BBYMIN":35.854858,"MAX_BBYMIN":38.725,"MIN_BBYMAX":39.808333,"MAX_BBYMAX":40.233333,"MEAN_BBXC":117.350602,"MEAN_BBYC":38.868617,"TIMEZONE":"Asia/Shanghai","UN_FID":114,"POP1950":2374,"POP1955":2931,"POP1960":3618,"POP1965":4332,"POP1970":4593,"POP1975":4870,"POP1980":5163,"POP1985":5474,"POP1990":5804,"POP1995":6246,"POP2000":6722,"POP2005":7040,"POP2010":7180,"POP2015":7468,"POP2020":8113,"POP2025":8745,"POP2050":9243,"MIN_ZOOM":4,"WIKIDATAID":"Q11736","WOF_ID":102027107,"CAPALT":0,"NAME_EN":"Tianjin","NAME_DE":"Tianjin","NAME_ES":"Tianjin","NAME_FR":"Tianjin","NAME_PT":"Tianjin","NAME_RU":"Тяньцзинь","NAME_ZH":"天津","LABEL":null,"NAME_AR":"تيانجين","NAME_BN":"থিয়েনচিন","NAME_EL":"Τιεντσίν","NAME_HI":"तिआंजिन","NAME_HU":"Tiencsin","NAME_ID":"Tianjin","NAME_IT":"Tientsin","NAME_JA":"天津市","NAME_KO":"톈진시","NAME_NL":"Tianjin","NAME_PL":"Tiencin","NAME_SV":"Tianjin","NAME_TR":"Tientsin","NAME_VI":"Thiên Tân","NE_ID":1159151381,"NAME_FA":"تیانجین","NAME_HE":"טיינג'ין","NAME_UK":"Тяньцзінь","NAME_UR":"تیانجین","NAME_ZHT":"天津市","GEONAMESID":1792947,"FCLASS_ISO":null,"FCLASS_US":null,"FCLASS_FR":null,"FCLASS_RU":null,"FCLASS_ES":null,"FCLASS_CN":null,"FCLASS_TW":null,"FCLASS_IN":null,"FCLASS_NP":null,"FCLASS_PK":null,"FCLASS_DE":null,"FCLASS_GB":null,"FCLASS_BR":null,"FCLASS_IL":null,"FCLASS_PS":null,"FCLASS_SA":null,"FCLASS_EG":null,"FCLASS_MA":null,"FCLASS_PT":null,"FCLASS_AR":null,"FCLASS_JP":null,"FCLASS_KO":null,"FCLASS_VN":null,"FCLASS_TR":null,"FCLASS_ID":null,"FCLASS_PL":null,"FCLASS_GR":null,"FCLASS_IT":null,"FCLASS_NL":null,"FCLASS_SE":null,"FCLASS_BD":null,"FCLASS_UA":null,"FCLASS_TLC":null},"bbox":[117.196607,39.082772,117.196607,39.082772],"geometry":{"type":"Point","coordinates":[117.196607,39.082772]}},{"type":"Feature","properties":{"SCALERANK":2,"NATSCALE":200,"LABELRANK":1,"FEATURECLA":"Admin-1 capital","NAME":"Nanchang","NAMEPAR":null,"NAMEALT":null,"NAMEASCII":"Nanchang","ADM0CAP":0,"CAPIN":null,"WORLDCITY":0,"MEGACITY":1,"SOV0NAME":"China","SOV_A3":"CHN","ADM0NAME":"China","ADM0_A3":"CHN","ADM1NAME":"Jiangxi","ISO_A2":"CN","NOTE":null,"LATITUDE":28.681938,"LONGITUDE":115.87805,"POP_MAX":2350000,"POP_MIN":1871351,"POP_OTHER":2698545,"RANK_MAX":12,"RANK_MIN":12,"MEGANAME":"Nanchang","LS_NAME":"Nanchang","MAX_POP10":2782995,"MAX_POP20":2782995,"MAX_POP50":4718428,"MAX_POP300":4894488,"MAX_POP310":0,"MAX_NATSCA":100,"MIN_AREAKM":1102,"MAX_AREAKM":3201,"MIN_AREAMI":425,"MAX_AREAMI":1236,"MIN_PERKM":992,"MAX_PERKM":3587,"MIN_PERMI":616,"MAX_PERMI":2229,"MIN_BBXMIN":114.930288,"MAX_BBXMIN":115.716667,"MIN_BBXMAX":116.2,"MAX_BBXMAX":116.625,"MIN_BBYMIN":27.75,"MAX_BBYMIN":28.37509,"MIN_BBYMAX":28.891667,"MAX_BBYMAX":28.891667,"MEAN_BBXC":115.869192,"MEAN_BBYC":28.488934,"TIMEZONE":"Asia/Shanghai","UN_FID":84,"POP1950":343,"POP1955":440,"POP1960":564,"POP1965":704,"POP1970":794,"POP1975":896,"POP1980":1011,"POP1985":1133,"POP1990":1262,"POP1995":1516,"POP2000":1822,"POP2005":2188,"POP2010":2350,"POP2015":2585,"POP2020":2911,"POP2025":3168,"POP2050":3373,"MIN_ZOOM":4.7,"WIKIDATAID":"Q171943","WOF_ID":102027295,"CAPALT":0,"NAME_EN":"Nanchang","NAME_DE":"Nanchang","NAME_ES":"Nanchang","NAME_FR":"Nanchang","NAME_PT":"Nanchang","NAME_RU":"Наньчан","NAME_ZH":"南昌","LABEL":null,"NAME_AR":"نانتشانغ","NAME_BN":"নানছাং","NAME_EL":"Ναντσάνγκ","NAME_HI":"नानचांग","NAME_HU":"Nancsang","NAME_ID":"Nanchang","NAME_IT":"Nanchang","NAME_JA":"南昌市","NAME_KO":"난창시","NAME_NL":"Nanchang","NAME_PL":"Nanchang","NAME_SV":"Nanchang","NAME_TR":"Nanchang","NAME_VI":"Nam Xương","NE_ID":1159151383,"NAME_FA":"نانچانگ","NAME_HE":"נאנצ'אנג","NAME_UK":"Наньчан","NAME_UR":"نانچانگ","NAME_ZHT":"南昌市","GEONAMESID":1800163,"FCLASS_ISO":null,"FCLASS_US":null,"FCLASS_FR":null,"FCLASS_RU":null,"FCLASS_ES":null,"FCLASS_CN":null,"FCLASS_TW":null,"FCLASS_IN":null,"FCLASS_NP":null,"FCLASS_PK":null,"FCLASS_DE":null,"FCLASS_GB":null,"FCLASS_BR":null,"FCLASS_IL":null,"FCLASS_PS":null,"FCLASS_SA":null,"FCLASS_EG":null,"FCLASS_MA":null,"FCLASS_PT":null,"FCLASS_AR":null,"FCLASS_JP":null,"FCLASS_KO":null,"FCLASS_VN":null,"FCLASS_TR":null,"FCLASS_ID":null,"FCLASS_PL":null,"FCLASS_GR":null,"FCLASS_IT":null,"FCLASS_NL":null,"FCLASS_SE":null,"FCLASS_BD":null,"FCLASS_UA":null,"FCLASS_TLC":null},"bbox":[115.87805,28.681938,115.87805,28.681938],"geometry":{"type":"Point","coordinates":[115.87805,28.681938]}},{"type":"Feature","properties":{"SCALERANK":2,"NATSCALE":200,"LABELRANK":1,"FEATURECLA":"Admin-1 capital","NAME":"Nanjing","NAMEPAR":null,"NAMEALT":"Nanjing, Jiangsu","NAMEASCII":"Nanjing","ADM0CAP":0,"CAPIN":"Dejure capital","WORLDCITY":0,"MEGACITY":1,"SOV0NAME":"China","SOV_A3":"CHN","ADM0NAME":"China","ADM0_A3":"CHN","ADM1NAME":"Jiangsu","ISO_A2":"CN","NOTE":null,"LATITUDE":32.051965,"LONGITUDE":118.778029,"POP_MAX":3679000,"POP_MIN":3087010,"POP_OTHER":4726961,"RANK_MAX":12,"RANK_MIN":12,"MEGANAME":"Nanjing, Jiangsu","LS_NAME":"Nanjing","MAX_POP10":3684179,"MAX_POP20":3684179,"MAX_POP50":3726539,"MAX_POP300":3726539,"MAX_POP310":0,"MAX_NATSCA":100,"MIN_AREAKM":598,"MAX_AREAKM":634,"MIN_AREAMI":231,"MAX_AREAMI":245,"MIN_PERKM":348,"MAX_PERKM":383,"MIN_PERMI":216,"MAX_PERMI":238,"MIN_BBXMIN":118.558333,"MAX_BBXMIN":118.6,"MIN_BBXMAX":119.058333,"MAX_BBXMAX":119.058333,"MIN_BBYMIN":31.808333,"MAX_BBYMIN":31.858333,"MIN_BBYMAX":32.175,"MAX_BBYMAX":32.175,"MEAN_BBXC":118.824571,"MEAN_BBYC":32.029859,"TIMEZONE":"Asia/Shanghai","UN_FID":86,"POP1950":973,"POP1955":1179,"POP1960":1429,"POP1965":1689,"POP1970":1809,"POP1975":1938,"POP1980":2076,"POP1985":2302,"POP1990":2611,"POP1995":3013,"POP2000":3477,"POP2005":3621,"POP2010":3679,"POP2015":3813,"POP2020":4149,"POP2025":4492,"POP2050":4771,"MIN_ZOOM":4,"WIKIDATAID":"Q16666","WOF_ID":102027291,"CAPALT":0,"NAME_EN":"Nanjing","NAME_DE":"Nanjing","NAME_ES":"Nankín","NAME_FR":"Nankin","NAME_PT":"Nanquim","NAME_RU":"Нанкин","NAME_ZH":"南京","LABEL":null,"NAME_AR":"نانجينغ","NAME_BN":"নানচিং","NAME_EL":"Ναντσίνγκ","NAME_HI":"नानजिंग","NAME_HU":"Nanking","NAME_ID":"Nanjing","NAME_IT":"Nanchino","NAME_JA":"南京市","NAME_KO":"난징시","NAME_NL":"Nanjing","NAME_PL":"Nankin","NAME_SV":"Nanjing","NAME_TR":"Nankin","NAME_VI":"Nam Kinh","NE_ID":1159151385,"NAME_FA":"نانجینگ","NAME_HE":"נאנג'ינג","NAME_UK":"Нанкін","NAME_UR":"نانجنگ","NAME_ZHT":"南京市","GEONAMESID":1799962,"FCLASS_ISO":null,"FCLASS_US":null,"FCLASS_FR":null,"FCLASS_RU":null,"FCLASS_ES":null,"FCLASS_CN":null,"FCLASS_TW":null,"FCLASS_IN":null,"FCLASS_NP":null,"FCLASS_PK":null,"FCLASS_DE":null,"FCLASS_GB":null,"FCLASS_BR":null,"FCLASS_IL":null,"FCLASS_PS":null,"FCLASS_SA":null,"FCLASS_EG":null,"FCLASS_MA":null,"FCLASS_PT":null,"FCLASS_AR":null,"FCLASS_JP":null,"FCLASS_KO":null,"FCLASS_VN":null,"FCLASS_TR":null,"FCLASS_ID":null,"FCLASS_PL":null,"FCLASS_GR":null,"FCLASS_IT":null,"FCLASS_NL":null,"FCLASS_SE":null,"FCLASS_BD":null,"FCLASS_UA":null,"FCLASS_TLC":null},"bbox":[118.778029,32.051965,118.778029,32.051965],"geometry":{"type":"Point","coordinates":[118.778029,32.051965]}},{"type":"Feature","properties":{"SCALERANK":2,"NATSCALE":200,"LABELRANK":1,"FEATURECLA":"Admin-1 capital","NAME":"Hangzhou","NAMEPAR":null,"NAMEALT":null,"NAMEASCII":"Hangzhou","ADM0CAP":0,"CAPIN":null,"WORLDCITY":0,"MEGACITY":1,"SOV0NAME":"China","SOV_A3":"CHN","ADM0NAME":"China","ADM0_A3":"CHN","ADM1NAME":"Zhejiang","ISO_A2":"CN","NOTE":null,"LATITUDE":30.25192,"LONGITUDE":120.168073,"POP_MAX":3007000,"POP_MIN":1878129,"POP_OTHER":4465853,"RANK_MAX":12,"RANK_MIN":12,"MEGANAME":"Hangzhou","LS_NAME":"Hangzhou","MAX_POP10":3582719,"MAX_POP20":3582719,"MAX_POP50":7609563,"MAX_POP300":7609563,"MAX_POP310":0,"MAX_NATSCA":100,"MIN_AREAKM":1000,"MAX_AREAKM":3814,"MIN_AREAMI":386,"MAX_AREAMI":1473,"MIN_PERKM":879,"MAX_PERKM":3772,"MIN_PERMI":546,"MAX_PERMI":2344,"MIN_BBXMIN":119.358333,"MAX_BBXMIN":119.891667,"MIN_BBXMAX":120.475,"MAX_BBXMAX":120.962169,"MIN_BBYMIN":30.191667,"MAX_BBYMIN":30.191667,"MIN_BBYMAX":30.588729,"MAX_BBYMAX":31.141667,"MEAN_BBXC":120.234254,"MEAN_BBYC":30.529234,"TIMEZONE":"Asia/Shanghai","UN_FID":49,"POP1950":638,"POP1955":739,"POP1960":856,"POP1965":975,"POP1970":1034,"POP1975":1097,"POP1980":1164,"POP1985":1291,"POP1990":1476,"POP1995":1887,"POP2000":2411,"POP2005":2831,"POP2010":3007,"POP2015":3269,"POP2020":3654,"POP2025":3967,"POP2050":4217,"MIN_ZOOM":4,"WIKIDATAID":"Q4970","WOF_ID":102027571,"CAPALT":0,"NAME_EN":"Hangzhou","NAME_DE":"Hangzhou","NAME_ES":"Hangzhou","NAME_FR":"Hangzhou","NAME_PT":"Hangzhou","NAME_RU":"Ханчжоу","NAME_ZH":"杭州","LABEL":null,"NAME_AR":"هانغتشو","NAME_BN":"হাংচৌ","NAME_EL":"Χανγκτσόου","NAME_HI":"हांगझोऊ","NAME_HU":"Hangcsou","NAME_ID":"Hangzhou","NAME_IT":"Hangzhou","NAME_JA":"杭州市","NAME_KO":"항저우시","NAME_NL":"Hangzhou","NAME_PL":"Hangzhou","NAME_SV":"Hangzhou","NAME_TR":"Hangzhou","NAME_VI":"Hàng Châu","NE_ID":1159151387,"NAME_FA":"هانگژو","NAME_HE":"האנגג'ואו","NAME_UK":"Ханчжоу","NAME_UR":"ہانگژو","NAME_ZHT":"杭州市","GEONAMESID":1808926,"FCLASS_ISO":null,"FCLASS_US":null,"FCLASS_FR":null,"FCLASS_RU":null,"FCLASS_ES":null,"FCLASS_CN":null,"FCLASS_TW":null,"FCLASS_IN":null,"FCLASS_NP":null,"FCLASS_PK":null,"FCLASS_DE":null,"FCLASS_GB":null,"FCLASS_BR":null,"FCLASS_IL":null,"FCLASS_PS":null,"FCLASS_SA":null,"FCLASS_EG":null,"FCLASS_MA":null,"FCLASS_PT":null,"FCLASS_AR":null,"FCLASS_JP":null,"FCLASS_KO":null,"FCLASS_VN":null,"FCLASS_TR":null,"FCLASS_ID":null,"FCLASS_PL":null,"FCLASS_GR":null,"FCLASS_IT":null,"FCLASS_NL":null,"FCLASS_SE":null,"FCLASS_BD":null,"FCLASS_UA":null,"FCLASS_TLC":null},"bbox":[120.168073,30.25192,120.168073,30.25192],"geometry":{"type":"Point","coordinates":[120.168073,30.25192]}},{"type":"Feature","properties":{"SCALERANK":2,"NATSCALE":200,"LABELRANK":1,"FEATURECLA":"Admin-1 capital","NAME":"Changchun","NAMEPAR":null,"NAMEALT":null,"NAMEASCII":"Changchun","ADM0CAP":0,"CAPIN":null,"WORLDCITY":0,"MEGACITY":1,"SOV0NAME":"China","SOV_A3":"CHN","ADM0NAME":"China","ADM0_A3":"CHN","ADM1NAME":"Jilin","ISO_A2":"CN","NOTE":null,"LATITUDE":43.866954,"LONGITUDE":125.338042,"POP_MAX":3183000,"POP_MIN":2537421,"POP_OTHER":2778774,"RANK_MAX":12,"RANK_MIN":12,"MEGANAME":"Changchun","LS_NAME":"Changchun","MAX_POP10":2853809,"MAX_POP20":2853809,"MAX_POP50":2853809,"MAX_POP300":2853809,"MAX_POP310":0,"MAX_NATSCA":100,"MIN_AREAKM":710,"MAX_AREAKM":710,"MIN_AREAMI":274,"MAX_AREAMI":274,"MIN_PERKM":598,"MAX_PERKM":598,"MIN_PERMI":372,"MAX_PERMI":372,"MIN_BBXMIN":125.025,"MAX_BBXMIN":125.025,"MIN_BBXMAX":125.583333,"MAX_BBXMAX":125.583333,"MIN_BBYMIN":43.691667,"MAX_BBYMIN":43.691667,"MIN_BBYMAX":44.1,"MAX_BBYMAX":44.1,"MEAN_BBXC":125.293155,"MEAN_BBYC":43.887624,"TIMEZONE":"Asia/Harbin","UN_FID":27,"POP1950":765,"POP1955":922,"POP1960":1111,"POP1965":1312,"POP1970":1430,"POP1975":1558,"POP1980":1698,"POP1985":1909,"POP1990":2192,"POP1995":2446,"POP2000":2730,"POP2005":3046,"POP2010":3183,"POP2015":3400,"POP2020":3763,"POP2025":4082,"POP2050":4338,"MIN_ZOOM":4,"WIKIDATAID":"Q92161","WOF_ID":102027947,"CAPALT":0,"NAME_EN":"Changchun","NAME_DE":"Changchun","NAME_ES":"Changchun","NAME_FR":"Changchun","NAME_PT":"Changchun","NAME_RU":"Чанчунь","NAME_ZH":"长春","LABEL":null,"NAME_AR":"تشانغتشون","NAME_BN":"ছাংছুন","NAME_EL":"Τσανγκτσούν","NAME_HI":"चांगचून","NAME_HU":"Csangcsun","NAME_ID":"Changchun","NAME_IT":"Changchun","NAME_JA":"長春市","NAME_KO":"창춘시","NAME_NL":"Changchun","NAME_PL":"Changchun","NAME_SV":"Changchun","NAME_TR":"Çangçun","NAME_VI":"Trường Xuân","NE_ID":1159151393,"NAME_FA":"چانگچون","NAME_HE":"צ'אנגצ'ון","NAME_UK":"Чанчунь","NAME_UR":"چانگچون","NAME_ZHT":"長春市","GEONAMESID":2038180,"FCLASS_ISO":null,"FCLASS_US":null,"FCLASS_FR":null,"FCLASS_RU":null,"FCLASS_ES":null,"FCLASS_CN":null,"FCLASS_TW":null,"FCLASS_IN":null,"FCLASS_NP":null,"FCLASS_PK":null,"FCLASS_DE":null,"FCLASS_GB":null,"FCLASS_BR":null,"FCLASS_IL":null,"FCLASS_PS":null,"FCLASS_SA":null,"FCLASS_EG":null,"FCLASS_MA":null,"FCLASS_PT":null,"FCLASS_AR":null,"FCLASS_JP":null,"FCLASS_KO":null,"FCLASS_VN":null,"FCLASS_TR":null,"FCLASS_ID":null,"FCLASS_PL":null,"FCLASS_GR":null,"FCLASS_IT":null,"FCLASS_NL":null,"FCLASS_SE":null,"FCLASS_BD":null,"FCLASS_UA":null,"FCLASS_TLC":null},"bbox":[125.338042,43.866954,125.338042,43.866954],"geometry":{"type":"Point","coordinates":[125.338042,43.866954]}},{"type":"Feature","properties":{"SCALERANK":2,"NATSCALE":200,"LABELRANK":1,"FEATURECLA":"Populated place","NAME":"Baotou","NAMEPAR":null,"NAMEALT":null,"NAMEASCII":"Baotou","ADM0CAP":0,"CAPIN":null,"WORLDCITY":0,"MEGACITY":1,"SOV0NAME":"China","SOV_A3":"CHN","ADM0NAME":"China","ADM0_A3":"CHN","ADM1NAME":"Nei Mongol","ISO_A2":"CN","NOTE":null,"LATITUDE":40.654153,"LONGITUDE":109.820074,"POP_MAX":2036000,"POP_MIN":423329,"POP_OTHER":0,"RANK_MAX":12,"RANK_MIN":10,"MEGANAME":"Baotou","LS_NAME":"Baotou","MAX_POP10":423329,"MAX_POP20":423329,"MAX_POP50":423329,"MAX_POP300":423329,"MAX_POP310":0,"MAX_NATSCA":100,"MIN_AREAKM":62,"MAX_AREAKM":62,"MIN_AREAMI":24,"MAX_AREAMI":24,"MIN_PERKM":75,"MAX_PERKM":75,"MIN_PERMI":47,"MAX_PERMI":47,"MIN_BBXMIN":109.883333,"MAX_BBXMIN":109.883333,"MIN_BBXMAX":110.075,"MAX_BBXMAX":110.075,"MIN_BBYMIN":40.55,"MAX_BBYMIN":40.55,"MIN_BBYMAX":40.633333,"MAX_BBYMAX":40.633333,"MEAN_BBXC":109.994693,"MEAN_BBYC":40.586886,"TIMEZONE":"Asia/Chongqing","UN_FID":23,"POP1950":530,"POP1955":591,"POP1960":660,"POP1965":737,"POP1970":822,"POP1975":918,"POP1980":1024,"POP1985":1127,"POP1990":1229,"POP1995":1426,"POP2000":1655,"POP2005":1920,"POP2010":2036,"POP2015":2209,"POP2020":2472,"POP2025":2691,"POP2050":2869,"MIN_ZOOM":4,"WIKIDATAID":"Q569907","WOF_ID":102027953,"CAPALT":0,"NAME_EN":"Baotou","NAME_DE":"Baotou","NAME_ES":"Baotou","NAME_FR":"Baotou","NAME_PT":"Baotou","NAME_RU":"Баотоу","NAME_ZH":"包头","LABEL":null,"NAME_AR":"باوتو","NAME_BN":"পাওথৌ","NAME_EL":"Μπαοτού","NAME_HI":"बाओटौ","NAME_HU":"Paotou","NAME_ID":"Baotou","NAME_IT":"Baotou","NAME_JA":"包頭市","NAME_KO":"바오터우시","NAME_NL":"Baotou","NAME_PL":"Baotou","NAME_SV":"Baotou","NAME_TR":"Baotou","NAME_VI":"Bao Đầu","NE_ID":1159151395,"NAME_FA":"بائوتو","NAME_HE":"באוטואו","NAME_UK":"Баотоу","NAME_UR":"بائوتو","NAME_ZHT":"包頭市","GEONAMESID":2038432,"FCLASS_ISO":null,"FCLASS_US":null,"FCLASS_FR":null,"FCLASS_RU":null,"FCLASS_ES":null,"FCLASS_CN":null,"FCLASS_TW":null,"FCLASS_IN":null,"FCLASS_NP":null,"FCLASS_PK":null,"FCLASS_DE":null,"FCLASS_GB":null,"FCLASS_BR":null,"FCLASS_IL":null,"FCLASS_PS":null,"FCLASS_SA":null,"FCLASS_EG":null,"FCLASS_MA":null,"FCLASS_PT":null,"FCLASS_AR":null,"FCLASS_JP":null,"FCLASS_KO":null,"FCLASS_VN":null,"FCLASS_TR":null,"FCLASS_ID":null,"FCLASS_PL":null,"FCLASS_GR":null,"FCLASS_IT":null,"FCLASS_NL":null,"FCLASS_SE":null,"FCLASS_BD":null,"FCLASS_UA":null,"FCLASS_TLC":null},"bbox":[109.820074,40.654153,109.820074,40.654153],"geometry":{"type":"Point","coordinates":[109.820074,40.654153]}},{"type":"Feature","properties":{"SCALERANK":2,"NATSCALE":200,"LABELRANK":1,"FEATURECLA":"Admin-1 capital","NAME":"Harbin","NAMEPAR":null,"NAMEALT":"Haerbin","NAMEASCII":"Harbin","ADM0CAP":0,"CAPIN":null,"WORLDCITY":0,"MEGACITY":1,"SOV0NAME":"China","SOV_A3":"CHN","ADM0NAME":"China","ADM0_A3":"CHN","ADM1NAME":"Heilongjiang","ISO_A2":"CN","NOTE":null,"LATITUDE":45.75193,"LONGITUDE":126.648039,"POP_MAX":3621000,"POP_MIN":3229883,"POP_OTHER":3416547,"RANK_MAX":12,"RANK_MIN":12,"MEGANAME":"Haerbin","LS_NAME":"Harbin","MAX_POP10":3652507,"MAX_POP20":3652507,"MAX_POP50":3699432,"MAX_POP300":3699432,"MAX_POP310":0,"MAX_NATSCA":100,"MIN_AREAKM":945,"MAX_AREAKM":1009,"MIN_AREAMI":365,"MAX_AREAMI":390,"MIN_PERKM":762,"MAX_PERKM":825,"MIN_PERMI":473,"MAX_PERMI":513,"MIN_BBXMIN":126.175,"MAX_BBXMIN":126.333333,"MIN_BBXMAX":126.941667,"MAX_BBXMAX":126.941667,"MIN_BBYMIN":45.541667,"MAX_BBYMIN":45.541667,"MIN_BBYMAX":46.066667,"MAX_BBYMAX":46.066667,"MEAN_BBXC":126.636789,"MEAN_BBYC":45.74635,"TIMEZONE":"Asia/Harbin","UN_FID":47,"POP1950":1012,"POP1955":1276,"POP1960":1610,"POP1965":1968,"POP1970":2122,"POP1975":2288,"POP1980":2467,"POP1985":2702,"POP1990":2991,"POP1995":3209,"POP2000":3444,"POP2005":3566,"POP2010":3621,"POP2015":3753,"POP2020":4083,"POP2025":4421,"POP2050":4696,"MIN_ZOOM":3.7,"WIKIDATAID":"Q42956","WOF_ID":102027921,"CAPALT":0,"NAME_EN":"Harbin","NAME_DE":"Harbin","NAME_ES":"Harbin","NAME_FR":"Harbin","NAME_PT":"Harbin","NAME_RU":"Харбин","NAME_ZH":"哈尔滨","LABEL":null,"NAME_AR":"هاربن","NAME_BN":"হারপিন","NAME_EL":"Χαρμπίν","NAME_HI":"हारबिन","NAME_HU":"Harbin","NAME_ID":"Harbin","NAME_IT":"Harbin","NAME_JA":"ハルビン市","NAME_KO":"하얼빈시","NAME_NL":"Harbin","NAME_PL":"Harbin","NAME_SV":"Harbin","NAME_TR":"Harbin","NAME_VI":"Cáp Nhĩ Tân","NE_ID":1159151397,"NAME_FA":"هاربین","NAME_HE":"חרבין","NAME_UK":"Харбін","NAME_UR":"ہاربن","NAME_ZHT":"哈爾濱市","GEONAMESID":2037013,"FCLASS_ISO":null,"FCLASS_US":null,"FCLASS_FR":null,"FCLASS_RU":null,"FCLASS_ES":null,"FCLASS_CN":null,"FCLASS_TW":null,"FCLASS_IN":null,"FCLASS_NP":null,"FCLASS_PK":null,"FCLASS_DE":null,"FCLASS_GB":null,"FCLASS_BR":null,"FCLASS_IL":null,"FCLASS_PS":null,"FCLASS_SA":null,"FCLASS_EG":null,"FCLASS_MA":null,"FCLASS_PT":null,"FCLASS_AR":null,"FCLASS_JP":null,"FCLASS_KO":null,"FCLASS_VN":null,"FCLASS_TR":null,"FCLASS_ID":null,"FCLASS_PL":null,"FCLASS_GR":null,"FCLASS_IT":null,"FCLASS_NL":null,"FCLASS_SE":null,"FCLASS_BD":null,"FCLASS_UA":null,"FCLASS_TLC":null},"bbox":[126.648039,45.75193,126.648039,45.75193],"geometry":{"type":"Point","coordinates":[126.648039,45.75193]}},{"type":"Feature","properties":{"SCALERANK":2,"NATSCALE":200,"LABELRANK":1,"FEATURECLA":"Populated place","NAME":"Delhi","NAMEPAR":null,"NAMEALT":null,"NAMEASCII":"Delhi","ADM0CAP":0,"CAPIN":null,"WORLDCITY":0,"MEGACITY":1,"SOV0NAME":"India","SOV_A3":"IND","ADM0NAME":"India","ADM0_A3":"IND","ADM1NAME":"Delhi","ISO_A2":"IN","NOTE":null,"LATITUDE":28.671939,"LONGITUDE":77.228058,"POP_MAX":15926000,"POP_MIN":7633213,"POP_OTHER":6747384,"RANK_MAX":14,"RANK_MIN":13,"MEGANAME":"Delhi","LS_NAME":"Delhi","MAX_POP10":7633213,"MAX_POP20":10747551,"MAX_POP50":29391217,"MAX_POP300":49940307,"MAX_POP310":0,"MAX_NATSCA":100,"MIN_AREAKM":669,"MAX_AREAKM":35748,"MIN_AREAMI":258,"MAX_AREAMI":13802,"MIN_PERKM":244,"MAX_PERKM":21412,"MIN_PERMI":152,"MAX_PERMI":13305,"MIN_BBXMIN":75.733333,"MAX_BBXMIN":76.973534,"MIN_BBXMAX":77.335556,"MAX_BBXMAX":79.791667,"MIN_BBYMIN":27.929864,"MAX_BBYMIN":28.592003,"MIN_BBYMAX":28.969018,"MAX_BBYMAX":30.858333,"MEAN_BBXC":77.510787,"MEAN_BBYC":28.906431,"TIMEZONE":"Asia/Kolkata","UN_FID":227,"POP1950":1369,"POP1955":1782,"POP1960":2283,"POP1965":2845,"POP1970":3531,"POP1975":4426,"POP1980":5558,"POP1985":6769,"POP1990":8206,"POP1995":10092,"POP2000":12441,"POP2005":15053,"POP2010":15926,"POP2015":17015,"POP2020":18669,"POP2025":20484,"POP2050":22498,"MIN_ZOOM":4,"WIKIDATAID":"Q1353","WOF_ID":102030425,"CAPALT":0,"NAME_EN":"Delhi","NAME_DE":"Delhi","NAME_ES":"Delhi","NAME_FR":"Delhi","NAME_PT":"Deli","NAME_RU":"Дели","NAME_ZH":"德里","LABEL":null,"NAME_AR":"دلهي","NAME_BN":"দিল্লি","NAME_EL":"Δελχί","NAME_HI":"दिल्ली","NAME_HU":"Delhi","NAME_ID":"Delhi","NAME_IT":"Delhi","NAME_JA":"デリー","NAME_KO":"델리","NAME_NL":"Delhi","NAME_PL":"Delhi","NAME_SV":"Delhi","NAME_TR":"Delhi","NAME_VI":"Delhi","NE_ID":1159151405,"NAME_FA":"دهلی","NAME_HE":"דלהי","NAME_UK":"Делі","NAME_UR":"دہلی","NAME_ZHT":"德里","GEONAMESID":1273294,"FCLASS_ISO":null,"FCLASS_US":null,"FCLASS_FR":null,"FCLASS_RU":null,"FCLASS_ES":null,"FCLASS_CN":null,"FCLASS_TW":null,"FCLASS_IN":null,"FCLASS_NP":null,"FCLASS_PK":null,"FCLASS_DE":null,"FCLASS_GB":null,"FCLASS_BR":null,"FCLASS_IL":null,"FCLASS_PS":null,"FCLASS_SA":null,"FCLASS_EG":null,"FCLASS_MA":null,"FCLASS_PT":null,"FCLASS_AR":null,"FCLASS_JP":null,"FCLASS_KO":null,"FCLASS_VN":null,"FCLASS_TR":null,"FCLASS_ID":null,"FCLASS_PL":null,"FCLASS_GR":null,"FCLASS_IT":null,"FCLASS_NL":null,"FCLASS_SE":null,"FCLASS_BD":null,"FCLASS_UA":null,"FCLASS_TLC":null},"bbox":[77.228058,28.671939,77.228058,28.671939],"geometry":{"type":"Point","coordinates":[77.228058,28.671939]}},{"type":"Feature","properties":{"SCALERANK":2,"NATSCALE":200,"LABELRANK":1,"FEATURECLA":"Admin-1 capital","NAME":"Hyderabad","NAMEPAR":null,"NAMEALT":null,"NAMEASCII":"Hyderabad","ADM0CAP":0,"CAPIN":null,"WORLDCITY":0,"MEGACITY":1,"SOV0NAME":"India","SOV_A3":"IND","ADM0NAME":"India","ADM0_A3":"IND","ADM1NAME":"Telangana","ISO_A2":"IN","NOTE":null,"LATITUDE":17.401929,"LONGITUDE":78.478008,"POP_MAX":6376000,"POP_MIN":3597816,"POP_OTHER":6728725,"RANK_MAX":13,"RANK_MIN":12,"MEGANAME":"Hyderabad","LS_NAME":"Hyderabad2","MAX_POP10":6413135,"MAX_POP20":6413135,"MAX_POP50":6484747,"MAX_POP300":6484747,"MAX_POP310":0,"MAX_NATSCA":100,"MIN_AREAKM":824,"MAX_AREAKM":880,"MIN_AREAMI":318,"MAX_AREAMI":340,"MIN_PERKM":589,"MAX_PERKM":660,"MIN_PERMI":366,"MAX_PERMI":410,"MIN_BBXMIN":77.833333,"MAX_BBXMIN":77.969986,"MIN_BBXMAX":78.675,"MAX_BBXMAX":78.675,"MIN_BBYMIN":17.258333,"MAX_BBYMIN":17.258333,"MIN_BBYMAX":17.683333,"MAX_BBYMAX":17.683333,"MEAN_BBXC":78.397991,"MEAN_BBYC":17.458837,"TIMEZONE":"Asia/Kolkata","UN_FID":235,"POP1950":1096,"POP1955":1179,"POP1960":1241,"POP1965":1460,"POP1970":1748,"POP1975":2086,"POP1980":2487,"POP1985":3209,"POP1990":4193,"POP1995":4825,"POP2000":5445,"POP2005":6117,"POP2010":6376,"POP2015":6761,"POP2020":7446,"POP2025":8224,"POP2050":9092,"MIN_ZOOM":4,"WIKIDATAID":"Q1361","WOF_ID":102030059,"CAPALT":0,"NAME_EN":"Hyderabad","NAME_DE":"Hyderabad","NAME_ES":"Hyderabad","NAME_FR":"Hyderabad","NAME_PT":"Hyderabad","NAME_RU":"Хайдарабад","NAME_ZH":"海德拉巴","LABEL":null,"NAME_AR":"حيدر آباد","NAME_BN":"হায়দ্রাবাদ","NAME_EL":"Χαϊντεραμπάντ","NAME_HI":"हैदराबाद","NAME_HU":"Haidarábád","NAME_ID":"Hyderabad","NAME_IT":"Hyderabad","NAME_JA":"ハイデラバード","NAME_KO":"하이데라바드","NAME_NL":"Haiderabad","NAME_PL":"Hajdarabad","NAME_SV":"Hyderabad","NAME_TR":"Haydarabad","NAME_VI":"Hyderabad","NE_ID":1159151407,"NAME_FA":"حیدرآباد","NAME_HE":"היידראבאד","NAME_UK":"Гайдерабад","NAME_UR":"حیدرآباد","NAME_ZHT":"海德拉巴","GEONAMESID":1269843,"FCLASS_ISO":null,"FCLASS_US":null,"FCLASS_FR":null,"FCLASS_RU":null,"FCLASS_ES":null,"FCLASS_CN":null,"FCLASS_TW":null,"FCLASS_IN":null,"FCLASS_NP":null,"FCLASS_PK":null,"FCLASS_DE":null,"FCLASS_GB":null,"FCLASS_BR":null,"FCLASS_IL":null,"FCLASS_PS":null,"FCLASS_SA":null,"FCLASS_EG":null,"FCLASS_MA":null,"FCLASS_PT":null,"FCLASS_AR":null,"FCLASS_JP":null,"FCLASS_KO":null,"FCLASS_VN":null,"FCLASS_TR":null,"FCLASS_ID":null,"FCLASS_PL":null,"FCLASS_GR":null,"FCLASS_IT":null,"FCLASS_NL":null,"FCLASS_SE":null,"FCLASS_BD":null,"FCLASS_UA":null,"FCLASS_TLC":null},"bbox":[78.478008,17.401929,78.478008,17.401929],"geometry":{"type":"Point","coordinates":[78.478008,17.401929]}},{"type":"Feature","properties":{"SCALERANK":2,"NATSCALE":200,"LABELRANK":1,"FEATURECLA":"Populated place","NAME":"Pune","NAMEPAR":null,"NAMEALT":"Poona","NAMEASCII":"Pune","ADM0CAP":0,"CAPIN":null,"WORLDCITY":0,"MEGACITY":1,"SOV0NAME":"India","SOV_A3":"IND","ADM0NAME":"India","ADM0_A3":"IND","ADM1NAME":"Maharashtra","ISO_A2":"IN","NOTE":null,"LATITUDE":18.531963,"LONGITUDE":73.848058,"POP_MAX":4672000,"POP_MIN":2935744,"POP_OTHER":5102053,"RANK_MAX":12,"RANK_MIN":12,"MEGANAME":"Pune","LS_NAME":"Pune","MAX_POP10":5181978,"MAX_POP20":5181978,"MAX_POP50":5451064,"MAX_POP300":5451064,"MAX_POP310":0,"MAX_NATSCA":100,"MIN_AREAKM":981,"MAX_AREAKM":1251,"MIN_AREAMI":379,"MAX_AREAMI":483,"MIN_PERKM":828,"MAX_PERKM":1132,"MIN_PERMI":514,"MAX_PERMI":704,"MIN_BBXMIN":73.683333,"MAX_BBXMIN":73.683333,"MIN_BBXMAX":74.541667,"MAX_BBXMAX":74.725,"MIN_BBYMIN":18.408333,"MAX_BBYMIN":18.408333,"MIN_BBYMAX":18.716667,"MAX_BBYMAX":18.716667,"MEAN_BBXC":74.108727,"MEAN_BBYC":18.541882,"TIMEZONE":"Asia/Kolkata","UN_FID":258,"POP1950":581,"POP1955":680,"POP1960":777,"POP1965":924,"POP1970":1105,"POP1975":1345,"POP1980":1642,"POP1985":1998,"POP1990":2430,"POP1995":2978,"POP2000":3655,"POP2005":4411,"POP2010":4672,"POP2015":5010,"POP2020":5543,"POP2025":6135,"POP2050":6797,"MIN_ZOOM":4,"WIKIDATAID":"Q1538","WOF_ID":102028965,"CAPALT":0,"NAME_EN":"Pune","NAME_DE":"Pune","NAME_ES":"Pune","NAME_FR":"Pune","NAME_PT":"Pune","NAME_RU":"Пуна","NAME_ZH":"浦那","LABEL":null,"NAME_AR":"بونه","NAME_BN":"পুনে","NAME_EL":"Πούνε","NAME_HI":"पुणे","NAME_HU":"Púne","NAME_ID":"Pune","NAME_IT":"Pune","NAME_JA":"プネー","NAME_KO":"푸네","NAME_NL":"Poona","NAME_PL":"Pune","NAME_SV":"Pune","NAME_TR":"Pune","NAME_VI":"Pune","NE_ID":1159151411,"NAME_FA":"پونه","NAME_HE":"פונה","NAME_UK":"Пуне","NAME_UR":"پونے","NAME_ZHT":"浦那","GEONAMESID":1259229,"FCLASS_ISO":null,"FCLASS_US":null,"FCLASS_FR":null,"FCLASS_RU":null,"FCLASS_ES":null,"FCLASS_CN":null,"FCLASS_TW":null,"FCLASS_IN":null,"FCLASS_NP":null,"FCLASS_PK":null,"FCLASS_DE":null,"FCLASS_GB":null,"FCLASS_BR":null,"FCLASS_IL":null,"FCLASS_PS":null,"FCLASS_SA":null,"FCLASS_EG":null,"FCLASS_MA":null,"FCLASS_PT":null,"FCLASS_AR":null,"FCLASS_JP":null,"FCLASS_KO":null,"FCLASS_VN":null,"FCLASS_TR":null,"FCLASS_ID":null,"FCLASS_PL":null,"FCLASS_GR":null,"FCLASS_IT":null,"FCLASS_NL":null,"FCLASS_SE":null,"FCLASS_BD":null,"FCLASS_UA":null,"FCLASS_TLC":null},"bbox":[73.851892,18.516394,73.851892,18.516394],"geometry":{"type":"Point","coordinates":[73.851892,18.516394]}},{"type":"Feature","properties":{"SCALERANK":2,"NATSCALE":200,"LABELRANK":1,"FEATURECLA":"Populated place","NAME":"Nagpur","NAMEPAR":null,"NAMEALT":null,"NAMEASCII":"Nagpur","ADM0CAP":0,"CAPIN":null,"WORLDCITY":0,"MEGACITY":1,"SOV0NAME":"India","SOV_A3":"IND","ADM0NAME":"India","ADM0_A3":"IND","ADM1NAME":"Maharashtra","ISO_A2":"IN","NOTE":null,"LATITUDE":21.171906,"LONGITUDE":79.088048,"POP_MAX":2454000,"POP_MIN":2228018,"POP_OTHER":2609874,"RANK_MAX":12,"RANK_MIN":12,"MEGANAME":"Nagpur","LS_NAME":"Nagpur","MAX_POP10":2717505,"MAX_POP20":2717505,"MAX_POP50":2717505,"MAX_POP300":2717505,"MAX_POP310":0,"MAX_NATSCA":100,"MIN_AREAKM":550,"MAX_AREAKM":550,"MIN_AREAMI":212,"MAX_AREAMI":212,"MIN_PERKM":520,"MAX_PERKM":520,"MIN_PERMI":323,"MAX_PERMI":323,"MIN_BBXMIN":78.916667,"MAX_BBXMIN":78.916667,"MIN_BBXMAX":79.441667,"MAX_BBXMAX":79.441667,"MIN_BBYMIN":21.016667,"MAX_BBYMIN":21.016667,"MIN_BBYMAX":21.341667,"MAX_BBYMAX":21.341667,"MEAN_BBXC":79.149679,"MEAN_BBYC":21.179832,"TIMEZONE":"Asia/Kolkata","UN_FID":255,"POP1950":473,"POP1955":565,"POP1960":674,"POP1965":785,"POP1970":910,"POP1975":1075,"POP1980":1273,"POP1985":1448,"POP1990":1637,"POP1995":1849,"POP2000":2089,"POP2005":2350,"POP2010":2454,"POP2015":2611,"POP2020":2895,"POP2025":3219,"POP2050":3583,"MIN_ZOOM":4,"WIKIDATAID":"Q1513","WOF_ID":102029277,"CAPALT":0,"NAME_EN":"Nagpur","NAME_DE":"Nagpur","NAME_ES":"Nagpur","NAME_FR":"Nagpur","NAME_PT":"Nagpur","NAME_RU":"Нагпур","NAME_ZH":"纳格普尔","LABEL":null,"NAME_AR":"ناغبور","NAME_BN":"নাগপুর","NAME_EL":"Ναγκπούρ","NAME_HI":"नागपुर","NAME_HU":"Nágpur","NAME_ID":"Nagpur","NAME_IT":"Nagpur","NAME_JA":"ナーグプル","NAME_KO":"나그푸르","NAME_NL":"Nagpur","NAME_PL":"Nagpur","NAME_SV":"Nagpur","NAME_TR":"Nagpur","NAME_VI":"Nagpur","NE_ID":1159151413,"NAME_FA":"ناگپور","NAME_HE":"נאגפור","NAME_UK":"Наґпур","NAME_UR":"ناگپور","NAME_ZHT":"納格普爾","GEONAMESID":1262180,"FCLASS_ISO":null,"FCLASS_US":null,"FCLASS_FR":null,"FCLASS_RU":null,"FCLASS_ES":null,"FCLASS_CN":null,"FCLASS_TW":null,"FCLASS_IN":null,"FCLASS_NP":null,"FCLASS_PK":null,"FCLASS_DE":null,"FCLASS_GB":null,"FCLASS_BR":null,"FCLASS_IL":null,"FCLASS_PS":null,"FCLASS_SA":null,"FCLASS_EG":null,"FCLASS_MA":null,"FCLASS_PT":null,"FCLASS_AR":null,"FCLASS_JP":null,"FCLASS_KO":null,"FCLASS_VN":null,"FCLASS_TR":null,"FCLASS_ID":null,"FCLASS_PL":null,"FCLASS_GR":null,"FCLASS_IT":null,"FCLASS_NL":null,"FCLASS_SE":null,"FCLASS_BD":null,"FCLASS_UA":null,"FCLASS_TLC":null},"bbox":[79.088048,21.171906,79.088048,21.171906],"geometry":{"type":"Point","coordinates":[79.088048,21.171906]}},{"type":"Feature","properties":{"SCALERANK":2,"NATSCALE":200,"LABELRANK":1,"FEATURECLA":"Admin-1 capital","NAME":"Jaipur","NAMEPAR":null,"NAMEALT":null,"NAMEASCII":"Jaipur","ADM0CAP":0,"CAPIN":null,"WORLDCITY":0,"MEGACITY":1,"SOV0NAME":"India","SOV_A3":"IND","ADM0NAME":"India","ADM0_A3":"IND","ADM1NAME":"Rajasthan","ISO_A2":"IN","NOTE":null,"LATITUDE":26.923079,"LONGITUDE":75.808042,"POP_MAX":2917000,"POP_MIN":2711758,"POP_OTHER":3983889,"RANK_MAX":12,"RANK_MIN":12,"MEGANAME":"Jaipur","LS_NAME":"Jaipur","MAX_POP10":4148608,"MAX_POP20":4148608,"MAX_POP50":4831517,"MAX_POP300":4831517,"MAX_POP310":0,"MAX_NATSCA":100,"MIN_AREAKM":1772,"MAX_AREAKM":2541,"MIN_AREAMI":684,"MAX_AREAMI":981,"MIN_PERKM":1880,"MAX_PERKM":2984,"MIN_PERMI":1168,"MAX_PERMI":1854,"MIN_BBXMIN":75.125,"MAX_BBXMIN":75.4,"MIN_BBXMAX":76.125,"MAX_BBXMAX":76.125,"MIN_BBYMIN":26.633333,"MAX_BBYMIN":26.633333,"MIN_BBYMAX":27.575,"MAX_BBYMAX":27.65,"MEAN_BBXC":75.738998,"MEAN_BBYC":27.111667,"TIMEZONE":"Asia/Kolkata","UN_FID":238,"POP1950":294,"POP1955":346,"POP1960":402,"POP1965":496,"POP1970":616,"POP1975":778,"POP1980":984,"POP1985":1209,"POP1990":1478,"POP1995":1826,"POP2000":2259,"POP2005":2748,"POP2010":2917,"POP2015":3136,"POP2020":3482,"POP2025":3867,"POP2050":4298,"MIN_ZOOM":4,"WIKIDATAID":"Q66485","WOF_ID":102030017,"CAPALT":0,"NAME_EN":"Jaipur","NAME_DE":"Jaipur","NAME_ES":"Jaipur","NAME_FR":"Jaipur","NAME_PT":"Jaipur","NAME_RU":"Джайпур","NAME_ZH":"斋浦尔","LABEL":null,"NAME_AR":"جايبور","NAME_BN":"জয়পুর","NAME_EL":"Τζαϊπούρ","NAME_HI":"जयपुर","NAME_HU":"Dzsaipur","NAME_ID":"Jaipur","NAME_IT":"Jaipur","NAME_JA":"ジャイプル","NAME_KO":"자이푸르","NAME_NL":"Jaipur","NAME_PL":"Jaipur","NAME_SV":"Jaipur","NAME_TR":"Jaipur","NAME_VI":"Jaipur","NE_ID":1159151423,"NAME_FA":"جایپور","NAME_HE":"ג'איפור","NAME_UK":"Джайпур","NAME_UR":"جے پور","NAME_ZHT":"齋浦爾","GEONAMESID":1269515,"FCLASS_ISO":null,"FCLASS_US":null,"FCLASS_FR":null,"FCLASS_RU":null,"FCLASS_ES":null,"FCLASS_CN":null,"FCLASS_TW":null,"FCLASS_IN":null,"FCLASS_NP":null,"FCLASS_PK":null,"FCLASS_DE":null,"FCLASS_GB":null,"FCLASS_BR":null,"FCLASS_IL":null,"FCLASS_PS":null,"FCLASS_SA":null,"FCLASS_EG":null,"FCLASS_MA":null,"FCLASS_PT":null,"FCLASS_AR":null,"FCLASS_JP":null,"FCLASS_KO":null,"FCLASS_VN":null,"FCLASS_TR":null,"FCLASS_ID":null,"FCLASS_PL":null,"FCLASS_GR":null,"FCLASS_IT":null,"FCLASS_NL":null,"FCLASS_SE":null,"FCLASS_BD":null,"FCLASS_UA":null,"FCLASS_TLC":null},"bbox":[75.808042,26.923079,75.808042,26.923079],"geometry":{"type":"Point","coordinates":[75.808042,26.923079]}},{"type":"Feature","properties":{"SCALERANK":2,"NATSCALE":200,"LABELRANK":1,"FEATURECLA":"Populated place","NAME":"Kanpur","NAMEPAR":null,"NAMEALT":null,"NAMEASCII":"Kanpur","ADM0CAP":0,"CAPIN":null,"WORLDCITY":0,"MEGACITY":1,"SOV0NAME":"India","SOV_A3":"IND","ADM0NAME":"India","ADM0_A3":"IND","ADM1NAME":"Uttar Pradesh","ISO_A2":"IN","NOTE":null,"LATITUDE":26.461945,"LONGITUDE":80.31805,"POP_MAX":3162000,"POP_MIN":2823249,"POP_OTHER":8187955,"RANK_MAX":12,"RANK_MIN":12,"MEGANAME":"Kanpur","LS_NAME":"Kanpur","MAX_POP10":8144609,"MAX_POP20":8185853,"MAX_POP50":24512644,"MAX_POP300":52425367,"MAX_POP310":0,"MAX_NATSCA":100,"MIN_AREAKM":4605,"MAX_AREAKM":44185,"MIN_AREAMI":1778,"MAX_AREAMI":17060,"MIN_PERKM":4000,"MAX_PERKM":38135,"MIN_PERMI":2485,"MAX_PERMI":23696,"MIN_BBXMIN":78.322124,"MAX_BBXMIN":79.591293,"MIN_BBXMAX":80.806,"MAX_BBXMAX":82.408333,"MIN_BBYMIN":24.891667,"MAX_BBYMIN":25.823797,"MIN_BBYMAX":27.180981,"MAX_BBYMAX":29.025,"MEAN_BBXC":80.212083,"MEAN_BBYC":26.768888,"TIMEZONE":"Asia/Kolkata","UN_FID":243,"POP1950":688,"POP1955":810,"POP1960":951,"POP1965":1092,"POP1970":1250,"POP1975":1420,"POP1980":1612,"POP1985":1798,"POP1990":2001,"POP1995":2294,"POP2000":2641,"POP2005":3019,"POP2010":3162,"POP2015":3369,"POP2020":3731,"POP2025":4141,"POP2050":4601,"MIN_ZOOM":4,"WIKIDATAID":"Q66568","WOF_ID":102029855,"CAPALT":0,"NAME_EN":"Kanpur","NAME_DE":"Kanpur","NAME_ES":"Kanpur","NAME_FR":"Kanpur","NAME_PT":"Kanpur","NAME_RU":"Канпур","NAME_ZH":"坎普尔","LABEL":null,"NAME_AR":"كانبور","NAME_BN":"কানপুর","NAME_EL":"Κανπούρ","NAME_HI":"कानपुर","NAME_HU":"Kánpur","NAME_ID":"Kanpur","NAME_IT":"Kanpur","NAME_JA":"カーンプル","NAME_KO":"칸푸르","NAME_NL":"Kanpur","NAME_PL":"Kanpur","NAME_SV":"Kanpur","NAME_TR":"Kanpur","NAME_VI":"Kanpur","NE_ID":1159151425,"NAME_FA":"کانپور","NAME_HE":"קאנפור","NAME_UK":"Канпур","NAME_UR":"کانپور","NAME_ZHT":"坎普爾","GEONAMESID":1267995,"FCLASS_ISO":null,"FCLASS_US":null,"FCLASS_FR":null,"FCLASS_RU":null,"FCLASS_ES":null,"FCLASS_CN":null,"FCLASS_TW":null,"FCLASS_IN":null,"FCLASS_NP":null,"FCLASS_PK":null,"FCLASS_DE":null,"FCLASS_GB":null,"FCLASS_BR":null,"FCLASS_IL":null,"FCLASS_PS":null,"FCLASS_SA":null,"FCLASS_EG":null,"FCLASS_MA":null,"FCLASS_PT":null,"FCLASS_AR":null,"FCLASS_JP":null,"FCLASS_KO":null,"FCLASS_VN":null,"FCLASS_TR":null,"FCLASS_ID":null,"FCLASS_PL":null,"FCLASS_GR":null,"FCLASS_IT":null,"FCLASS_NL":null,"FCLASS_SE":null,"FCLASS_BD":null,"FCLASS_UA":null,"FCLASS_TLC":null},"bbox":[80.31805,26.461945,80.31805,26.461945],"geometry":{"type":"Point","coordinates":[80.31805,26.461945]}},{"type":"Feature","properties":{"SCALERANK":2,"NATSCALE":200,"LABELRANK":1,"FEATURECLA":"Admin-1 capital","NAME":"Patna","NAMEPAR":null,"NAMEALT":null,"NAMEASCII":"Patna","ADM0CAP":0,"CAPIN":null,"WORLDCITY":0,"MEGACITY":1,"SOV0NAME":"India","SOV_A3":"IND","ADM0NAME":"India","ADM0_A3":"IND","ADM1NAME":"Bihar","ISO_A2":"IN","NOTE":null,"LATITUDE":25.626905,"LONGITUDE":85.128093,"POP_MAX":2158000,"POP_MIN":1599920,"POP_OTHER":15584649,"RANK_MAX":12,"RANK_MIN":12,"MEGANAME":"Patna","LS_NAME":"Patna","MAX_POP10":8821947,"MAX_POP20":8821947,"MAX_POP50":18477325,"MAX_POP300":32643000,"MAX_POP310":0,"MAX_NATSCA":100,"MIN_AREAKM":4765,"MAX_AREAKM":24819,"MIN_AREAMI":1840,"MAX_AREAMI":9583,"MIN_PERKM":3043,"MAX_PERKM":17965,"MIN_PERMI":1891,"MAX_PERMI":11163,"MIN_BBXMIN":84.045754,"MAX_BBXMIN":84.277199,"MIN_BBXMAX":86.02779,"MAX_BBXMAX":87.733333,"MIN_BBYMIN":23.483333,"MAX_BBYMIN":25.068537,"MIN_BBYMAX":25.708333,"MAX_BBYMAX":25.708333,"MEAN_BBXC":85.222625,"MEAN_BBYC":25.211937,"TIMEZONE":"Asia/Kolkata","UN_FID":257,"POP1950":277,"POP1955":316,"POP1960":359,"POP1965":414,"POP1970":480,"POP1975":642,"POP1980":881,"POP1985":993,"POP1990":1087,"POP1995":1331,"POP2000":1658,"POP2005":2029,"POP2010":2158,"POP2015":2325,"POP2020":2587,"POP2025":2879,"POP2050":3207,"MIN_ZOOM":4.7,"WIKIDATAID":"Q80484","WOF_ID":102029055,"CAPALT":0,"NAME_EN":"Patna","NAME_DE":"Patna","NAME_ES":"Patna","NAME_FR":"Patna","NAME_PT":"Patna","NAME_RU":"Патна","NAME_ZH":"巴特那","LABEL":null,"NAME_AR":"باتنا","NAME_BN":"পাটনা","NAME_EL":"Πάτνα","NAME_HI":"पटना","NAME_HU":"Patna","NAME_ID":"Patna","NAME_IT":"Patna","NAME_JA":"パトナ","NAME_KO":"파트나","NAME_NL":"Patna","NAME_PL":"Patna","NAME_SV":"Patna","NAME_TR":"Patna","NAME_VI":"Patna","NE_ID":1159151429,"NAME_FA":"پتنا","NAME_HE":"פטנה","NAME_UK":"Патна","NAME_UR":"پٹنہ","NAME_ZHT":"巴特那","GEONAMESID":1260086,"FCLASS_ISO":null,"FCLASS_US":null,"FCLASS_FR":null,"FCLASS_RU":null,"FCLASS_ES":null,"FCLASS_CN":null,"FCLASS_TW":null,"FCLASS_IN":null,"FCLASS_NP":null,"FCLASS_PK":null,"FCLASS_DE":null,"FCLASS_GB":null,"FCLASS_BR":null,"FCLASS_IL":null,"FCLASS_PS":null,"FCLASS_SA":null,"FCLASS_EG":null,"FCLASS_MA":null,"FCLASS_PT":null,"FCLASS_AR":null,"FCLASS_JP":null,"FCLASS_KO":null,"FCLASS_VN":null,"FCLASS_TR":null,"FCLASS_ID":null,"FCLASS_PL":null,"FCLASS_GR":null,"FCLASS_IT":null,"FCLASS_NL":null,"FCLASS_SE":null,"FCLASS_BD":null,"FCLASS_UA":null,"FCLASS_TLC":null},"bbox":[85.128093,25.626905,85.128093,25.626905],"geometry":{"type":"Point","coordinates":[85.128093,25.626905]}},{"type":"Feature","properties":{"SCALERANK":2,"NATSCALE":200,"LABELRANK":1,"FEATURECLA":"Admin-1 capital","NAME":"Chennai","NAMEPAR":"Madras","NAMEALT":null,"NAMEASCII":"Chennai","ADM0CAP":0,"CAPIN":null,"WORLDCITY":0,"MEGACITY":1,"SOV0NAME":"India","SOV_A3":"IND","ADM0NAME":"India","ADM0_A3":"IND","ADM1NAME":"Tamil Nadu","ISO_A2":"IN","NOTE":null,"LATITUDE":13.091934,"LONGITUDE":80.278053,"POP_MAX":7163000,"POP_MIN":4328063,"POP_OTHER":7387700,"RANK_MAX":13,"RANK_MIN":12,"MEGANAME":"Chennai","LS_NAME":"Chennai","MAX_POP10":7762002,"MAX_POP20":7781354,"MAX_POP50":11802317,"MAX_POP300":17068263,"MAX_POP310":0,"MAX_NATSCA":100,"MIN_AREAKM":1920,"MAX_AREAKM":11950,"MIN_AREAMI":741,"MAX_AREAMI":4614,"MIN_PERKM":1213,"MAX_PERKM":11190,"MIN_PERMI":754,"MAX_PERMI":6953,"MIN_BBXMIN":78.909921,"MAX_BBXMIN":79.831529,"MIN_BBXMAX":80.341667,"MAX_BBXMAX":80.341667,"MIN_BBYMIN":11.291667,"MAX_BBYMIN":12.591667,"MIN_BBYMAX":13.638773,"MAX_BBYMAX":14.125,"MEAN_BBXC":79.897187,"MEAN_BBYC":13.002682,"TIMEZONE":"Asia/Kolkata","UN_FID":225,"POP1950":1491,"POP1955":1705,"POP1960":1915,"POP1965":2399,"POP1970":3057,"POP1975":3609,"POP1980":4203,"POP1985":4748,"POP1990":5338,"POP1995":5836,"POP2000":6353,"POP2005":6918,"POP2010":7163,"POP2015":7559,"POP2020":8309,"POP2025":9170,"POP2050":10129,"MIN_ZOOM":4,"WIKIDATAID":"Q1352","WOF_ID":102029537,"CAPALT":0,"NAME_EN":"Chennai","NAME_DE":"Chennai","NAME_ES":"Chennai","NAME_FR":"Chennai","NAME_PT":"Chennai","NAME_RU":"Ченнаи","NAME_ZH":"金奈","LABEL":null,"NAME_AR":"تشيناي","NAME_BN":"চেন্নাই","NAME_EL":"Τσεννάι","NAME_HI":"चेन्नई","NAME_HU":"Csennai","NAME_ID":"Chennai","NAME_IT":"Chennai","NAME_JA":"チェンナイ","NAME_KO":"첸나이","NAME_NL":"Chennai","NAME_PL":"Ćennaj","NAME_SV":"Chennai","NAME_TR":"Chennai","NAME_VI":"Chennai","NE_ID":1159151431,"NAME_FA":"چنای","NAME_HE":"צ'נאי","NAME_UK":"Ченнаї","NAME_UR":"چنائے","NAME_ZHT":"欽奈","GEONAMESID":1264527,"FCLASS_ISO":null,"FCLASS_US":null,"FCLASS_FR":null,"FCLASS_RU":null,"FCLASS_ES":null,"FCLASS_CN":null,"FCLASS_TW":null,"FCLASS_IN":null,"FCLASS_NP":null,"FCLASS_PK":null,"FCLASS_DE":null,"FCLASS_GB":null,"FCLASS_BR":null,"FCLASS_IL":null,"FCLASS_PS":null,"FCLASS_SA":null,"FCLASS_EG":null,"FCLASS_MA":null,"FCLASS_PT":null,"FCLASS_AR":null,"FCLASS_JP":null,"FCLASS_KO":null,"FCLASS_VN":null,"FCLASS_TR":null,"FCLASS_ID":null,"FCLASS_PL":null,"FCLASS_GR":null,"FCLASS_IT":null,"FCLASS_NL":null,"FCLASS_SE":null,"FCLASS_BD":null,"FCLASS_UA":null,"FCLASS_TLC":null},"bbox":[80.278053,13.091934,80.278053,13.091934],"geometry":{"type":"Point","coordinates":[80.278053,13.091934]}},{"type":"Feature","properties":{"SCALERANK":2,"NATSCALE":200,"LABELRANK":1,"FEATURECLA":"Populated place","NAME":"Ahmedabad","NAMEPAR":null,"NAMEALT":"Ahmadabad","NAMEASCII":"Ahmedabad","ADM0CAP":0,"CAPIN":null,"WORLDCITY":0,"MEGACITY":1,"SOV0NAME":"India","SOV_A3":"IND","ADM0NAME":"India","ADM0_A3":"IND","ADM1NAME":"Dadra and Nagar Haveli","ISO_A2":"IN","NOTE":null,"LATITUDE":23.031999,"LONGITUDE":72.578058,"POP_MAX":5375000,"POP_MIN":3719710,"POP_OTHER":7387383,"RANK_MAX":13,"RANK_MIN":12,"MEGANAME":"Ahmadabad","LS_NAME":"Ahmadabad","MAX_POP10":7236338,"MAX_POP20":11234364,"MAX_POP50":13727736,"MAX_POP300":13647222,"MAX_POP310":0,"MAX_NATSCA":100,"MIN_AREAKM":2231,"MAX_AREAKM":6505,"MIN_AREAMI":861,"MAX_AREAMI":2512,"MIN_PERKM":0,"MAX_PERKM":5513,"MIN_PERMI":0,"MAX_PERMI":3426,"MIN_BBXMIN":72.025,"MAX_BBXMIN":72.083333,"MIN_BBXMAX":73.18597,"MAX_BBXMAX":73.475,"MIN_BBYMIN":22.181106,"MAX_BBYMIN":22.388112,"MIN_BBYMAX":23.166667,"MAX_BBYMAX":23.991667,"MEAN_BBXC":72.715071,"MEAN_BBYC":22.866328,"TIMEZONE":"Asia/Kolkata","UN_FID":213,"POP1950":855,"POP1955":1007,"POP1960":1181,"POP1965":1412,"POP1970":1695,"POP1975":2050,"POP1980":2484,"POP1985":2855,"POP1990":3255,"POP1995":3790,"POP2000":4427,"POP2005":5122,"POP2010":5375,"POP2015":5726,"POP2020":6320,"POP2025":6989,"POP2050":7735,"MIN_ZOOM":4.7,"WIKIDATAID":"Q1070","WOF_ID":102031017,"CAPALT":0,"NAME_EN":"Ahmedabad","NAME_DE":"Ahmedabad","NAME_ES":"Ahmedabad","NAME_FR":"Ahmedabad","NAME_PT":"Ahmedabad","NAME_RU":"Ахмадабад","NAME_ZH":"阿麼达巴德","LABEL":null,"NAME_AR":"أحمد آباد","NAME_BN":"আহমেদাবাদ","NAME_EL":"Αχμενταμπάντ","NAME_HI":"अहमदाबाद","NAME_HU":"Ahmadábád","NAME_ID":"Ahmedabad","NAME_IT":"Ahmedabad","NAME_JA":"アフマダーバード","NAME_KO":"아마다바드","NAME_NL":"Ahmedabad","NAME_PL":"Ahmadabad","NAME_SV":"Ahmedabad","NAME_TR":"Ahmedabad","NAME_VI":"Ahmedabad","NE_ID":1159151433,"NAME_FA":"احمدآباد","NAME_HE":"אחמדאבאד","NAME_UK":"Ахмедабад","NAME_UR":"احمد آباد","NAME_ZHT":"阿麼達巴德","GEONAMESID":1279233,"FCLASS_ISO":null,"FCLASS_US":null,"FCLASS_FR":null,"FCLASS_RU":null,"FCLASS_ES":null,"FCLASS_CN":null,"FCLASS_TW":null,"FCLASS_IN":null,"FCLASS_NP":null,"FCLASS_PK":null,"FCLASS_DE":null,"FCLASS_GB":null,"FCLASS_BR":null,"FCLASS_IL":null,"FCLASS_PS":null,"FCLASS_SA":null,"FCLASS_EG":null,"FCLASS_MA":null,"FCLASS_PT":null,"FCLASS_AR":null,"FCLASS_JP":null,"FCLASS_KO":null,"FCLASS_VN":null,"FCLASS_TR":null,"FCLASS_ID":null,"FCLASS_PL":null,"FCLASS_GR":null,"FCLASS_IT":null,"FCLASS_NL":null,"FCLASS_SE":null,"FCLASS_BD":null,"FCLASS_UA":null,"FCLASS_TLC":null},"bbox":[72.578058,23.031999,72.578058,23.031999],"geometry":{"type":"Point","coordinates":[72.578058,23.031999]}},{"type":"Feature","properties":{"SCALERANK":2,"NATSCALE":200,"LABELRANK":1,"FEATURECLA":"Populated place","NAME":"Surat","NAMEPAR":null,"NAMEALT":null,"NAMEASCII":"Surat","ADM0CAP":0,"CAPIN":null,"WORLDCITY":0,"MEGACITY":1,"SOV0NAME":"India","SOV_A3":"IND","ADM0NAME":"India","ADM0_A3":"IND","ADM1NAME":"Dadra and Nagar Haveli","ISO_A2":"IN","NOTE":null,"LATITUDE":21.20193,"LONGITUDE":72.838094,"POP_MAX":3842000,"POP_MIN":2894504,"POP_OTHER":4117672,"RANK_MAX":12,"RANK_MIN":12,"MEGANAME":"Surat","LS_NAME":"Surat","MAX_POP10":4333141,"MAX_POP20":4355597,"MAX_POP50":5051432,"MAX_POP300":5051432,"MAX_POP310":0,"MAX_NATSCA":100,"MIN_AREAKM":1589,"MAX_AREAKM":2121,"MIN_AREAMI":613,"MAX_AREAMI":819,"MIN_PERKM":1261,"MAX_PERKM":1767,"MIN_PERMI":784,"MAX_PERMI":1098,"MIN_BBXMIN":72.641667,"MAX_BBXMIN":72.641667,"MIN_BBXMAX":73.341667,"MAX_BBXMAX":73.358333,"MIN_BBYMIN":20.833333,"MAX_BBYMIN":21.014327,"MIN_BBYMAX":21.758333,"MAX_BBYMAX":21.816667,"MEAN_BBXC":72.974945,"MEAN_BBYC":21.266132,"TIMEZONE":"Asia/Kolkata","UN_FID":265,"POP1950":234,"POP1955":269,"POP1960":311,"POP1965":384,"POP1970":477,"POP1975":642,"POP1980":877,"POP1985":1139,"POP1990":1468,"POP1995":1984,"POP2000":2699,"POP2005":3558,"POP2010":3842,"POP2015":4174,"POP2020":4639,"POP2025":5142,"POP2050":5703,"MIN_ZOOM":4,"WIKIDATAID":"Q4629","WOF_ID":102028539,"CAPALT":0,"NAME_EN":"Surat","NAME_DE":"Surat","NAME_ES":"Surat","NAME_FR":"Surate","NAME_PT":"Surate","NAME_RU":"Сурат","NAME_ZH":"苏拉特","LABEL":null,"NAME_AR":"سورت","NAME_BN":"সুরাট","NAME_EL":"Σουράτ","NAME_HI":"सूरत","NAME_HU":"Szúrat","NAME_ID":"Surat","NAME_IT":"Surat","NAME_JA":"スーラト","NAME_KO":"수라트","NAME_NL":"Surat","NAME_PL":"Surat","NAME_SV":"Surat","NAME_TR":"Surat","NAME_VI":"Surat","NE_ID":1159151435,"NAME_FA":"سورات","NAME_HE":"סוראט","NAME_UK":"Сурат","NAME_UR":"سورت","NAME_ZHT":"蘇拉特","GEONAMESID":1255364,"FCLASS_ISO":null,"FCLASS_US":null,"FCLASS_FR":null,"FCLASS_RU":null,"FCLASS_ES":null,"FCLASS_CN":null,"FCLASS_TW":null,"FCLASS_IN":null,"FCLASS_NP":null,"FCLASS_PK":null,"FCLASS_DE":null,"FCLASS_GB":null,"FCLASS_BR":null,"FCLASS_IL":null,"FCLASS_PS":null,"FCLASS_SA":null,"FCLASS_EG":null,"FCLASS_MA":null,"FCLASS_PT":null,"FCLASS_AR":null,"FCLASS_JP":null,"FCLASS_KO":null,"FCLASS_VN":null,"FCLASS_TR":null,"FCLASS_ID":null,"FCLASS_PL":null,"FCLASS_GR":null,"FCLASS_IT":null,"FCLASS_NL":null,"FCLASS_SE":null,"FCLASS_BD":null,"FCLASS_UA":null,"FCLASS_TLC":null},"bbox":[72.838094,21.20193,72.838094,21.20193],"geometry":{"type":"Point","coordinates":[72.838094,21.20193]}},{"type":"Feature","properties":{"SCALERANK":1,"NATSCALE":300,"LABELRANK":1,"FEATURECLA":"Admin-1 capital","NAME":"Ürümqi","NAMEPAR":null,"NAMEALT":"rumqi|Wulumqi","NAMEASCII":"Urumqi","ADM0CAP":0,"CAPIN":null,"WORLDCITY":0,"MEGACITY":1,"SOV0NAME":"China","SOV_A3":"CHN","ADM0NAME":"China","ADM0_A3":"CHN","ADM1NAME":"Xinjiang Uygur","ISO_A2":"CN","NOTE":null,"LATITUDE":43.806958,"LONGITUDE":87.57306,"POP_MAX":3575000,"POP_MIN":1508225,"POP_OTHER":2044401,"RANK_MAX":12,"RANK_MIN":12,"MEGANAME":"Cramqi (Wulumqi)","LS_NAME":"Urumqi","MAX_POP10":2066046,"MAX_POP20":2066046,"MAX_POP50":2066046,"MAX_POP300":2066046,"MAX_POP310":0,"MAX_NATSCA":100,"MIN_AREAKM":361,"MAX_AREAKM":361,"MIN_AREAMI":139,"MAX_AREAMI":139,"MIN_PERKM":318,"MAX_PERKM":318,"MIN_PERMI":198,"MAX_PERMI":198,"MIN_BBXMIN":87.358333,"MAX_BBXMIN":87.358333,"MIN_BBXMAX":87.725,"MAX_BBXMAX":87.725,"MIN_BBYMIN":43.641667,"MAX_BBYMIN":43.641667,"MIN_BBYMAX":44.016667,"MAX_BBYMAX":44.016667,"MEAN_BBXC":87.578494,"MEAN_BBYC":43.854525,"TIMEZONE":"Asia/Urumqi","UN_FID":118,"POP1950":253,"POP1955":312,"POP1960":384,"POP1965":472,"POP1970":581,"POP1975":715,"POP1980":881,"POP1985":1029,"POP1990":1161,"POP1995":1417,"POP2000":1730,"POP2005":2025,"POP2010":2151,"POP2015":2340,"POP2020":2620,"POP2025":2851,"POP2050":3038,"MIN_ZOOM":3.7,"WIKIDATAID":"Q16959","WOF_ID":102026823,"CAPALT":0,"NAME_EN":"Ürümqi","NAME_DE":"Ürümqi","NAME_ES":"Urumchi","NAME_FR":"Ürümqi","NAME_PT":"Ürümqi","NAME_RU":"Урумчи","NAME_ZH":"乌鲁木齐","LABEL":null,"NAME_AR":"أورومتشي","NAME_BN":"উরুমচি","NAME_EL":"Ουρούμκι","NAME_HI":"उरुमची","NAME_HU":"Ürümcsi","NAME_ID":"Ürümqi","NAME_IT":"Ürümqi","NAME_JA":"ウルムチ市","NAME_KO":"우루무치시","NAME_NL":"Ürümqi","NAME_PL":"Urumczi","NAME_SV":"Ürümqi","NAME_TR":"Urumçi","NAME_VI":"Ürümqi","NE_ID":1159151531,"NAME_FA":"اورومچی","NAME_HE":"אורומצ'י","NAME_UK":"Урумчі","NAME_UR":"ارومچی","NAME_ZHT":"烏魯木齊","GEONAMESID":1529102,"FCLASS_ISO":null,"FCLASS_US":null,"FCLASS_FR":null,"FCLASS_RU":null,"FCLASS_ES":null,"FCLASS_CN":null,"FCLASS_TW":null,"FCLASS_IN":null,"FCLASS_NP":null,"FCLASS_PK":null,"FCLASS_DE":null,"FCLASS_GB":null,"FCLASS_BR":null,"FCLASS_IL":null,"FCLASS_PS":null,"FCLASS_SA":null,"FCLASS_EG":null,"FCLASS_MA":null,"FCLASS_PT":null,"FCLASS_AR":null,"FCLASS_JP":null,"FCLASS_KO":null,"FCLASS_VN":null,"FCLASS_TR":null,"FCLASS_ID":null,"FCLASS_PL":null,"FCLASS_GR":null,"FCLASS_IT":null,"FCLASS_NL":null,"FCLASS_SE":null,"FCLASS_BD":null,"FCLASS_UA":null,"FCLASS_TLC":null},"bbox":[87.57306,43.806958,87.57306,43.806958],"geometry":{"type":"Point","coordinates":[87.57306,43.806958]}},{"type":"Feature","properties":{"SCALERANK":1,"NATSCALE":300,"LABELRANK":1,"FEATURECLA":"Admin-1 capital","NAME":"Chengdu","NAMEPAR":null,"NAMEALT":null,"NAMEASCII":"Chengdu","ADM0CAP":0,"CAPIN":null,"WORLDCITY":0,"MEGACITY":1,"SOV0NAME":"China","SOV_A3":"CHN","ADM0NAME":"China","ADM0_A3":"CHN","ADM1NAME":"Sichuan","ISO_A2":"CN","NOTE":null,"LATITUDE":30.671946,"LONGITUDE":104.068074,"POP_MAX":4123000,"POP_MIN":3950437,"POP_OTHER":11622929,"RANK_MAX":12,"RANK_MIN":12,"MEGANAME":"Chengdu","LS_NAME":"Chengdu","MAX_POP10":9954810,"MAX_POP20":11359674,"MAX_POP50":24374217,"MAX_POP300":0,"MAX_POP310":0,"MAX_NATSCA":50,"MIN_AREAKM":5912,"MAX_AREAKM":24244,"MIN_AREAMI":2283,"MAX_AREAMI":9361,"MIN_PERKM":2296,"MAX_PERKM":11900,"MIN_PERMI":1427,"MAX_PERMI":7394,"MIN_BBXMIN":103.125,"MAX_BBXMIN":103.383333,"MIN_BBXMAX":104.433333,"MAX_BBXMAX":105.375,"MIN_BBYMIN":28.738768,"MAX_BBYMIN":30.065456,"MIN_BBYMAX":31.083333,"MAX_BBYMAX":31.341667,"MEAN_BBXC":104.039242,"MEAN_BBYC":30.486458,"TIMEZONE":"Asia/Chongqing","UN_FID":31,"POP1950":768,"POP1955":922,"POP1960":1106,"POP1965":1327,"POP1970":1592,"POP1975":1911,"POP1980":2293,"POP1985":2639,"POP1990":2955,"POP1995":3403,"POP2000":3919,"POP2005":4065,"POP2010":4123,"POP2015":4266,"POP2020":4634,"POP2025":5014,"POP2050":5320,"MIN_ZOOM":3,"WIKIDATAID":"Q30002","WOF_ID":102027703,"CAPALT":0,"NAME_EN":"Chengdu","NAME_DE":"Chengdu","NAME_ES":"Chengdu","NAME_FR":"Chengdu","NAME_PT":"Chengdu","NAME_RU":"Чэнду","NAME_ZH":"成都","LABEL":null,"NAME_AR":"تشنغدو","NAME_BN":"ছেংতু","NAME_EL":"Τσενγκτού","NAME_HI":"चेंगदू","NAME_HU":"Csengtu","NAME_ID":"Chengdu","NAME_IT":"Chengdu","NAME_JA":"成都市","NAME_KO":"청두시","NAME_NL":"Chengdu","NAME_PL":"Chengdu","NAME_SV":"Chengdu","NAME_TR":"Çengdu","NAME_VI":"Thành Đô","NE_ID":1159151533,"NAME_FA":"چنگدو","NAME_HE":"צ'נגדו","NAME_UK":"Ченду","NAME_UR":"چینگدو","NAME_ZHT":"成都市","GEONAMESID":1815286,"FCLASS_ISO":null,"FCLASS_US":null,"FCLASS_FR":null,"FCLASS_RU":null,"FCLASS_ES":null,"FCLASS_CN":null,"FCLASS_TW":null,"FCLASS_IN":null,"FCLASS_NP":null,"FCLASS_PK":null,"FCLASS_DE":null,"FCLASS_GB":null,"FCLASS_BR":null,"FCLASS_IL":null,"FCLASS_PS":null,"FCLASS_SA":null,"FCLASS_EG":null,"FCLASS_MA":null,"FCLASS_PT":null,"FCLASS_AR":null,"FCLASS_JP":null,"FCLASS_KO":null,"FCLASS_VN":null,"FCLASS_TR":null,"FCLASS_ID":null,"FCLASS_PL":null,"FCLASS_GR":null,"FCLASS_IT":null,"FCLASS_NL":null,"FCLASS_SE":null,"FCLASS_BD":null,"FCLASS_UA":null,"FCLASS_TLC":null},"bbox":[104.068074,30.671946,104.068074,30.671946],"geometry":{"type":"Point","coordinates":[104.068074,30.671946]}},{"type":"Feature","properties":{"SCALERANK":1,"NATSCALE":300,"LABELRANK":1,"FEATURECLA":"Admin-0 capital","NAME":"New Delhi","NAMEPAR":null,"NAMEALT":null,"NAMEASCII":"New Delhi","ADM0CAP":1,"CAPIN":null,"WORLDCITY":1,"MEGACITY":0,"SOV0NAME":"India","SOV_A3":"IND","ADM0NAME":"India","ADM0_A3":"IND","ADM1NAME":"Delhi","ISO_A2":"IN","NOTE":null,"LATITUDE":28.600023,"LONGITUDE":77.19998,"POP_MAX":317797,"POP_MIN":317797,"POP_OTHER":8060107,"RANK_MAX":10,"RANK_MIN":10,"MEGANAME":null,"LS_NAME":"New Delhi","MAX_POP10":8761047,"MAX_POP20":13414375,"MAX_POP50":32426336,"MAX_POP300":32424761,"MAX_POP310":224908923,"MAX_NATSCA":300,"MIN_AREAKM":864,"MAX_AREAKM":186559,"MIN_AREAMI":334,"MAX_AREAMI":72030,"MIN_PERKM":244,"MAX_PERKM":130296,"MIN_PERMI":152,"MAX_PERMI":80962,"MIN_BBXMIN":71.033333,"MAX_BBXMIN":76.943289,"MIN_BBXMAX":77.43183,"MAX_BBXMAX":82.566667,"MIN_BBYMIN":24,"MAX_BBYMIN":28.152007,"MIN_BBYMAX":28.738629,"MAX_BBYMAX":33.466667,"MEAN_BBXC":77.272945,"MEAN_BBYC":28.382537,"TIMEZONE":"Asia/Kolkata","UN_FID":0,"POP1950":0,"POP1955":0,"POP1960":0,"POP1965":0,"POP1970":0,"POP1975":0,"POP1980":0,"POP1985":0,"POP1990":0,"POP1995":0,"POP2000":0,"POP2005":0,"POP2010":0,"POP2015":0,"POP2020":0,"POP2025":0,"POP2050":0,"MIN_ZOOM":2.1,"WIKIDATAID":"Q987","WOF_ID":102029189,"CAPALT":0,"NAME_EN":"New Delhi","NAME_DE":"Neu-Delhi","NAME_ES":"Nueva Delhi","NAME_FR":"New Delhi","NAME_PT":"Nova Deli","NAME_RU":"Нью-Дели","NAME_ZH":"新德里","LABEL":null,"NAME_AR":"نيودلهي","NAME_BN":"নতুন দিল্লি","NAME_EL":"Νέο Δελχί","NAME_HI":"नई दिल्ली","NAME_HU":"Új-Delhi","NAME_ID":"New Delhi","NAME_IT":"Nuova Delhi","NAME_JA":"ニューデリー","NAME_KO":"뉴델리","NAME_NL":"New Delhi","NAME_PL":"Nowe Delhi","NAME_SV":"New Delhi","NAME_TR":"Yeni Delhi","NAME_VI":"New Delhi","NE_ID":1159151541,"NAME_FA":"دهلی نو","NAME_HE":"ניו דלהי","NAME_UK":"Нью-Делі","NAME_UR":"نئی دہلی","NAME_ZHT":"新德里","GEONAMESID":1261481,"FCLASS_ISO":null,"FCLASS_US":null,"FCLASS_FR":null,"FCLASS_RU":null,"FCLASS_ES":null,"FCLASS_CN":null,"FCLASS_TW":null,"FCLASS_IN":null,"FCLASS_NP":null,"FCLASS_PK":null,"FCLASS_DE":null,"FCLASS_GB":null,"FCLASS_BR":null,"FCLASS_IL":null,"FCLASS_PS":null,"FCLASS_SA":null,"FCLASS_EG":null,"FCLASS_MA":null,"FCLASS_PT":null,"FCLASS_AR":null,"FCLASS_JP":null,"FCLASS_KO":null,"FCLASS_VN":null,"FCLASS_TR":null,"FCLASS_ID":null,"FCLASS_PL":null,"FCLASS_GR":null,"FCLASS_IT":null,"FCLASS_NL":null,"FCLASS_SE":null,"FCLASS_BD":null,"FCLASS_UA":null,"FCLASS_TLC":null},"bbox":[77.19998,28.600023,77.19998,28.600023],"geometry":{"type":"Point","coordinates":[77.19998,28.600023]}},{"type":"Feature","properties":{"SCALERANK":1,"NATSCALE":300,"LABELRANK":1,"FEATURECLA":"Admin-1 capital","NAME":"Bengaluru","NAMEPAR":"Bangalore","NAMEALT":null,"NAMEASCII":"Bengaluru","ADM0CAP":0,"CAPIN":null,"WORLDCITY":0,"MEGACITY":1,"SOV0NAME":"India","SOV_A3":"IND","ADM0NAME":"India","ADM0_A3":"IND","ADM1NAME":"Karnataka","ISO_A2":"IN","NOTE":null,"LATITUDE":12.971941,"LONGITUDE":77.558064,"POP_MAX":6787000,"POP_MIN":5104047,"POP_OTHER":8102712,"RANK_MAX":13,"RANK_MIN":13,"MEGANAME":"Bangalore","LS_NAME":"Bangalore","MAX_POP10":8181096,"MAX_POP20":8181096,"MAX_POP50":8553953,"MAX_POP300":8553953,"MAX_POP310":0,"MAX_NATSCA":100,"MIN_AREAKM":2443,"MAX_AREAKM":2836,"MIN_AREAMI":943,"MAX_AREAMI":1095,"MIN_PERKM":1908,"MAX_PERKM":2412,"MIN_PERMI":1186,"MAX_PERMI":1499,"MIN_BBXMIN":77.275,"MAX_BBXMIN":77.275,"MIN_BBXMAX":77.996673,"MAX_BBXMAX":78.15,"MIN_BBYMIN":12.325,"MAX_BBYMIN":12.325,"MIN_BBYMAX":13.333333,"MAX_BBYMAX":13.333333,"MEAN_BBXC":77.703019,"MEAN_BBYC":12.841733,"TIMEZONE":"Asia/Kolkata","UN_FID":219,"POP1950":746,"POP1955":939,"POP1960":1166,"POP1965":1377,"POP1970":1615,"POP1975":2111,"POP1980":2812,"POP1985":3395,"POP1990":4036,"POP1995":4744,"POP2000":5567,"POP2005":6465,"POP2010":6787,"POP2015":7229,"POP2020":7967,"POP2025":8795,"POP2050":9719,"MIN_ZOOM":3.7,"WIKIDATAID":"Q1355","WOF_ID":102030819,"CAPALT":0,"NAME_EN":"Bengaluru","NAME_DE":"Bengaluru","NAME_ES":"Bangalore","NAME_FR":"Bangalore","NAME_PT":"Bangalore","NAME_RU":"Бангалор","NAME_ZH":"班加罗尔","LABEL":null,"NAME_AR":"بنغالور","NAME_BN":"বেঙ্গালুরু","NAME_EL":"Μπανγκαλόρ","NAME_HI":"बंगलौर","NAME_HU":"Bengaluru","NAME_ID":"Bengaluru","NAME_IT":"Bangalore","NAME_JA":"バンガロール","NAME_KO":"벵갈루루","NAME_NL":"Bangalore","NAME_PL":"Bengaluru","NAME_SV":"Bangalore","NAME_TR":"Bangalore","NAME_VI":"Bengaluru","NE_ID":1159151543,"NAME_FA":"بنگلور","NAME_HE":"בנגלור","NAME_UK":"Бенгалуру","NAME_UR":"بنگلور","NAME_ZHT":"邦加羅爾","GEONAMESID":1277333,"FCLASS_ISO":null,"FCLASS_US":null,"FCLASS_FR":null,"FCLASS_RU":null,"FCLASS_ES":null,"FCLASS_CN":null,"FCLASS_TW":null,"FCLASS_IN":null,"FCLASS_NP":null,"FCLASS_PK":null,"FCLASS_DE":null,"FCLASS_GB":null,"FCLASS_BR":null,"FCLASS_IL":null,"FCLASS_PS":null,"FCLASS_SA":null,"FCLASS_EG":null,"FCLASS_MA":null,"FCLASS_PT":null,"FCLASS_AR":null,"FCLASS_JP":null,"FCLASS_KO":null,"FCLASS_VN":null,"FCLASS_TR":null,"FCLASS_ID":null,"FCLASS_PL":null,"FCLASS_GR":null,"FCLASS_IT":null,"FCLASS_NL":null,"FCLASS_SE":null,"FCLASS_BD":null,"FCLASS_UA":null,"FCLASS_TLC":null},"bbox":[77.558064,12.971941,77.558064,12.971941],"geometry":{"type":"Point","coordinates":[77.558064,12.971941]}},{"type":"Feature","properties":{"SCALERANK":0,"NATSCALE":600,"LABELRANK":1,"FEATURECLA":"Admin-0 capital","NAME":"Beijing","NAMEPAR":null,"NAMEALT":null,"NAMEASCII":"Beijing","ADM0CAP":1,"CAPIN":null,"WORLDCITY":1,"MEGACITY":1,"SOV0NAME":"China","SOV_A3":"CHN","ADM0NAME":"China","ADM0_A3":"CHN","ADM1NAME":"Beijing","ISO_A2":"CN","NOTE":null,"LATITUDE":39.930838,"LONGITUDE":116.38634,"POP_MAX":11106000,"POP_MIN":7480601,"POP_OTHER":9033231,"RANK_MAX":14,"RANK_MIN":13,"MEGANAME":"Beijing","LS_NAME":"Beijing","MAX_POP10":10190861,"MAX_POP20":11120470,"MAX_POP50":16510327,"MAX_POP300":23647944,"MAX_POP310":137121250,"MAX_NATSCA":300,"MIN_AREAKM":2512,"MAX_AREAKM":118844,"MIN_AREAMI":970,"MAX_AREAMI":45886,"MIN_PERKM":1837,"MAX_PERKM":93615,"MIN_PERMI":1141,"MAX_PERMI":58169,"MIN_BBXMIN":111.441667,"MAX_BBXMIN":116.058333,"MIN_BBXMAX":117.208333,"MAX_BBXMAX":117.325,"MIN_BBYMIN":31.883333,"MAX_BBYMIN":39.658333,"MIN_BBYMAX":40.433333,"MAX_BBYMAX":40.466667,"MEAN_BBXC":115.929521,"MEAN_BBYC":38.837783,"TIMEZONE":"Asia/Harbin","UN_FID":24,"POP1950":4331,"POP1955":4628,"POP1960":4945,"POP1965":5284,"POP1970":5646,"POP1975":6034,"POP1980":6448,"POP1985":6890,"POP1990":7362,"POP1995":8486,"POP2000":9782,"POP2005":10717,"POP2010":11106,"POP2015":11741,"POP2020":12842,"POP2025":13807,"POP2050":14545,"MIN_ZOOM":1.7,"WIKIDATAID":"Q956","WOF_ID":102027745,"CAPALT":0,"NAME_EN":"Beijing","NAME_DE":"Peking","NAME_ES":"Pekín","NAME_FR":"Pékin","NAME_PT":"Pequim","NAME_RU":"Пекин","NAME_ZH":"北京","LABEL":null,"NAME_AR":"بكين","NAME_BN":"বেইজিং","NAME_EL":"Πεκίνο","NAME_HI":"बीजिंग","NAME_HU":"Peking","NAME_ID":"Beijing","NAME_IT":"Pechino","NAME_JA":"北京市","NAME_KO":"베이징시","NAME_NL":"Peking","NAME_PL":"Pekin","NAME_SV":"Peking","NAME_TR":"Pekin","NAME_VI":"Bắc Kinh","NE_ID":1159151595,"NAME_FA":"پکن","NAME_HE":"בייג'ינג","NAME_UK":"Пекін","NAME_UR":"بیجنگ","NAME_ZHT":"北京市","GEONAMESID":1816670,"FCLASS_ISO":null,"FCLASS_US":null,"FCLASS_FR":null,"FCLASS_RU":null,"FCLASS_ES":null,"FCLASS_CN":null,"FCLASS_TW":null,"FCLASS_IN":null,"FCLASS_NP":null,"FCLASS_PK":null,"FCLASS_DE":null,"FCLASS_GB":null,"FCLASS_BR":null,"FCLASS_IL":null,"FCLASS_PS":null,"FCLASS_SA":null,"FCLASS_EG":null,"FCLASS_MA":null,"FCLASS_PT":null,"FCLASS_AR":null,"FCLASS_JP":null,"FCLASS_KO":null,"FCLASS_VN":null,"FCLASS_TR":null,"FCLASS_ID":null,"FCLASS_PL":null,"FCLASS_GR":null,"FCLASS_IT":null,"FCLASS_NL":null,"FCLASS_SE":null,"FCLASS_BD":null,"FCLASS_UA":null,"FCLASS_TLC":null},"bbox":[116.394201,39.90172,116.394201,39.90172],"geometry":{"type":"Point","coordinates":[116.394201,39.90172]}},{"type":"Feature","properties":{"SCALERANK":0,"NATSCALE":600,"LABELRANK":1,"FEATURECLA":"Admin-1 capital","NAME":"Shanghai","NAMEPAR":null,"NAMEALT":null,"NAMEASCII":"Shanghai","ADM0CAP":0,"CAPIN":null,"WORLDCITY":1,"MEGACITY":1,"SOV0NAME":"China","SOV_A3":"CHN","ADM0NAME":"China","ADM0_A3":"CHN","ADM1NAME":"Shanghai","ISO_A2":"CN","NOTE":null,"LATITUDE":31.218398,"LONGITUDE":121.434559,"POP_MAX":14987000,"POP_MIN":14608512,"POP_OTHER":16803572,"RANK_MAX":14,"RANK_MIN":14,"MEGANAME":"Shanghai","LS_NAME":"Shanghai","MAX_POP10":16172884,"MAX_POP20":16172884,"MAX_POP50":26630672,"MAX_POP300":26631586,"MAX_POP310":40576904,"MAX_NATSCA":300,"MIN_AREAKM":3792,"MAX_AREAKM":16400,"MIN_AREAMI":1464,"MAX_AREAMI":6332,"MIN_PERKM":2219,"MAX_PERKM":12342,"MIN_PERMI":1379,"MAX_PERMI":7669,"MIN_BBXMIN":119.016667,"MAX_BBXMIN":121.013757,"MIN_BBXMAX":121.9,"MAX_BBXMAX":121.9,"MIN_BBYMIN":30.191667,"MAX_BBYMIN":30.7,"MIN_BBYMAX":31.65,"MAX_BBYMAX":32.308333,"MEAN_BBXC":121.053901,"MEAN_BBYC":31.253289,"TIMEZONE":"Asia/Shanghai","UN_FID":98,"POP1950":6066,"POP1955":6299,"POP1960":6542,"POP1965":6793,"POP1970":7055,"POP1975":7326,"POP1980":7608,"POP1985":7901,"POP1990":8205,"POP1995":10423,"POP2000":13243,"POP2005":14503,"POP2010":14987,"POP2015":15789,"POP2020":17214,"POP2025":18466,"POP2050":19412,"MIN_ZOOM":2,"WIKIDATAID":"Q8686","WOF_ID":102027181,"CAPALT":0,"NAME_EN":"Shanghai","NAME_DE":"Shanghai","NAME_ES":"Shanghái","NAME_FR":"Shanghai","NAME_PT":"Xangai","NAME_RU":"Шанхай","NAME_ZH":"上海","LABEL":null,"NAME_AR":"شانغهاي","NAME_BN":"সাংহাই","NAME_EL":"Σαγκάη","NAME_HI":"शंघाई","NAME_HU":"Sanghaj","NAME_ID":"Shanghai","NAME_IT":"Shanghai","NAME_JA":"上海市","NAME_KO":"상하이시","NAME_NL":"Shanghai","NAME_PL":"Szanghaj","NAME_SV":"Shanghai","NAME_TR":"Şanghay","NAME_VI":"Thượng Hải","NE_ID":1159151605,"NAME_FA":"شانگهای","NAME_HE":"שאנגחאי","NAME_UK":"Шанхай","NAME_UR":"شنگھائی","NAME_ZHT":"上海市","GEONAMESID":1796236,"FCLASS_ISO":null,"FCLASS_US":null,"FCLASS_FR":null,"FCLASS_RU":null,"FCLASS_ES":null,"FCLASS_CN":null,"FCLASS_TW":null,"FCLASS_IN":null,"FCLASS_NP":null,"FCLASS_PK":null,"FCLASS_DE":null,"FCLASS_GB":null,"FCLASS_BR":null,"FCLASS_IL":null,"FCLASS_PS":null,"FCLASS_SA":null,"FCLASS_EG":null,"FCLASS_MA":null,"FCLASS_PT":null,"FCLASS_AR":null,"FCLASS_JP":null,"FCLASS_KO":null,"FCLASS_VN":null,"FCLASS_TR":null,"FCLASS_ID":null,"FCLASS_PL":null,"FCLASS_GR":null,"FCLASS_IT":null,"FCLASS_NL":null,"FCLASS_SE":null,"FCLASS_BD":null,"FCLASS_UA":null,"FCLASS_TLC":null},"bbox":[121.434559,31.218398,121.434559,31.218398],"geometry":{"type":"Point","coordinates":[121.434559,31.218398]}},{"type":"Feature","properties":{"SCALERANK":0,"NATSCALE":600,"LABELRANK":1,"FEATURECLA":"Admin-1 capital","NAME":"Mumbai","NAMEPAR":"Bombay","NAMEALT":null,"NAMEASCII":"Mumbai","ADM0CAP":0,"CAPIN":null,"WORLDCITY":1,"MEGACITY":1,"SOV0NAME":"India","SOV_A3":"IND","ADM0NAME":"India","ADM0_A3":"IND","ADM1NAME":"Maharashtra","ISO_A2":"IN","NOTE":null,"LATITUDE":19.018936,"LONGITUDE":72.855043,"POP_MAX":18978000,"POP_MIN":12691836,"POP_OTHER":12426085,"RANK_MAX":14,"RANK_MIN":14,"MEGANAME":"Mumbai","LS_NAME":"Mumbai","MAX_POP10":12814908,"MAX_POP20":20149761,"MAX_POP50":20149761,"MAX_POP300":20149761,"MAX_POP310":20149761,"MAX_NATSCA":300,"MIN_AREAKM":442,"MAX_AREAKM":1479,"MIN_AREAMI":171,"MAX_AREAMI":571,"MIN_PERKM":244,"MAX_PERKM":1021,"MIN_PERMI":152,"MAX_PERMI":634,"MIN_BBXMIN":72.758333,"MAX_BBXMIN":72.775,"MIN_BBXMAX":72.983154,"MAX_BBXMAX":73.266667,"MIN_BBYMIN":18.891667,"MAX_BBYMIN":18.891667,"MIN_BBYMAX":19.308333,"MAX_BBYMAX":19.491667,"MEAN_BBXC":72.959776,"MEAN_BBYC":19.189154,"TIMEZONE":"Asia/Kolkata","UN_FID":253,"POP1950":2857,"POP1955":3432,"POP1960":4060,"POP1965":4854,"POP1970":5811,"POP1975":7082,"POP1980":8658,"POP1985":10341,"POP1990":12308,"POP1995":14111,"POP2000":16086,"POP2005":18202,"POP2010":18978,"POP2015":20072,"POP2020":21946,"POP2025":24051,"POP2050":26385,"MIN_ZOOM":1.7,"WIKIDATAID":"Q1156","WOF_ID":102030609,"CAPALT":0,"NAME_EN":"Mumbai","NAME_DE":"Mumbai","NAME_ES":"Bombay","NAME_FR":"Bombay","NAME_PT":"Bombaim","NAME_RU":"Мумбаи","NAME_ZH":"孟买","LABEL":null,"NAME_AR":"مومباي","NAME_BN":"মুম্বই","NAME_EL":"Μουμπάι","NAME_HI":"मुम्बई","NAME_HU":"Mumbai","NAME_ID":"Mumbai","NAME_IT":"Mumbai","NAME_JA":"ムンバイ","NAME_KO":"뭄바이","NAME_NL":"Bombay","NAME_PL":"Mumbaj","NAME_SV":"Bombay","NAME_TR":"Mumbai","NAME_VI":"Mumbai","NE_ID":1159151611,"NAME_FA":"بمبئی","NAME_HE":"מומבאי","NAME_UK":"Мумбаї","NAME_UR":"ممبئی","NAME_ZHT":"孟買","GEONAMESID":1275339,"FCLASS_ISO":null,"FCLASS_US":null,"FCLASS_FR":null,"FCLASS_RU":null,"FCLASS_ES":null,"FCLASS_CN":null,"FCLASS_TW":null,"FCLASS_IN":null,"FCLASS_NP":null,"FCLASS_PK":null,"FCLASS_DE":null,"FCLASS_GB":null,"FCLASS_BR":null,"FCLASS_IL":null,"FCLASS_PS":null,"FCLASS_SA":null,"FCLASS_EG":null,"FCLASS_MA":null,"FCLASS_PT":null,"FCLASS_AR":null,"FCLASS_JP":null,"FCLASS_KO":null,"FCLASS_VN":null,"FCLASS_TR":null,"FCLASS_ID":null,"FCLASS_PL":null,"FCLASS_GR":null,"FCLASS_IT":null,"FCLASS_NL":null,"FCLASS_SE":null,"FCLASS_BD":null,"FCLASS_UA":null,"FCLASS_TLC":null},"bbox":[72.875839,19.068408,72.875839,19.068408],"geometry":{"type":"Point","coordinates":[72.875839,19.068408]}},{"type":"Feature","properties":{"SCALERANK":0,"NATSCALE":600,"LABELRANK":1,"FEATURECLA":"Admin-1 capital","NAME":"Kolkata","NAMEPAR":"Calcutta","NAMEALT":null,"NAMEASCII":"Kolkata","ADM0CAP":0,"CAPIN":null,"WORLDCITY":0,"MEGACITY":1,"SOV0NAME":"India","SOV_A3":"IND","ADM0NAME":"India","ADM0_A3":"IND","ADM1NAME":"West Bengal","ISO_A2":"IN","NOTE":null,"LATITUDE":22.496915,"LONGITUDE":88.32273,"POP_MAX":14787000,"POP_MIN":4631392,"POP_OTHER":7783716,"RANK_MAX":14,"RANK_MIN":12,"MEGANAME":"Kolkata","LS_NAME":"Calcutta","MAX_POP10":8143162,"MAX_POP20":18577087,"MAX_POP50":48715672,"MAX_POP300":87652060,"MAX_POP310":0,"MAX_NATSCA":100,"MIN_AREAKM":2490,"MAX_AREAKM":53331,"MIN_AREAMI":962,"MAX_AREAMI":20591,"MIN_PERKM":0,"MAX_PERKM":35493,"MIN_PERMI":0,"MAX_PERMI":22054,"MIN_BBXMIN":85.483333,"MAX_BBXMIN":87.714444,"MIN_BBXMAX":88.85,"MAX_BBXMAX":89.455426,"MIN_BBYMIN":19.866667,"MAX_BBYMIN":22.056849,"MIN_BBYMAX":22.575491,"MAX_BBYMAX":25.259961,"MEAN_BBXC":88.040398,"MEAN_BBYC":22.616509,"TIMEZONE":"Asia/Kolkata","UN_FID":245,"POP1950":4513,"POP1955":5055,"POP1960":5652,"POP1965":6261,"POP1970":6926,"POP1975":7888,"POP1980":9030,"POP1985":9946,"POP1990":10890,"POP1995":11924,"POP2000":13058,"POP2005":14282,"POP2010":14787,"POP2015":15577,"POP2020":17039,"POP2025":18707,"POP2050":20560,"MIN_ZOOM":3.7,"WIKIDATAID":"Q1348","WOF_ID":102030585,"CAPALT":0,"NAME_EN":"Kolkata","NAME_DE":"Kalkutta","NAME_ES":"Calcuta","NAME_FR":"Calcutta","NAME_PT":"Calcutá","NAME_RU":"Калькутта","NAME_ZH":"加尔各答","LABEL":null,"NAME_AR":"كلكتا","NAME_BN":"কলকাতা","NAME_EL":"Καλκούτα","NAME_HI":"कोलकाता","NAME_HU":"Kolkata","NAME_ID":"Kolkata","NAME_IT":"Calcutta","NAME_JA":"コルカタ","NAME_KO":"콜카타","NAME_NL":"Calcutta","NAME_PL":"Kolkata","NAME_SV":"Calcutta","NAME_TR":"Kalküta","NAME_VI":"Kolkata","NE_ID":1159151617,"NAME_FA":"کلکته","NAME_HE":"קולקטה","NAME_UK":"Колката","NAME_UR":"کولکاتا","NAME_ZHT":"加爾各答","GEONAMESID":1275004,"FCLASS_ISO":null,"FCLASS_US":null,"FCLASS_FR":null,"FCLASS_RU":null,"FCLASS_ES":null,"FCLASS_CN":null,"FCLASS_TW":null,"FCLASS_IN":null,"FCLASS_NP":null,"FCLASS_PK":null,"FCLASS_DE":null,"FCLASS_GB":null,"FCLASS_BR":null,"FCLASS_IL":null,"FCLASS_PS":null,"FCLASS_SA":null,"FCLASS_EG":null,"FCLASS_MA":null,"FCLASS_PT":null,"FCLASS_AR":null,"FCLASS_JP":null,"FCLASS_KO":null,"FCLASS_VN":null,"FCLASS_TR":null,"FCLASS_ID":null,"FCLASS_PL":null,"FCLASS_GR":null,"FCLASS_IT":null,"FCLASS_NL":null,"FCLASS_SE":null,"FCLASS_BD":null,"FCLASS_UA":null,"FCLASS_TLC":null},"bbox":[88.369126,22.569579,88.369126,22.569579],"geometry":{"type":"Point","coordinates":[88.369126,22.569579]}},{"type":"Feature","properties":{"SCALERANK":4,"NATSCALE":50,"LABELRANK":2,"FEATURECLA":"Admin-1 capital","NAME":"Leh","NAMEPAR":null,"NAMEALT":null,"NAMEASCII":"Leh","ADM0CAP":0,"CAPIN":null,"WORLDCITY":0,"MEGACITY":0,"SOV0NAME":"India","SOV_A3":"IND","ADM0NAME":"India","ADM0_A3":"IND","ADM1NAME":"Ladakh","ISO_A2":"IN","NOTE":null,"LATITUDE":34.161559,"LONGITUDE":77.572291,"POP_MAX":30870,"POP_MIN":30870,"POP_OTHER":30870,"RANK_MAX":7,"RANK_MIN":7,"MEGANAME":null,"LS_NAME":null,"MAX_POP10":null,"MAX_POP20":null,"MAX_POP50":null,"MAX_POP300":null,"MAX_POP310":null,"MAX_NATSCA":null,"MIN_AREAKM":null,"MAX_AREAKM":null,"MIN_AREAMI":null,"MAX_AREAMI":null,"MIN_PERKM":null,"MAX_PERKM":null,"MIN_PERMI":null,"MAX_PERMI":null,"MIN_BBXMIN":null,"MAX_BBXMIN":null,"MIN_BBXMAX":null,"MAX_BBXMAX":null,"MIN_BBYMIN":null,"MAX_BBYMIN":null,"MIN_BBYMAX":null,"MAX_BBYMAX":null,"MEAN_BBXC":null,"MEAN_BBYC":null,"TIMEZONE":"Asia/Kolkata","UN_FID":null,"POP1950":null,"POP1955":null,"POP1960":null,"POP1965":null,"POP1970":null,"POP1975":null,"POP1980":null,"POP1985":null,"POP1990":null,"POP1995":null,"POP2000":null,"POP2005":null,"POP2010":null,"POP2015":null,"POP2020":null,"POP2025":null,"POP2050":null,"MIN_ZOOM":5.6,"WIKIDATAID":"Q230818","WOF_ID":102029575,"CAPALT":0,"NAME_EN":"Leh","NAME_DE":"Leh","NAME_ES":"Leh","NAME_FR":"Leh","NAME_PT":"Leh","NAME_RU":"Лех","NAME_ZH":"莱镇","LABEL":null,"NAME_AR":"لياه","NAME_BN":"লেহ","NAME_EL":"Λε","NAME_HI":"लेह","NAME_HU":"Leh","NAME_ID":"Leh","NAME_IT":"Leh","NAME_JA":"レー","NAME_KO":"레","NAME_NL":"Leh","NAME_PL":"Leh","NAME_SV":"Leh","NAME_TR":"Leh","NAME_VI":"Leh","NE_ID":1730025033,"NAME_FA":"له","NAME_HE":"לה","NAME_UK":"Лех","NAME_UR":"لیہہ","NAME_ZHT":"萊鎮","GEONAMESID":null,"FCLASS_ISO":null,"FCLASS_US":null,"FCLASS_FR":null,"FCLASS_RU":null,"FCLASS_ES":null,"FCLASS_CN":null,"FCLASS_TW":null,"FCLASS_IN":null,"FCLASS_NP":null,"FCLASS_PK":"Populated place","FCLASS_DE":null,"FCLASS_GB":null,"FCLASS_BR":null,"FCLASS_IL":null,"FCLASS_PS":null,"FCLASS_SA":null,"FCLASS_EG":null,"FCLASS_MA":null,"FCLASS_PT":null,"FCLASS_AR":null,"FCLASS_JP":null,"FCLASS_KO":null,"FCLASS_VN":null,"FCLASS_TR":null,"FCLASS_ID":null,"FCLASS_PL":null,"FCLASS_GR":null,"FCLASS_IT":null,"FCLASS_NL":null,"FCLASS_SE":null,"FCLASS_BD":null,"FCLASS_UA":null,"FCLASS_TLC":null},"bbox":[77.572291,34.161559,77.572291,34.161559],"geometry":{"type":"Point","coordinates":[77.572291,34.161559]}},{"type":"Feature","properties":{"SCALERANK":4,"NATSCALE":50,"LABELRANK":50,"FEATURECLA":"Admin-1 capital","NAME":"Amaravati","NAMEPAR":null,"NAMEALT":null,"NAMEASCII":"Amaravati","ADM0CAP":0,"CAPIN":null,"WORLDCITY":0,"MEGACITY":0,"SOV0NAME":"India","SOV_A3":"IND","ADM0NAME":"India","ADM0_A3":"IND","ADM1NAME":"Andhra Pradesh","ISO_A2":"IN","NOTE":null,"LATITUDE":16.533658,"LONGITUDE":80.52432,"POP_MAX":5800000,"POP_MIN":103000,"POP_OTHER":null,"RANK_MAX":13,"RANK_MIN":9,"MEGANAME":null,"LS_NAME":null,"MAX_POP10":null,"MAX_POP20":null,"MAX_POP50":null,"MAX_POP300":null,"MAX_POP310":null,"MAX_NATSCA":null,"MIN_AREAKM":null,"MAX_AREAKM":null,"MIN_AREAMI":null,"MAX_AREAMI":null,"MIN_PERKM":null,"MAX_PERKM":null,"MIN_PERMI":null,"MAX_PERMI":null,"MIN_BBXMIN":null,"MAX_BBXMIN":null,"MIN_BBXMAX":null,"MAX_BBXMAX":null,"MIN_BBYMIN":null,"MAX_BBYMIN":null,"MIN_BBYMAX":null,"MAX_BBYMAX":null,"MEAN_BBXC":null,"MEAN_BBYC":null,"TIMEZONE":"Asia/Kolkata","UN_FID":null,"POP1950":null,"POP1955":null,"POP1960":null,"POP1965":null,"POP1970":null,"POP1975":null,"POP1980":null,"POP1985":null,"POP1990":null,"POP1995":null,"POP2000":null,"POP2005":null,"POP2010":null,"POP2015":null,"POP2020":null,"POP2025":null,"POP2050":null,"MIN_ZOOM":5.6,"WIKIDATAID":"Q19881964","WOF_ID":1226350405,"CAPALT":0,"NAME_EN":"Amaravati","NAME_DE":"Amaravati","NAME_ES":"Amaravati","NAME_FR":"Amaravati","NAME_PT":"Amaravati","NAME_RU":"Амаравати","NAME_ZH":"阿马拉瓦蒂","LABEL":null,"NAME_AR":"أمراوتي","NAME_BN":"অমরাবতী","NAME_EL":"Αμαραβάτι","NAME_HI":"अमरावती","NAME_HU":"Amrávati","NAME_ID":"Amaravati","NAME_IT":"Amaravati","NAME_JA":"アマラーヴァティー","NAME_KO":"아마라바티","NAME_NL":"Amaravati","NAME_PL":"Amaravati","NAME_SV":"Amaravati","NAME_TR":"Amaravati","NAME_VI":"Amaravati","NE_ID":1730025037,"NAME_FA":"امارواتی","NAME_HE":"אמרוואטי","NAME_UK":"Амараваті","NAME_UR":"امراوتی","NAME_ZHT":"阿摩羅波胝","GEONAMESID":null,"FCLASS_ISO":null,"FCLASS_US":null,"FCLASS_FR":null,"FCLASS_RU":null,"FCLASS_ES":null,"FCLASS_CN":null,"FCLASS_TW":null,"FCLASS_IN":null,"FCLASS_NP":null,"FCLASS_PK":null,"FCLASS_DE":null,"FCLASS_GB":null,"FCLASS_BR":null,"FCLASS_IL":null,"FCLASS_PS":null,"FCLASS_SA":null,"FCLASS_EG":null,"FCLASS_MA":null,"FCLASS_PT":null,"FCLASS_AR":null,"FCLASS_JP":null,"FCLASS_KO":null,"FCLASS_VN":null,"FCLASS_TR":null,"FCLASS_ID":null,"FCLASS_PL":null,"FCLASS_GR":null,"FCLASS_IT":null,"FCLASS_NL":null,"FCLASS_SE":null,"FCLASS_BD":null,"FCLASS_UA":null,"FCLASS_TLC":null},"bbox":[80.52432,16.533658,80.52432,16.533658],"geometry":{"type":"Point","coordinates":[80.52432,16.533658]}}]}